{
  "type": "FeatureCollection",
  "features": [
    {
      "type": "Feature",
      "properties": {
        "geometryRef": "igoumenitsa-neochori",
        "_source": "OSM"
      },
      "geometry": {
        "type": "LineString",
        "coordinates": [
          [
            20.25949,
            39.485706
          ],
          [
            20.266668,
            39.486511
          ],
          [
            20.267501,
            39.486756
          ],
          [
            20.270342,
            39.488013
          ],
          [
            20.272197,
            39.488397
          ],
          [
            20.276314,
            39.488905
          ],
          [
            20.277666,
            39.489001
          ],
          [
            20.278962,
            39.488912
          ],
          [
            20.280392,
            39.488602
          ],
          [
            20.282094,
            39.487862
          ],
          [
            20.286385,
            39.485459
          ],
          [
            20.287119,
            39.485113
          ],
          [
            20.288462,
            39.484732
          ],
          [
            20.294482,
            39.483579
          ],
          [
            20.295945,
            39.483143
          ],
          [
            20.297627,
            39.482454
          ],
          [
            20.306341,
            39.478342
          ],
          [
            20.307157,
            39.478037
          ],
          [
            20.308783,
            39.477692
          ],
          [
            20.311931,
            39.477448
          ],
          [
            20.313146,
            39.477109
          ],
          [
            20.313973,
            39.476775
          ],
          [
            20.318757,
            39.47426
          ],
          [
            20.324361,
            39.471974
          ],
          [
            20.325181,
            39.471437
          ],
          [
            20.326071,
            39.47057
          ],
          [
            20.327735,
            39.468057
          ],
          [
            20.328262,
            39.467389
          ],
          [
            20.333868,
            39.462071
          ],
          [
            20.337234,
            39.459405
          ],
          [
            20.339523,
            39.456867
          ],
          [
            20.342658,
            39.453929
          ],
          [
            20.344135,
            39.452908
          ],
          [
            20.345437,
            39.452258
          ],
          [
            20.3471,
            39.451685
          ],
          [
            20.349115,
            39.451333
          ],
          [
            20.350218,
            39.451271
          ],
          [
            20.355846,
            39.45131
          ],
          [
            20.35743,
            39.451089
          ],
          [
            20.358541,
            39.450728
          ],
          [
            20.36023,
            39.449867
          ],
          [
            20.361362,
            39.449436
          ],
          [
            20.362259,
            39.449215
          ],
          [
            20.364254,
            39.449032
          ],
          [
            20.365011,
            39.448882
          ],
          [
            20.367258,
            39.447908
          ],
          [
            20.370242,
            39.447071
          ],
          [
            20.373665,
            39.445009
          ],
          [
            20.375101,
            39.444486
          ],
          [
            20.376135,
            39.44428
          ],
          [
            20.377463,
            39.444229
          ],
          [
            20.381701,
            39.444683
          ],
          [
            20.383195,
            39.444612
          ],
          [
            20.384439,
            39.444287
          ],
          [
            20.385016,
            39.444049
          ],
          [
            20.389411,
            39.441961
          ],
          [
            20.391054,
            39.441546
          ],
          [
            20.39271,
            39.441455
          ],
          [
            20.39433,
            39.441739
          ],
          [
            20.408132,
            39.4456
          ],
          [
            20.409533,
            39.446129
          ],
          [
            20.410728,
            39.44679
          ],
          [
            20.411578,
            39.447424
          ],
          [
            20.412388,
            39.44822
          ],
          [
            20.416694,
            39.455365
          ],
          [
            20.417088,
            39.455924
          ],
          [
            20.417848,
            39.456741
          ],
          [
            20.41902,
            39.457717
          ],
          [
            20.420102,
            39.458425
          ],
          [
            20.421892,
            39.459228
          ],
          [
            20.425276,
            39.460553
          ],
          [
            20.426638,
            39.461354
          ],
          [
            20.427547,
            39.462035
          ],
          [
            20.428655,
            39.463106
          ],
          [
            20.429378,
            39.46405
          ],
          [
            20.431753,
            39.467822
          ],
          [
            20.432699,
            39.468925
          ],
          [
            20.433628,
            39.469774
          ],
          [
            20.437968,
            39.472997
          ],
          [
            20.438743,
            39.473671
          ],
          [
            20.440013,
            39.474993
          ],
          [
            20.444746,
            39.48038
          ],
          [
            20.445461,
            39.481297
          ],
          [
            20.445998,
            39.482206
          ],
          [
            20.446391,
            39.48317
          ],
          [
            20.446666,
            39.484592
          ],
          [
            20.446605,
            39.485913
          ],
          [
            20.44636,
            39.486892
          ],
          [
            20.445994,
            39.487814
          ],
          [
            20.445403,
            39.4888
          ],
          [
            20.444669,
            39.489693
          ],
          [
            20.443813,
            39.490499
          ],
          [
            20.441093,
            39.492378
          ]
        ]
      }
    },
    {
      "type": "Feature",
      "properties": {
        "geometryRef": "neochori-eleftherochori",
        "_source": "OSM"
      },
      "geometry": {
        "type": "LineString",
        "coordinates": [
          [
            20.441093,
            39.492378
          ],
          [
            20.440283,
            39.493181
          ],
          [
            20.439528,
            39.494363
          ],
          [
            20.438722,
            39.496689
          ],
          [
            20.437075,
            39.499374
          ],
          [
            20.43688,
            39.500037
          ],
          [
            20.436825,
            39.500738
          ],
          [
            20.43699,
            39.501568
          ],
          [
            20.437334,
            39.502364
          ],
          [
            20.437714,
            39.502902
          ],
          [
            20.43818,
            39.503318
          ],
          [
            20.438959,
            39.503844
          ],
          [
            20.439867,
            39.504259
          ],
          [
            20.440921,
            39.504542
          ],
          [
            20.441697,
            39.504618
          ],
          [
            20.443005,
            39.504577
          ],
          [
            20.44432,
            39.504255
          ],
          [
            20.44506,
            39.50392
          ],
          [
            20.44755,
            39.502317
          ],
          [
            20.448711,
            39.50175
          ],
          [
            20.454752,
            39.499967
          ],
          [
            20.457179,
            39.498922
          ],
          [
            20.460617,
            39.497805
          ],
          [
            20.461976,
            39.497259
          ],
          [
            20.46457,
            39.495824
          ],
          [
            20.465514,
            39.4954
          ],
          [
            20.466757,
            39.495053
          ],
          [
            20.469328,
            39.494603
          ],
          [
            20.471036,
            39.494143
          ],
          [
            20.472632,
            39.493558
          ],
          [
            20.47711,
            39.491501
          ],
          [
            20.478447,
            39.490957
          ],
          [
            20.480069,
            39.490464
          ],
          [
            20.4822,
            39.490057
          ],
          [
            20.483711,
            39.489984
          ],
          [
            20.485061,
            39.490048
          ],
          [
            20.492213,
            39.491478
          ],
          [
            20.493661,
            39.491643
          ],
          [
            20.49659,
            39.49183
          ],
          [
            20.497631,
            39.491989
          ],
          [
            20.500488,
            39.492885
          ],
          [
            20.504052,
            39.493858
          ],
          [
            20.505861,
            39.494194
          ],
          [
            20.507054,
            39.494316
          ],
          [
            20.50894,
            39.494235
          ],
          [
            20.512877,
            39.493628
          ],
          [
            20.515605,
            39.493289
          ],
          [
            20.518227,
            39.493224
          ],
          [
            20.519266,
            39.493307
          ],
          [
            20.52109,
            39.493712
          ],
          [
            20.528907,
            39.495873
          ],
          [
            20.53034,
            39.495996
          ],
          [
            20.533137,
            39.495931
          ],
          [
            20.534219,
            39.496015
          ],
          [
            20.53561,
            39.496372
          ],
          [
            20.536761,
            39.496928
          ]
        ]
      }
    },
    {
      "type": "Feature",
      "properties": {
        "geometryRef": "eleftherochori-tyria",
        "_source": "OSM"
      },
      "geometry": {
        "type": "LineString",
        "coordinates": [
          [
            20.536761,
            39.496928
          ],
          [
            20.537647,
            39.497576
          ],
          [
            20.539171,
            39.499003
          ],
          [
            20.540074,
            39.499639
          ],
          [
            20.541048,
            39.50014
          ],
          [
            20.542301,
            39.5006
          ],
          [
            20.542974,
            39.500763
          ],
          [
            20.544013,
            39.500928
          ],
          [
            20.54725,
            39.501218
          ],
          [
            20.548897,
            39.50164
          ],
          [
            20.550207,
            39.502316
          ],
          [
            20.554326,
            39.505183
          ],
          [
            20.555132,
            39.505621
          ],
          [
            20.55596,
            39.505953
          ],
          [
            20.562306,
            39.50796
          ],
          [
            20.56379,
            39.508155
          ],
          [
            20.568839,
            39.508357
          ],
          [
            20.570078,
            39.50847
          ],
          [
            20.571048,
            39.508677
          ],
          [
            20.572209,
            39.509063
          ],
          [
            20.572961,
            39.509388
          ],
          [
            20.573695,
            39.509818
          ],
          [
            20.574706,
            39.510631
          ],
          [
            20.576027,
            39.512313
          ],
          [
            20.576997,
            39.513304
          ],
          [
            20.578337,
            39.514422
          ],
          [
            20.580123,
            39.515729
          ],
          [
            20.581053,
            39.516577
          ],
          [
            20.584102,
            39.519825
          ],
          [
            20.584655,
            39.520605
          ],
          [
            20.585181,
            39.521916
          ],
          [
            20.585341,
            39.523186
          ],
          [
            20.585163,
            39.524454
          ],
          [
            20.584433,
            39.52673
          ],
          [
            20.584386,
            39.527474
          ],
          [
            20.584474,
            39.528308
          ],
          [
            20.584798,
            39.529492
          ],
          [
            20.585257,
            39.530392
          ],
          [
            20.585775,
            39.531109
          ],
          [
            20.586908,
            39.532177
          ],
          [
            20.588021,
            39.532894
          ],
          [
            20.589032,
            39.533371
          ],
          [
            20.593884,
            39.535036
          ],
          [
            20.595462,
            39.53576
          ],
          [
            20.59648,
            39.536428
          ],
          [
            20.60416,
            39.542211
          ],
          [
            20.605357,
            39.542944
          ],
          [
            20.606662,
            39.543477
          ],
          [
            20.609664,
            39.544395
          ],
          [
            20.611252,
            39.545001
          ],
          [
            20.615075,
            39.546995
          ],
          [
            20.621043,
            39.549807
          ],
          [
            20.628183,
            39.553428
          ],
          [
            20.629763,
            39.554112
          ],
          [
            20.630616,
            39.554378
          ],
          [
            20.631753,
            39.554618
          ],
          [
            20.632783,
            39.554736
          ],
          [
            20.63377,
            39.554759
          ],
          [
            20.635048,
            39.554652
          ],
          [
            20.647036,
            39.552641
          ],
          [
            20.650159,
            39.552022
          ],
          [
            20.651621,
            39.55148
          ],
          [
            20.652609,
            39.550932
          ],
          [
            20.653303,
            39.550441
          ],
          [
            20.654044,
            39.54977
          ],
          [
            20.656875,
            39.546817
          ],
          [
            20.657891,
            39.546029
          ],
          [
            20.658539,
            39.545639
          ],
          [
            20.659956,
            39.545016
          ],
          [
            20.661386,
            39.544639
          ],
          [
            20.662762,
            39.544452
          ],
          [
            20.666335,
            39.544132
          ],
          [
            20.667251,
            39.543948
          ],
          [
            20.668345,
            39.543602
          ],
          [
            20.669802,
            39.542906
          ],
          [
            20.673837,
            39.540403
          ],
          [
            20.674337,
            39.540215
          ],
          [
            20.674712,
            39.539865
          ],
          [
            20.677235,
            39.538296
          ],
          [
            20.679094,
            39.537446
          ],
          [
            20.680374,
            39.537115
          ],
          [
            20.681893,
            39.536926
          ],
          [
            20.68314,
            39.536928
          ],
          [
            20.686076,
            39.537136
          ],
          [
            20.687538,
            39.537136
          ],
          [
            20.688733,
            39.537033
          ],
          [
            20.691992,
            39.536573
          ]
        ]
      }
    },
    {
      "type": "Feature",
      "properties": {
        "geometryRef": "tyria-dodoni",
        "_source": "OSM"
      },
      "geometry": {
        "type": "LineString",
        "coordinates": [
          [
            20.691992,
            39.536573
          ],
          [
            20.697831,
            39.535798
          ],
          [
            20.700821,
            39.53553
          ],
          [
            20.702513,
            39.535548
          ],
          [
            20.703894,
            39.535777
          ],
          [
            20.705799,
            39.536414
          ],
          [
            20.707315,
            39.537253
          ],
          [
            20.708427,
            39.538116
          ],
          [
            20.708974,
            39.538629
          ],
          [
            20.709537,
            39.539369
          ],
          [
            20.710074,
            39.540431
          ],
          [
            20.71027,
            39.541125
          ],
          [
            20.71028,
            39.541828
          ],
          [
            20.70886,
            39.549803
          ],
          [
            20.7088,
            39.550694
          ],
          [
            20.708908,
            39.551623
          ],
          [
            20.709155,
            39.552537
          ],
          [
            20.709538,
            39.553422
          ],
          [
            20.710052,
            39.554267
          ],
          [
            20.711052,
            39.555434
          ],
          [
            20.712716,
            39.556788
          ],
          [
            20.715811,
            39.558603
          ],
          [
            20.717699,
            39.559939
          ],
          [
            20.720447,
            39.561393
          ],
          [
            20.721783,
            39.562326
          ],
          [
            20.724217,
            39.56441
          ],
          [
            20.727585,
            39.566676
          ],
          [
            20.729522,
            39.567796
          ],
          [
            20.730836,
            39.568318
          ],
          [
            20.732715,
            39.568677
          ],
          [
            20.734527,
            39.568711
          ],
          [
            20.736459,
            39.568596
          ],
          [
            20.741541,
            39.567922
          ],
          [
            20.743743,
            39.567832
          ],
          [
            20.745265,
            39.567918
          ],
          [
            20.749042,
            39.568361
          ],
          [
            20.749753,
            39.568371
          ],
          [
            20.751105,
            39.568209
          ],
          [
            20.752381,
            39.56781
          ],
          [
            20.753157,
            39.567417
          ],
          [
            20.753844,
            39.566941
          ],
          [
            20.75442,
            39.566397
          ],
          [
            20.754924,
            39.565708
          ],
          [
            20.755858,
            39.563404
          ],
          [
            20.756755,
            39.559747
          ],
          [
            20.757082,
            39.558954
          ],
          [
            20.75765,
            39.558058
          ],
          [
            20.758769,
            39.556952
          ],
          [
            20.759707,
            39.556343
          ],
          [
            20.761273,
            39.555694
          ],
          [
            20.762729,
            39.555368
          ],
          [
            20.764846,
            39.555247
          ],
          [
            20.767436,
            39.555363
          ],
          [
            20.768921,
            39.555634
          ],
          [
            20.770395,
            39.556175
          ],
          [
            20.771489,
            39.556799
          ],
          [
            20.772556,
            39.557671
          ],
          [
            20.776181,
            39.561719
          ]
        ]
      }
    },
    {
      "type": "Feature",
      "properties": {
        "geometryRef": "dodoni-pedini",
        "_source": "OSM"
      },
      "geometry": {
        "type": "LineString",
        "coordinates": [
          [
            20.776181,
            39.561719
          ],
          [
            20.779991,
            39.56598
          ],
          [
            20.780675,
            39.56658
          ],
          [
            20.781534,
            39.567185
          ],
          [
            20.818864,
            39.589161
          ]
        ]
      }
    },
    {
      "type": "Feature",
      "properties": {
        "geometryRef": "pedini-ioannina",
        "_source": "OSM"
      },
      "geometry": {
        "type": "LineString",
        "coordinates": [
          [
            20.818864,
            39.589161
          ],
          [
            20.820562,
            39.589973
          ],
          [
            20.822214,
            39.590483
          ],
          [
            20.823523,
            39.590736
          ],
          [
            20.826953,
            39.591089
          ],
          [
            20.829945,
            39.59196
          ],
          [
            20.83082,
            39.592141
          ],
          [
            20.832701,
            39.592284
          ],
          [
            20.836831,
            39.592019
          ],
          [
            20.838837,
            39.59213
          ],
          [
            20.840425,
            39.592442
          ],
          [
            20.845285,
            39.59413
          ],
          [
            20.847408,
            39.594692
          ],
          [
            20.848827,
            39.594804
          ],
          [
            20.856966,
            39.594777
          ],
          [
            20.858338,
            39.594832
          ],
          [
            20.859355,
            39.594959
          ],
          [
            20.860485,
            39.595214
          ],
          [
            20.861624,
            39.595606
          ],
          [
            20.8624,
            39.595964
          ]
        ]
      }
    },
    {
      "type": "Feature",
      "properties": {
        "geometryRef": "ioannina-arachthos-bridge",
        "_source": "OSM"
      },
      "geometry": {
        "type": "LineString",
        "coordinates": [
          [
            20.8624,
            39.595964
          ],
          [
            20.863193,
            39.59642
          ],
          [
            20.864339,
            39.59731
          ],
          [
            20.865053,
            39.598166
          ],
          [
            20.866668,
            39.600536
          ],
          [
            20.867263,
            39.601185
          ],
          [
            20.868165,
            39.601897
          ],
          [
            20.869465,
            39.602662
          ],
          [
            20.870213,
            39.602982
          ],
          [
            20.872004,
            39.603483
          ],
          [
            20.873325,
            39.60365
          ],
          [
            20.874585,
            39.603658
          ],
          [
            20.886999,
            39.603027
          ],
          [
            20.889488,
            39.602804
          ],
          [
            20.891086,
            39.602527
          ],
          [
            20.899279,
            39.600786
          ],
          [
            20.907298,
            39.599703
          ],
          [
            20.914364,
            39.59799
          ],
          [
            20.916544,
            39.597626
          ],
          [
            20.918137,
            39.597553
          ],
          [
            20.919755,
            39.597627
          ],
          [
            20.921027,
            39.597834
          ],
          [
            20.922448,
            39.598182
          ],
          [
            20.923691,
            39.598653
          ],
          [
            20.924965,
            39.599244
          ],
          [
            20.926237,
            39.600016
          ],
          [
            20.940197,
            39.610139
          ],
          [
            20.940771,
            39.610661
          ],
          [
            20.941592,
            39.611612
          ],
          [
            20.944022,
            39.615197
          ],
          [
            20.94493,
            39.616374
          ],
          [
            20.946581,
            39.617913
          ],
          [
            20.949302,
            39.619474
          ],
          [
            20.949851,
            39.619692
          ],
          [
            20.955068,
            39.622485
          ],
          [
            20.961958,
            39.627605
          ],
          [
            20.96282,
            39.628336
          ],
          [
            20.96342,
            39.629034
          ],
          [
            20.963695,
            39.629511
          ],
          [
            20.966212,
            39.635951
          ],
          [
            20.966427,
            39.636757
          ],
          [
            20.966406,
            39.637734
          ],
          [
            20.966197,
            39.638506
          ],
          [
            20.965781,
            39.639303
          ],
          [
            20.961317,
            39.6443
          ],
          [
            20.960395,
            39.645604
          ],
          [
            20.960075,
            39.646357
          ],
          [
            20.959058,
            39.649701
          ],
          [
            20.958937,
            39.650503
          ],
          [
            20.959007,
            39.651363
          ],
          [
            20.963742,
            39.667553
          ],
          [
            20.967487,
            39.69343
          ],
          [
            20.967854,
            39.694341
          ],
          [
            20.969525,
            39.696402
          ],
          [
            20.970016,
            39.697334
          ],
          [
            20.970239,
            39.698659
          ],
          [
            20.970284,
            39.703042
          ],
          [
            20.970384,
            39.704173
          ],
          [
            20.970677,
            39.704897
          ],
          [
            20.971116,
            39.705565
          ],
          [
            20.971683,
            39.706253
          ],
          [
            20.972217,
            39.706719
          ],
          [
            20.973079,
            39.707297
          ],
          [
            20.97746,
            39.709536
          ]
        ]
      }
    },
    {
      "type": "Feature",
      "properties": {
        "geometryRef": "arachthos-bridge",
        "_source": "OSM"
      },
      "geometry": {
        "type": "LineString",
        "coordinates": [
          [
            20.97746,
            39.709536
          ],
          [
            20.988209,
            39.715031
          ]
        ]
      }
    },
    {
      "type": "Feature",
      "properties": {
        "geometryRef": "arachthos-peristeri",
        "_source": "OSM"
      },
      "geometry": {
        "type": "LineString",
        "coordinates": [
          [
            20.988209,
            39.715031
          ],
          [
            20.990876,
            39.71637
          ],
          [
            20.993028,
            39.717282
          ],
          [
            20.99568,
            39.717953
          ],
          [
            20.996961,
            39.71813
          ],
          [
            20.998146,
            39.718192
          ],
          [
            21.000591,
            39.718105
          ],
          [
            21.002799,
            39.717712
          ],
          [
            21.004492,
            39.71722
          ],
          [
            21.009587,
            39.715367
          ],
          [
            21.010242,
            39.715183
          ],
          [
            21.01141,
            39.714984
          ],
          [
            21.012683,
            39.71489
          ],
          [
            21.014675,
            39.71494
          ],
          [
            21.016149,
            39.715206
          ],
          [
            21.017874,
            39.715757
          ],
          [
            21.018761,
            39.716152
          ],
          [
            21.019968,
            39.716909
          ],
          [
            21.033201,
            39.727978
          ],
          [
            21.035104,
            39.729266
          ],
          [
            21.03674,
            39.73024
          ],
          [
            21.038343,
            39.731053
          ],
          [
            21.040393,
            39.731895
          ],
          [
            21.042251,
            39.732519
          ],
          [
            21.052043,
            39.735305
          ],
          [
            21.052811,
            39.735636
          ],
          [
            21.055537,
            39.737059
          ],
          [
            21.056946,
            39.737597
          ],
          [
            21.05798,
            39.737856
          ],
          [
            21.060677,
            39.738301
          ],
          [
            21.062152,
            39.738632
          ],
          [
            21.06409,
            39.739223
          ],
          [
            21.065843,
            39.73995
          ],
          [
            21.068393,
            39.741391
          ],
          [
            21.069326,
            39.742102
          ],
          [
            21.070912,
            39.743622
          ],
          [
            21.07384,
            39.746972
          ],
          [
            21.07504,
            39.748057
          ],
          [
            21.080672,
            39.751595
          ],
          [
            21.081793,
            39.75217
          ],
          [
            21.083129,
            39.752604
          ],
          [
            21.086336,
            39.75326
          ],
          [
            21.087492,
            39.753588
          ],
          [
            21.089273,
            39.754276
          ],
          [
            21.090086,
            39.754701
          ]
        ]
      }
    },
    {
      "type": "Feature",
      "properties": {
        "geometryRef": "peristeri-metsovo",
        "_source": "OSM"
      },
      "geometry": {
        "type": "LineString",
        "coordinates": [
          [
            21.090086,
            39.754701
          ],
          [
            21.091347,
            39.755507
          ],
          [
            21.092673,
            39.756624
          ],
          [
            21.093865,
            39.75802
          ],
          [
            21.095652,
            39.76089
          ],
          [
            21.096758,
            39.761942
          ],
          [
            21.097559,
            39.762481
          ],
          [
            21.098798,
            39.763077
          ],
          [
            21.100615,
            39.763519
          ],
          [
            21.101775,
            39.763653
          ],
          [
            21.102978,
            39.763619
          ],
          [
            21.104152,
            39.763445
          ],
          [
            21.105098,
            39.763189
          ],
          [
            21.106028,
            39.762834
          ],
          [
            21.110761,
            39.760186
          ],
          [
            21.113853,
            39.758297
          ],
          [
            21.11557,
            39.757544
          ],
          [
            21.116181,
            39.757362
          ],
          [
            21.117608,
            39.757032
          ],
          [
            21.119632,
            39.756832
          ],
          [
            21.123963,
            39.757083
          ],
          [
            21.125463,
            39.756994
          ],
          [
            21.126818,
            39.756783
          ],
          [
            21.127859,
            39.756485
          ],
          [
            21.129399,
            39.755915
          ],
          [
            21.133008,
            39.754135
          ],
          [
            21.135059,
            39.753257
          ],
          [
            21.137612,
            39.752634
          ],
          [
            21.140044,
            39.752363
          ],
          [
            21.152432,
            39.752194
          ],
          [
            21.154292,
            39.752319
          ],
          [
            21.155181,
            39.752438
          ],
          [
            21.156041,
            39.752651
          ],
          [
            21.157004,
            39.753028
          ],
          [
            21.158533,
            39.753902
          ],
          [
            21.159368,
            39.754497
          ],
          [
            21.162951,
            39.75746
          ],
          [
            21.16453,
            39.75847
          ],
          [
            21.165969,
            39.759029
          ],
          [
            21.167199,
            39.759372
          ],
          [
            21.169188,
            39.759619
          ]
        ]
      }
    },
    {
      "type": "Feature",
      "properties": {
        "geometryRef": "metsovo-panagia",
        "_source": "OSM"
      },
      "geometry": {
        "type": "LineString",
        "coordinates": [
          [
            21.169188,
            39.759619
          ],
          [
            21.169911,
            39.759664
          ],
          [
            21.171742,
            39.759608
          ],
          [
            21.173188,
            39.759378
          ],
          [
            21.174702,
            39.758932
          ],
          [
            21.182204,
            39.756267
          ],
          [
            21.184229,
            39.75575
          ],
          [
            21.18553,
            39.755589
          ],
          [
            21.186823,
            39.755598
          ],
          [
            21.188853,
            39.755823
          ],
          [
            21.189616,
            39.756012
          ],
          [
            21.19081,
            39.756445
          ],
          [
            21.194816,
            39.758756
          ],
          [
            21.198773,
            39.761184
          ],
          [
            21.200321,
            39.761987
          ],
          [
            21.201671,
            39.762493
          ],
          [
            21.203282,
            39.762891
          ],
          [
            21.204189,
            39.762989
          ],
          [
            21.2059,
            39.762901
          ],
          [
            21.207172,
            39.762709
          ],
          [
            21.2087,
            39.762594
          ],
          [
            21.209466,
            39.762593
          ],
          [
            21.210646,
            39.762811
          ],
          [
            21.241611,
            39.770253
          ],
          [
            21.243797,
            39.771083
          ],
          [
            21.244329,
            39.771379
          ],
          [
            21.246101,
            39.772672
          ],
          [
            21.246823,
            39.773034
          ],
          [
            21.247502,
            39.773221
          ],
          [
            21.249918,
            39.77358
          ],
          [
            21.251654,
            39.774154
          ],
          [
            21.252702,
            39.774756
          ],
          [
            21.253196,
            39.77518
          ],
          [
            21.25388,
            39.776029
          ],
          [
            21.254404,
            39.776893
          ],
          [
            21.254681,
            39.777603
          ],
          [
            21.254782,
            39.778144
          ],
          [
            21.25465,
            39.779675
          ],
          [
            21.254727,
            39.780464
          ],
          [
            21.254959,
            39.781115
          ],
          [
            21.255433,
            39.7818
          ],
          [
            21.25737,
            39.783629
          ],
          [
            21.26181,
            39.788465
          ],
          [
            21.262441,
            39.788898
          ],
          [
            21.263573,
            39.789364
          ],
          [
            21.264467,
            39.789543
          ],
          [
            21.265652,
            39.789528
          ],
          [
            21.271359,
            39.788939
          ],
          [
            21.272499,
            39.788916
          ],
          [
            21.273364,
            39.789052
          ],
          [
            21.274109,
            39.789327
          ],
          [
            21.275191,
            39.790159
          ],
          [
            21.27587,
            39.790518
          ],
          [
            21.276963,
            39.790757
          ],
          [
            21.277757,
            39.790711
          ],
          [
            21.278551,
            39.790457
          ],
          [
            21.279076,
            39.790117
          ],
          [
            21.279511,
            39.78956
          ],
          [
            21.280113,
            39.788337
          ],
          [
            21.280496,
            39.787887
          ],
          [
            21.280911,
            39.787586
          ],
          [
            21.281705,
            39.787251
          ],
          [
            21.28334,
            39.786954
          ],
          [
            21.28395,
            39.786734
          ],
          [
            21.284471,
            39.786397
          ],
          [
            21.285709,
            39.785197
          ],
          [
            21.286643,
            39.784788
          ],
          [
            21.287582,
            39.784665
          ],
          [
            21.292153,
            39.785266
          ],
          [
            21.293129,
            39.785442
          ],
          [
            21.293471,
            39.78559
          ],
          [
            21.293989,
            39.785864
          ],
          [
            21.294534,
            39.786399
          ],
          [
            21.294747,
            39.786802
          ],
          [
            21.295134,
            39.788458
          ],
          [
            21.295315,
            39.788798
          ],
          [
            21.295808,
            39.789334
          ],
          [
            21.29644,
            39.789707
          ],
          [
            21.299874,
            39.790818
          ]
        ]
      }
    },
    {
      "type": "Feature",
      "properties": {
        "geometryRef": "panagia-venetikos",
        "_source": "OSM"
      },
      "geometry": {
        "type": "LineString",
        "coordinates": [
          [
            21.299874,
            39.790818
          ],
          [
            21.301119,
            39.791422
          ],
          [
            21.302588,
            39.792432
          ],
          [
            21.304521,
            39.794374
          ],
          [
            21.321534,
            39.814414
          ],
          [
            21.323638,
            39.8174
          ],
          [
            21.323989,
            39.818035
          ],
          [
            21.325596,
            39.821347
          ],
          [
            21.326526,
            39.823536
          ],
          [
            21.329346,
            39.831046
          ],
          [
            21.332019,
            39.839707
          ],
          [
            21.333314,
            39.842301
          ],
          [
            21.333867,
            39.843783
          ],
          [
            21.334349,
            39.846354
          ],
          [
            21.334682,
            39.849323
          ],
          [
            21.334834,
            39.852391
          ],
          [
            21.335442,
            39.856892
          ],
          [
            21.336384,
            39.862805
          ],
          [
            21.336762,
            39.864185
          ],
          [
            21.337206,
            39.865298
          ],
          [
            21.337973,
            39.866733
          ],
          [
            21.342417,
            39.872827
          ],
          [
            21.343441,
            39.87487
          ],
          [
            21.343954,
            39.876341
          ],
          [
            21.344394,
            39.878251
          ],
          [
            21.344593,
            39.879937
          ],
          [
            21.344588,
            39.882511
          ],
          [
            21.3442,
            39.885696
          ],
          [
            21.34448,
            39.888396
          ],
          [
            21.344858,
            39.889978
          ],
          [
            21.345551,
            39.891916
          ],
          [
            21.346846,
            39.894076
          ],
          [
            21.347969,
            39.895537
          ],
          [
            21.351124,
            39.898659
          ],
          [
            21.351941,
            39.8998
          ],
          [
            21.352579,
            39.901095
          ],
          [
            21.352926,
            39.90227
          ],
          [
            21.354752,
            39.914532
          ],
          [
            21.355108,
            39.915806
          ],
          [
            21.355672,
            39.917201
          ],
          [
            21.356482,
            39.918577
          ],
          [
            21.357853,
            39.920251
          ],
          [
            21.35837,
            39.920781
          ],
          [
            21.362348,
            39.924225
          ],
          [
            21.364197,
            39.925975
          ],
          [
            21.365945,
            39.928145
          ],
          [
            21.367345,
            39.93018
          ],
          [
            21.369283,
            39.932625
          ],
          [
            21.374169,
            39.936908
          ],
          [
            21.375916,
            39.938722
          ],
          [
            21.376747,
            39.939753
          ],
          [
            21.378237,
            39.941913
          ],
          [
            21.37951,
            39.944134
          ],
          [
            21.379886,
            39.94499
          ],
          [
            21.380443,
            39.94675
          ],
          [
            21.380793,
            39.949083
          ],
          [
            21.380892,
            39.952584
          ],
          [
            21.380803,
            39.953606
          ],
          [
            21.380368,
            39.955872
          ],
          [
            21.37994,
            39.957333
          ],
          [
            21.37935,
            39.958852
          ],
          [
            21.377645,
            39.961889
          ],
          [
            21.374946,
            39.965763
          ],
          [
            21.373824,
            39.968097
          ],
          [
            21.37348,
            39.969149
          ],
          [
            21.373187,
            39.970644
          ],
          [
            21.373073,
            39.971669
          ],
          [
            21.373001,
            39.974241
          ],
          [
            21.372459,
            39.976734
          ],
          [
            21.369736,
            39.983605
          ],
          [
            21.369391,
            39.984738
          ],
          [
            21.368867,
            39.987477
          ],
          [
            21.368855,
            39.988912
          ],
          [
            21.368987,
            39.989701
          ],
          [
            21.369707,
            39.99232
          ],
          [
            21.370481,
            39.994254
          ],
          [
            21.371084,
            39.995294
          ],
          [
            21.379942,
            40.008028
          ],
          [
            21.381836,
            40.011437
          ],
          [
            21.38563,
            40.019111
          ],
          [
            21.386229,
            40.020017
          ],
          [
            21.387516,
            40.021417
          ],
          [
            21.388401,
            40.022115
          ],
          [
            21.389553,
            40.022822
          ],
          [
            21.390723,
            40.023385
          ],
          [
            21.391979,
            40.023845
          ],
          [
            21.394375,
            40.024421
          ]
        ]
      }
    },
    {
      "type": "Feature",
      "properties": {
        "geometryRef": "venetikos-grevena-east",
        "_source": "OSM"
      },
      "geometry": {
        "type": "LineString",
        "coordinates": [
          [
            21.394375,
            40.024421
          ],
          [
            21.396163,
            40.02485
          ],
          [
            21.397696,
            40.02532
          ],
          [
            21.399087,
            40.025871
          ],
          [
            21.40079,
            40.026714
          ],
          [
            21.402246,
            40.027701
          ],
          [
            21.40362,
            40.028827
          ],
          [
            21.404645,
            40.029913
          ],
          [
            21.405474,
            40.031012
          ],
          [
            21.406333,
            40.032493
          ],
          [
            21.407061,
            40.034521
          ],
          [
            21.408184,
            40.042835
          ],
          [
            21.408881,
            40.045476
          ],
          [
            21.40949,
            40.046872
          ],
          [
            21.410495,
            40.048546
          ],
          [
            21.411728,
            40.050173
          ],
          [
            21.412977,
            40.051421
          ],
          [
            21.415094,
            40.053108
          ],
          [
            21.4172,
            40.054371
          ],
          [
            21.41965,
            40.055523
          ],
          [
            21.428346,
            40.059223
          ],
          [
            21.430718,
            40.060414
          ],
          [
            21.433181,
            40.061882
          ],
          [
            21.435794,
            40.063627
          ],
          [
            21.436772,
            40.064391
          ],
          [
            21.438982,
            40.066378
          ],
          [
            21.441879,
            40.0695
          ],
          [
            21.443637,
            40.072226
          ],
          [
            21.446152,
            40.076709
          ],
          [
            21.451136,
            40.086182
          ],
          [
            21.452215,
            40.08797
          ],
          [
            21.4551,
            40.093607
          ],
          [
            21.458673,
            40.101101
          ],
          [
            21.459752,
            40.103464
          ],
          [
            21.462057,
            40.109595
          ],
          [
            21.46242,
            40.111411
          ],
          [
            21.462377,
            40.113161
          ]
        ]
      }
    },
    {
      "type": "Feature",
      "properties": {
        "geometryRef": "grevena-east-siatista-east",
        "_source": "OSM"
      },
      "geometry": {
        "type": "LineString",
        "coordinates": [
          [
            21.462377,
            40.113161
          ],
          [
            21.462021,
            40.116291
          ],
          [
            21.462047,
            40.117247
          ],
          [
            21.462238,
            40.11839
          ],
          [
            21.462496,
            40.119233
          ],
          [
            21.463031,
            40.120294
          ],
          [
            21.464007,
            40.121621
          ],
          [
            21.464832,
            40.122449
          ],
          [
            21.478692,
            40.133504
          ],
          [
            21.479879,
            40.134217
          ],
          [
            21.481207,
            40.134827
          ],
          [
            21.485864,
            40.13625
          ],
          [
            21.487815,
            40.137052
          ],
          [
            21.488619,
            40.137477
          ],
          [
            21.489603,
            40.138134
          ],
          [
            21.490427,
            40.138823
          ],
          [
            21.491436,
            40.13991
          ],
          [
            21.492061,
            40.140815
          ],
          [
            21.492626,
            40.14185
          ],
          [
            21.499749,
            40.159745
          ],
          [
            21.500409,
            40.160958
          ],
          [
            21.502181,
            40.163427
          ],
          [
            21.502777,
            40.164446
          ],
          [
            21.503235,
            40.16556
          ],
          [
            21.504088,
            40.168457
          ],
          [
            21.504916,
            40.169909
          ],
          [
            21.505692,
            40.170843
          ],
          [
            21.50632,
            40.17144
          ],
          [
            21.507565,
            40.172366
          ],
          [
            21.510047,
            40.173685
          ],
          [
            21.51267,
            40.175212
          ],
          [
            21.516019,
            40.177599
          ],
          [
            21.517357,
            40.178262
          ],
          [
            21.518192,
            40.178586
          ],
          [
            21.521414,
            40.179648
          ],
          [
            21.522881,
            40.180406
          ],
          [
            21.524152,
            40.181357
          ],
          [
            21.525329,
            40.182651
          ],
          [
            21.525946,
            40.183689
          ],
          [
            21.526394,
            40.1849
          ],
          [
            21.526575,
            40.186349
          ],
          [
            21.526454,
            40.187557
          ],
          [
            21.52582,
            40.189223
          ],
          [
            21.523703,
            40.192771
          ],
          [
            21.522697,
            40.194935
          ],
          [
            21.522356,
            40.196026
          ],
          [
            21.52195,
            40.198031
          ],
          [
            21.521833,
            40.200298
          ],
          [
            21.522132,
            40.202555
          ],
          [
            21.522531,
            40.204052
          ],
          [
            21.523075,
            40.205523
          ],
          [
            21.523536,
            40.206479
          ],
          [
            21.524391,
            40.207908
          ],
          [
            21.525111,
            40.208897
          ],
          [
            21.526292,
            40.210267
          ],
          [
            21.528461,
            40.212242
          ],
          [
            21.530648,
            40.213776
          ],
          [
            21.532835,
            40.214968
          ],
          [
            21.541427,
            40.219091
          ],
          [
            21.543001,
            40.219934
          ],
          [
            21.546189,
            40.221832
          ],
          [
            21.551011,
            40.22503
          ],
          [
            21.552626,
            40.225926
          ],
          [
            21.555077,
            40.226944
          ],
          [
            21.55665,
            40.227411
          ],
          [
            21.570464,
            40.230714
          ],
          [
            21.57227,
            40.231246
          ],
          [
            21.573498,
            40.231701
          ],
          [
            21.575179,
            40.232542
          ],
          [
            21.57684,
            40.233689
          ],
          [
            21.577583,
            40.234311
          ],
          [
            21.581273,
            40.237842
          ]
        ]
      }
    },
    {
      "type": "Feature",
      "properties": {
        "geometryRef": "siatista-east-kozani",
        "_source": "OSM"
      },
      "geometry": {
        "type": "LineString",
        "coordinates": [
          [
            21.581273,
            40.237842
          ],
          [
            21.58319,
            40.239647
          ],
          [
            21.584539,
            40.240698
          ],
          [
            21.586667,
            40.241959
          ],
          [
            21.588753,
            40.242903
          ],
          [
            21.590672,
            40.243548
          ],
          [
            21.59283,
            40.24406
          ],
          [
            21.600288,
            40.245076
          ],
          [
            21.604151,
            40.245768
          ],
          [
            21.607118,
            40.246502
          ],
          [
            21.610163,
            40.247417
          ],
          [
            21.618372,
            40.250079
          ],
          [
            21.622144,
            40.251518
          ],
          [
            21.631501,
            40.255768
          ],
          [
            21.635023,
            40.257583
          ],
          [
            21.636922,
            40.258802
          ],
          [
            21.638664,
            40.260086
          ],
          [
            21.639754,
            40.261042
          ],
          [
            21.641244,
            40.262576
          ],
          [
            21.6431,
            40.264973
          ],
          [
            21.645911,
            40.269511
          ],
          [
            21.647001,
            40.27077
          ],
          [
            21.648277,
            40.271907
          ],
          [
            21.690996,
            40.303852
          ],
          [
            21.692668,
            40.305002
          ],
          [
            21.694969,
            40.306442
          ],
          [
            21.697803,
            40.308068
          ],
          [
            21.699958,
            40.309201
          ],
          [
            21.702682,
            40.31049
          ],
          [
            21.705889,
            40.311845
          ],
          [
            21.710848,
            40.313641
          ],
          [
            21.713022,
            40.314324
          ],
          [
            21.716298,
            40.315215
          ],
          [
            21.719438,
            40.31596
          ],
          [
            21.723181,
            40.316679
          ],
          [
            21.726286,
            40.317156
          ],
          [
            21.729483,
            40.317539
          ],
          [
            21.760545,
            40.31989
          ],
          [
            21.761836,
            40.320046
          ],
          [
            21.763667,
            40.320384
          ],
          [
            21.766129,
            40.3211
          ],
          [
            21.767749,
            40.321765
          ],
          [
            21.769681,
            40.322819
          ],
          [
            21.771576,
            40.324186
          ],
          [
            21.772577,
            40.325093
          ],
          [
            21.774268,
            40.327071
          ],
          [
            21.783265,
            40.339295
          ],
          [
            21.784894,
            40.341074
          ],
          [
            21.786424,
            40.342344
          ],
          [
            21.787754,
            40.343244
          ],
          [
            21.789227,
            40.344022
          ],
          [
            21.790388,
            40.344536
          ],
          [
            21.792687,
            40.345387
          ],
          [
            21.794638,
            40.34588
          ],
          [
            21.800358,
            40.346916
          ],
          [
            21.80269,
            40.347538
          ]
        ]
      }
    },
    {
      "type": "Feature",
      "properties": {
        "geometryRef": "kozani-polymylos",
        "_source": "OSM"
      },
      "geometry": {
        "type": "LineString",
        "coordinates": [
          [
            21.80269,
            40.347538
          ],
          [
            21.803775,
            40.347898
          ],
          [
            21.805265,
            40.348557
          ],
          [
            21.807551,
            40.349882
          ],
          [
            21.80848,
            40.350559
          ],
          [
            21.810231,
            40.352182
          ],
          [
            21.814993,
            40.358007
          ],
          [
            21.816194,
            40.359243
          ],
          [
            21.817088,
            40.359939
          ],
          [
            21.81824,
            40.36065
          ],
          [
            21.819272,
            40.361143
          ],
          [
            21.820587,
            40.361629
          ],
          [
            21.821707,
            40.361932
          ],
          [
            21.823026,
            40.362163
          ],
          [
            21.825364,
            40.362291
          ],
          [
            21.832102,
            40.361748
          ],
          [
            21.844748,
            40.360955
          ],
          [
            21.847715,
            40.361014
          ],
          [
            21.851089,
            40.361369
          ],
          [
            21.853445,
            40.361814
          ],
          [
            21.85634,
            40.362636
          ],
          [
            21.873895,
            40.368959
          ],
          [
            21.876315,
            40.369687
          ],
          [
            21.877876,
            40.369946
          ],
          [
            21.879471,
            40.37004
          ],
          [
            21.88141,
            40.37
          ],
          [
            21.888934,
            40.369742
          ],
          [
            21.892343,
            40.369507
          ],
          [
            21.909524,
            40.367754
          ],
          [
            21.912535,
            40.367386
          ],
          [
            21.917616,
            40.366722
          ],
          [
            21.92857,
            40.365035
          ],
          [
            21.930874,
            40.364737
          ],
          [
            21.933193,
            40.364536
          ],
          [
            21.936208,
            40.364555
          ],
          [
            21.939722,
            40.364918
          ],
          [
            21.957905,
            40.367747
          ],
          [
            21.963708,
            40.368863
          ],
          [
            21.967793,
            40.369805
          ],
          [
            21.969841,
            40.370152
          ],
          [
            21.972491,
            40.370362
          ],
          [
            21.979618,
            40.370314
          ],
          [
            21.981754,
            40.37046
          ],
          [
            21.984558,
            40.370819
          ],
          [
            22.003313,
            40.374035
          ],
          [
            22.005957,
            40.374615
          ],
          [
            22.009472,
            40.375596
          ],
          [
            22.011328,
            40.376012
          ],
          [
            22.014644,
            40.376361
          ],
          [
            22.019794,
            40.376779
          ],
          [
            22.020964,
            40.376734
          ],
          [
            22.02234,
            40.376513
          ],
          [
            22.023643,
            40.376137
          ],
          [
            22.024797,
            40.375619
          ],
          [
            22.025715,
            40.37507
          ],
          [
            22.026653,
            40.374317
          ],
          [
            22.02876,
            40.372002
          ],
          [
            22.030499,
            40.370612
          ],
          [
            22.031654,
            40.36997
          ],
          [
            22.032597,
            40.369555
          ],
          [
            22.034442,
            40.368952
          ],
          [
            22.035604,
            40.368709
          ],
          [
            22.03691,
            40.368541
          ],
          [
            22.038956,
            40.368529
          ],
          [
            22.040535,
            40.368684
          ],
          [
            22.044603,
            40.369374
          ],
          [
            22.046357,
            40.3696
          ],
          [
            22.04796,
            40.36962
          ],
          [
            22.049471,
            40.369484
          ]
        ]
      }
    },
    {
      "type": "Feature",
      "properties": {
        "geometryRef": "polymylos-veria",
        "_source": "OSM"
      },
      "geometry": {
        "type": "LineString",
        "coordinates": [
          [
            22.049471,
            40.369484
          ],
          [
            22.051454,
            40.369107
          ],
          [
            22.058573,
            40.367508
          ],
          [
            22.060615,
            40.36715
          ],
          [
            22.061808,
            40.366845
          ],
          [
            22.06649,
            40.366068
          ],
          [
            22.068692,
            40.365753
          ],
          [
            22.06987,
            40.365696
          ],
          [
            22.070865,
            40.365732
          ],
          [
            22.072361,
            40.365965
          ],
          [
            22.074137,
            40.366502
          ],
          [
            22.075467,
            40.367184
          ],
          [
            22.092043,
            40.378542
          ],
          [
            22.093096,
            40.379117
          ],
          [
            22.094187,
            40.379515
          ],
          [
            22.094994,
            40.379727
          ],
          [
            22.096187,
            40.3799
          ],
          [
            22.102626,
            40.380278
          ],
          [
            22.104556,
            40.380488
          ],
          [
            22.111521,
            40.382072
          ],
          [
            22.113345,
            40.382383
          ],
          [
            22.137288,
            40.384107
          ],
          [
            22.13965,
            40.384396
          ],
          [
            22.141103,
            40.384743
          ],
          [
            22.14264,
            40.385325
          ],
          [
            22.143769,
            40.385929
          ],
          [
            22.146734,
            40.387872
          ],
          [
            22.147738,
            40.388396
          ],
          [
            22.148811,
            40.388781
          ],
          [
            22.153739,
            40.390224
          ],
          [
            22.155179,
            40.390887
          ],
          [
            22.15628,
            40.391558
          ],
          [
            22.157366,
            40.392414
          ],
          [
            22.162824,
            40.398077
          ],
          [
            22.165164,
            40.399898
          ],
          [
            22.167466,
            40.401466
          ],
          [
            22.16934,
            40.402978
          ],
          [
            22.176524,
            40.409445
          ],
          [
            22.177872,
            40.410797
          ],
          [
            22.17924,
            40.412714
          ],
          [
            22.179846,
            40.414021
          ],
          [
            22.180094,
            40.414886
          ],
          [
            22.180317,
            40.417001
          ],
          [
            22.180301,
            40.420264
          ],
          [
            22.18044,
            40.421431
          ],
          [
            22.180737,
            40.422388
          ],
          [
            22.182999,
            40.427801
          ],
          [
            22.183371,
            40.429199
          ],
          [
            22.183343,
            40.430304
          ],
          [
            22.183166,
            40.430961
          ],
          [
            22.182892,
            40.431531
          ],
          [
            22.182389,
            40.4323
          ],
          [
            22.180892,
            40.433903
          ],
          [
            22.18044,
            40.434745
          ],
          [
            22.180139,
            40.435663
          ],
          [
            22.1801,
            40.436533
          ],
          [
            22.180342,
            40.437554
          ],
          [
            22.180727,
            40.438364
          ],
          [
            22.181554,
            40.439412
          ],
          [
            22.182395,
            40.440039
          ],
          [
            22.183435,
            40.440587
          ],
          [
            22.184504,
            40.44094
          ],
          [
            22.185551,
            40.441135
          ],
          [
            22.186624,
            40.441178
          ],
          [
            22.187675,
            40.441094
          ],
          [
            22.191238,
            40.440265
          ],
          [
            22.19291,
            40.440099
          ],
          [
            22.193803,
            40.440156
          ],
          [
            22.19466,
            40.440306
          ],
          [
            22.196129,
            40.44086
          ],
          [
            22.196926,
            40.4414
          ],
          [
            22.197772,
            40.442226
          ],
          [
            22.20031,
            40.445928
          ],
          [
            22.201432,
            40.447071
          ],
          [
            22.202892,
            40.448067
          ],
          [
            22.206269,
            40.449596
          ],
          [
            22.207757,
            40.450572
          ],
          [
            22.208874,
            40.451749
          ],
          [
            22.210821,
            40.45487
          ],
          [
            22.212465,
            40.456407
          ],
          [
            22.213824,
            40.457321
          ],
          [
            22.21607,
            40.458492
          ],
          [
            22.217887,
            40.459616
          ],
          [
            22.224047,
            40.46441
          ],
          [
            22.224971,
            40.465322
          ],
          [
            22.225653,
            40.466247
          ],
          [
            22.227814,
            40.470161
          ],
          [
            22.230152,
            40.473368
          ],
          [
            22.230657,
            40.474257
          ],
          [
            22.23126,
            40.475897
          ],
          [
            22.231596,
            40.478094
          ],
          [
            22.231814,
            40.478784
          ],
          [
            22.232318,
            40.479849
          ],
          [
            22.233765,
            40.481927
          ],
          [
            22.234665,
            40.483536
          ],
          [
            22.235042,
            40.48461
          ],
          [
            22.235329,
            40.486219
          ],
          [
            22.235291,
            40.487825
          ],
          [
            22.23493,
            40.490271
          ],
          [
            22.235097,
            40.49282
          ],
          [
            22.234901,
            40.494255
          ],
          [
            22.234709,
            40.494842
          ],
          [
            22.234254,
            40.49571
          ],
          [
            22.230423,
            40.501633
          ],
          [
            22.230016,
            40.502457
          ],
          [
            22.229684,
            40.503347
          ],
          [
            22.229482,
            40.504487
          ],
          [
            22.229466,
            40.505673
          ],
          [
            22.229632,
            40.506678
          ]
        ]
      }
    },
    {
      "type": "Feature",
      "properties": {
        "geometryRef": "veria-kouloura",
        "_source": "OSM"
      },
      "geometry": {
        "type": "LineString",
        "coordinates": [
          [
            22.229632,
            40.506678
          ],
          [
            22.229921,
            40.507562
          ],
          [
            22.230448,
            40.508632
          ],
          [
            22.23085,
            40.509233
          ],
          [
            22.231769,
            40.510312
          ],
          [
            22.232408,
            40.510904
          ],
          [
            22.233447,
            40.511667
          ],
          [
            22.234363,
            40.512216
          ],
          [
            22.235609,
            40.512806
          ],
          [
            22.237019,
            40.513283
          ],
          [
            22.238771,
            40.513704
          ],
          [
            22.246925,
            40.515112
          ],
          [
            22.250215,
            40.51582
          ],
          [
            22.255017,
            40.517079
          ],
          [
            22.258859,
            40.518315
          ],
          [
            22.263396,
            40.520041
          ],
          [
            22.281018,
            40.527716
          ],
          [
            22.283977,
            40.528838
          ],
          [
            22.307694,
            40.537177
          ],
          [
            22.311739,
            40.538789
          ],
          [
            22.315959,
            40.540777
          ]
        ]
      }
    },
    {
      "type": "Feature",
      "properties": {
        "geometryRef": "kouloura-kleidi",
        "_source": "OSM"
      },
      "geometry": {
        "type": "LineString",
        "coordinates": [
          [
            22.315959,
            40.540777
          ],
          [
            22.33513,
            40.54992
          ],
          [
            22.341433,
            40.552787
          ],
          [
            22.345848,
            40.554669
          ],
          [
            22.350061,
            40.556402
          ],
          [
            22.398518,
            40.575406
          ],
          [
            22.400841,
            40.576517
          ],
          [
            22.402638,
            40.577489
          ],
          [
            22.408272,
            40.581015
          ],
          [
            22.410499,
            40.582273
          ],
          [
            22.41291,
            40.583437
          ],
          [
            22.415731,
            40.584566
          ],
          [
            22.418293,
            40.585385
          ],
          [
            22.420291,
            40.585898
          ],
          [
            22.422347,
            40.586318
          ],
          [
            22.425349,
            40.586756
          ],
          [
            22.428543,
            40.587034
          ],
          [
            22.455147,
            40.588676
          ],
          [
            22.459325,
            40.588767
          ],
          [
            22.462223,
            40.588694
          ],
          [
            22.464155,
            40.588555
          ],
          [
            22.468667,
            40.588005
          ],
          [
            22.472843,
            40.587165
          ],
          [
            22.476456,
            40.586199
          ],
          [
            22.480816,
            40.584693
          ],
          [
            22.484587,
            40.583023
          ],
          [
            22.490616,
            40.580038
          ],
          [
            22.493806,
            40.578224
          ],
          [
            22.496618,
            40.576327
          ],
          [
            22.499522,
            40.57392
          ],
          [
            22.501695,
            40.571773
          ],
          [
            22.503307,
            40.569853
          ],
          [
            22.504597,
            40.568059
          ],
          [
            22.508842,
            40.561126
          ],
          [
            22.509704,
            40.560034
          ],
          [
            22.510864,
            40.558863
          ],
          [
            22.512418,
            40.557598
          ],
          [
            22.514648,
            40.556235
          ],
          [
            22.517307,
            40.555125
          ],
          [
            22.519711,
            40.554444
          ],
          [
            22.522543,
            40.554011
          ],
          [
            22.525347,
            40.553923
          ],
          [
            22.538845,
            40.554746
          ],
          [
            22.547007,
            40.555397
          ],
          [
            22.556271,
            40.55633
          ],
          [
            22.561068,
            40.556916
          ],
          [
            22.568228,
            40.557842
          ],
          [
            22.579654,
            40.55951
          ],
          [
            22.582128,
            40.559752
          ],
          [
            22.584113,
            40.559708
          ],
          [
            22.586771,
            40.559328
          ],
          [
            22.58859,
            40.558858
          ],
          [
            22.59579,
            40.556757
          ]
        ]
      }
    },
    {
      "type": "Feature",
      "properties": {
        "geometryRef": "kalochori-efkarpia",
        "_source": "OSM"
      },
      "geometry": {
        "type": "LineString",
        "coordinates": [
          [
            22.837809,
            40.6528
          ],
          [
            22.840744,
            40.652625
          ],
          [
            22.841793,
            40.652804
          ],
          [
            22.842335,
            40.653075
          ],
          [
            22.842831,
            40.653538
          ],
          [
            22.843082,
            40.654087
          ],
          [
            22.843107,
            40.654581
          ],
          [
            22.8428,
            40.655289
          ],
          [
            22.841407,
            40.656569
          ],
          [
            22.841043,
            40.657048
          ],
          [
            22.834003,
            40.670354
          ],
          [
            22.833189,
            40.672241
          ],
          [
            22.832749,
            40.673868
          ],
          [
            22.832511,
            40.676187
          ],
          [
            22.832741,
            40.683163
          ],
          [
            22.832997,
            40.684828
          ],
          [
            22.833389,
            40.685915
          ],
          [
            22.834197,
            40.687293
          ],
          [
            22.835489,
            40.688752
          ],
          [
            22.836762,
            40.689722
          ],
          [
            22.838369,
            40.690607
          ],
          [
            22.849187,
            40.695214
          ],
          [
            22.851686,
            40.696091
          ],
          [
            22.853494,
            40.696511
          ],
          [
            22.855162,
            40.696785
          ],
          [
            22.857806,
            40.696943
          ],
          [
            22.892673,
            40.696117
          ],
          [
            22.89323,
            40.696173
          ],
          [
            22.895691,
            40.696129
          ],
          [
            22.897736,
            40.696063
          ],
          [
            22.898271,
            40.695977
          ],
          [
            22.93693,
            40.695036
          ],
          [
            22.938619,
            40.695068
          ],
          [
            22.940546,
            40.695282
          ],
          [
            22.944169,
            40.695343
          ],
          [
            22.944883,
            40.695432
          ],
          [
            22.94543,
            40.695586
          ]
        ]
      }
    },
    {
      "type": "Feature",
      "properties": {
        "geometryRef": "efkarpia-derveni",
        "_source": "OSM"
      },
      "geometry": {
        "type": "LineString",
        "coordinates": [
          [
            22.94543,
            40.695586
          ],
          [
            22.948001,
            40.696575
          ],
          [
            22.94846,
            40.696884
          ],
          [
            22.948966,
            40.697403
          ],
          [
            22.94938,
            40.698194
          ],
          [
            22.950257,
            40.70054
          ],
          [
            22.952961,
            40.706039
          ],
          [
            22.960006,
            40.713489
          ],
          [
            22.960987,
            40.714244
          ],
          [
            22.964569,
            40.716489
          ],
          [
            22.972009,
            40.720166
          ],
          [
            22.973977,
            40.721413
          ]
        ]
      }
    },
    {
      "type": "Feature",
      "properties": {
        "geometryRef": "derveni-nymfopetra",
        "_source": "OSM"
      },
      "geometry": {
        "type": "LineString",
        "coordinates": [
          [
            22.973977,
            40.721413
          ],
          [
            22.978584,
            40.723789
          ],
          [
            22.981121,
            40.725683
          ],
          [
            22.982551,
            40.726508
          ],
          [
            22.984784,
            40.727331
          ],
          [
            22.987464,
            40.728039
          ],
          [
            22.989189,
            40.728578
          ],
          [
            22.990874,
            40.729218
          ],
          [
            22.992432,
            40.729924
          ],
          [
            22.995078,
            40.731398
          ],
          [
            23.001274,
            40.735281
          ],
          [
            23.003284,
            40.736359
          ],
          [
            23.005522,
            40.737357
          ],
          [
            23.008439,
            40.738275
          ],
          [
            23.010081,
            40.738658
          ],
          [
            23.012406,
            40.73904
          ],
          [
            23.013825,
            40.739177
          ],
          [
            23.015525,
            40.739238
          ],
          [
            23.018381,
            40.739159
          ],
          [
            23.021098,
            40.738871
          ],
          [
            23.024241,
            40.738274
          ],
          [
            23.0322,
            40.736462
          ],
          [
            23.041392,
            40.734215
          ],
          [
            23.06858,
            40.727797
          ],
          [
            23.074486,
            40.726583
          ],
          [
            23.077452,
            40.726072
          ],
          [
            23.080892,
            40.725588
          ],
          [
            23.087251,
            40.724922
          ],
          [
            23.091549,
            40.724685
          ],
          [
            23.095047,
            40.724585
          ],
          [
            23.099214,
            40.724579
          ],
          [
            23.123789,
            40.724867
          ],
          [
            23.126989,
            40.724833
          ],
          [
            23.129418,
            40.724674
          ],
          [
            23.131236,
            40.724467
          ],
          [
            23.133966,
            40.723962
          ],
          [
            23.136163,
            40.723379
          ],
          [
            23.139275,
            40.722344
          ],
          [
            23.166732,
            40.712138
          ],
          [
            23.170544,
            40.710845
          ],
          [
            23.172843,
            40.710283
          ],
          [
            23.17478,
            40.709959
          ],
          [
            23.176704,
            40.709765
          ],
          [
            23.183125,
            40.709524
          ],
          [
            23.185214,
            40.709222
          ],
          [
            23.187294,
            40.708685
          ],
          [
            23.188706,
            40.708148
          ],
          [
            23.191047,
            40.707094
          ],
          [
            23.191969,
            40.706618
          ],
          [
            23.192212,
            40.706416
          ],
          [
            23.205424,
            40.699502
          ],
          [
            23.208009,
            40.698262
          ],
          [
            23.209541,
            40.697764
          ],
          [
            23.211582,
            40.697365
          ],
          [
            23.213464,
            40.697243
          ],
          [
            23.217564,
            40.697221
          ],
          [
            23.219136,
            40.696994
          ],
          [
            23.220543,
            40.696595
          ],
          [
            23.222593,
            40.69565
          ],
          [
            23.231194,
            40.690867
          ],
          [
            23.233685,
            40.689669
          ],
          [
            23.247344,
            40.684782
          ],
          [
            23.249291,
            40.684233
          ],
          [
            23.251362,
            40.683859
          ],
          [
            23.253295,
            40.683732
          ],
          [
            23.255712,
            40.683834
          ],
          [
            23.257695,
            40.684177
          ],
          [
            23.259441,
            40.684639
          ],
          [
            23.260637,
            40.685102
          ],
          [
            23.262775,
            40.686075
          ],
          [
            23.269978,
            40.68986
          ],
          [
            23.273411,
            40.691579
          ],
          [
            23.275343,
            40.692319
          ],
          [
            23.277936,
            40.692974
          ],
          [
            23.280267,
            40.693268
          ],
          [
            23.293267,
            40.694183
          ],
          [
            23.295482,
            40.694247
          ],
          [
            23.302768,
            40.694096
          ],
          [
            23.305847,
            40.694104
          ],
          [
            23.308686,
            40.694262
          ],
          [
            23.310475,
            40.694441
          ],
          [
            23.312995,
            40.694851
          ],
          [
            23.315938,
            40.69552
          ],
          [
            23.323721,
            40.697746
          ],
          [
            23.328041,
            40.698687
          ]
        ]
      }
    },
    {
      "type": "Feature",
      "properties": {
        "geometryRef": "nymfopetra-megali-volvi",
        "_source": "OSM"
      },
      "geometry": {
        "type": "LineString",
        "coordinates": [
          [
            23.328041,
            40.698687
          ],
          [
            23.331251,
            40.699031
          ],
          [
            23.33703,
            40.699232
          ],
          [
            23.338797,
            40.699373
          ],
          [
            23.340946,
            40.699711
          ],
          [
            23.35575,
            40.702443
          ],
          [
            23.357292,
            40.702635
          ],
          [
            23.35895,
            40.702708
          ],
          [
            23.360768,
            40.702636
          ],
          [
            23.362749,
            40.702408
          ],
          [
            23.369581,
            40.70089
          ],
          [
            23.371774,
            40.700604
          ],
          [
            23.374041,
            40.700543
          ],
          [
            23.392005,
            40.700502
          ],
          [
            23.393598,
            40.700456
          ],
          [
            23.394969,
            40.70032
          ],
          [
            23.397269,
            40.69986
          ],
          [
            23.398526,
            40.69947
          ],
          [
            23.399785,
            40.698968
          ],
          [
            23.402693,
            40.697628
          ],
          [
            23.404083,
            40.697128
          ],
          [
            23.405786,
            40.696714
          ],
          [
            23.407589,
            40.69648
          ],
          [
            23.409692,
            40.696429
          ],
          [
            23.411552,
            40.696579
          ],
          [
            23.423164,
            40.698316
          ],
          [
            23.424555,
            40.698473
          ],
          [
            23.426536,
            40.698561
          ],
          [
            23.429185,
            40.698391
          ]
        ]
      }
    },
    {
      "type": "Feature",
      "properties": {
        "geometryRef": "megali-volvi-rentina",
        "_source": "OSM"
      },
      "geometry": {
        "type": "LineString",
        "coordinates": [
          [
            23.429185,
            40.698391
          ],
          [
            23.43209,
            40.69791
          ],
          [
            23.439382,
            40.696348
          ],
          [
            23.441334,
            40.696051
          ],
          [
            23.445645,
            40.695583
          ],
          [
            23.447588,
            40.69526
          ],
          [
            23.449934,
            40.694612
          ],
          [
            23.453995,
            40.693124
          ],
          [
            23.456065,
            40.692622
          ],
          [
            23.458472,
            40.692417
          ],
          [
            23.461946,
            40.692524
          ],
          [
            23.462781,
            40.692488
          ],
          [
            23.467071,
            40.691885
          ],
          [
            23.468571,
            40.691748
          ],
          [
            23.469908,
            40.691762
          ],
          [
            23.471685,
            40.691947
          ],
          [
            23.484742,
            40.694161
          ],
          [
            23.487036,
            40.694442
          ],
          [
            23.488422,
            40.694521
          ],
          [
            23.491222,
            40.694385
          ],
          [
            23.497927,
            40.693552
          ],
          [
            23.501535,
            40.693291
          ],
          [
            23.503824,
            40.693347
          ],
          [
            23.50929,
            40.693872
          ],
          [
            23.512988,
            40.694032
          ],
          [
            23.516776,
            40.693893
          ],
          [
            23.524593,
            40.693227
          ],
          [
            23.526655,
            40.692806
          ],
          [
            23.528487,
            40.692121
          ],
          [
            23.5299,
            40.691381
          ],
          [
            23.533862,
            40.689018
          ],
          [
            23.536196,
            40.687739
          ],
          [
            23.537848,
            40.687034
          ],
          [
            23.539564,
            40.686519
          ],
          [
            23.543331,
            40.685687
          ],
          [
            23.549379,
            40.684123
          ],
          [
            23.550996,
            40.683771
          ],
          [
            23.553432,
            40.683377
          ],
          [
            23.560261,
            40.68252
          ],
          [
            23.562606,
            40.682006
          ],
          [
            23.566206,
            40.681033
          ],
          [
            23.568258,
            40.680583
          ],
          [
            23.570512,
            40.680318
          ],
          [
            23.575399,
            40.679959
          ],
          [
            23.57678,
            40.679767
          ],
          [
            23.58902,
            40.676892
          ]
        ]
      }
    },
    {
      "type": "Feature",
      "properties": {
        "geometryRef": "rentina-asprovalta",
        "_source": "OSM"
      },
      "geometry": {
        "type": "LineString",
        "coordinates": [
          [
            23.58902,
            40.676892
          ],
          [
            23.593017,
            40.675964
          ],
          [
            23.595892,
            40.675395
          ],
          [
            23.598139,
            40.675246
          ],
          [
            23.599895,
            40.675367
          ],
          [
            23.601133,
            40.675576
          ],
          [
            23.602492,
            40.675925
          ],
          [
            23.615063,
            40.679788
          ],
          [
            23.615999,
            40.680147
          ],
          [
            23.617144,
            40.680724
          ],
          [
            23.617823,
            40.681157
          ],
          [
            23.618765,
            40.681925
          ],
          [
            23.619112,
            40.682274
          ],
          [
            23.623013,
            40.687393
          ],
          [
            23.625154,
            40.689518
          ],
          [
            23.626794,
            40.690806
          ],
          [
            23.628033,
            40.691617
          ],
          [
            23.629683,
            40.692531
          ],
          [
            23.643869,
            40.6995
          ],
          [
            23.646194,
            40.700429
          ],
          [
            23.648016,
            40.700868
          ],
          [
            23.649472,
            40.701054
          ],
          [
            23.650816,
            40.701127
          ],
          [
            23.652579,
            40.701073
          ],
          [
            23.656816,
            40.700629
          ],
          [
            23.658306,
            40.700547
          ],
          [
            23.66041,
            40.700544
          ],
          [
            23.662257,
            40.700651
          ],
          [
            23.664166,
            40.700885
          ],
          [
            23.665876,
            40.70118
          ],
          [
            23.667624,
            40.701583
          ],
          [
            23.669217,
            40.702074
          ],
          [
            23.671254,
            40.702854
          ],
          [
            23.672889,
            40.703587
          ],
          [
            23.674714,
            40.704576
          ],
          [
            23.677091,
            40.706185
          ],
          [
            23.681318,
            40.709787
          ]
        ]
      }
    },
    {
      "type": "Feature",
      "properties": {
        "geometryRef": "asprovalta-strymonas",
        "_source": "OSM"
      },
      "geometry": {
        "type": "LineString",
        "coordinates": [
          [
            23.681318,
            40.709787
          ],
          [
            23.68469,
            40.712769
          ],
          [
            23.686132,
            40.714196
          ],
          [
            23.68781,
            40.716151
          ],
          [
            23.688741,
            40.717446
          ],
          [
            23.690541,
            40.720486
          ],
          [
            23.694005,
            40.726936
          ],
          [
            23.695506,
            40.72945
          ],
          [
            23.696459,
            40.73074
          ],
          [
            23.698785,
            40.733093
          ],
          [
            23.699293,
            40.733851
          ],
          [
            23.699637,
            40.734729
          ],
          [
            23.700035,
            40.736864
          ],
          [
            23.70059,
            40.738548
          ],
          [
            23.700902,
            40.739237
          ],
          [
            23.701781,
            40.740687
          ],
          [
            23.702698,
            40.741921
          ],
          [
            23.70348,
            40.74283
          ],
          [
            23.704998,
            40.744282
          ],
          [
            23.717129,
            40.754897
          ],
          [
            23.717585,
            40.755269
          ],
          [
            23.718283,
            40.755676
          ],
          [
            23.719298,
            40.756068
          ],
          [
            23.72055,
            40.756353
          ],
          [
            23.724951,
            40.756487
          ],
          [
            23.72677,
            40.756789
          ],
          [
            23.728699,
            40.75736
          ],
          [
            23.731572,
            40.758719
          ],
          [
            23.732686,
            40.759166
          ],
          [
            23.733645,
            40.759489
          ],
          [
            23.734541,
            40.759663
          ],
          [
            23.735447,
            40.75969
          ],
          [
            23.736305,
            40.759618
          ],
          [
            23.740604,
            40.758898
          ],
          [
            23.741885,
            40.758815
          ],
          [
            23.743043,
            40.758836
          ],
          [
            23.744345,
            40.758967
          ],
          [
            23.750539,
            40.760015
          ],
          [
            23.757894,
            40.760581
          ],
          [
            23.758925,
            40.76075
          ],
          [
            23.760181,
            40.761073
          ],
          [
            23.761404,
            40.761542
          ],
          [
            23.764857,
            40.763158
          ],
          [
            23.769344,
            40.764678
          ],
          [
            23.771466,
            40.765707
          ],
          [
            23.772278,
            40.766232
          ],
          [
            23.775613,
            40.768728
          ],
          [
            23.780238,
            40.772369
          ],
          [
            23.78953,
            40.777867
          ],
          [
            23.792082,
            40.77927
          ],
          [
            23.793562,
            40.77981
          ],
          [
            23.795188,
            40.780192
          ],
          [
            23.811622,
            40.782052
          ],
          [
            23.814585,
            40.782678
          ],
          [
            23.816393,
            40.783238
          ],
          [
            23.818187,
            40.783908
          ],
          [
            23.819988,
            40.784723
          ],
          [
            23.821602,
            40.785599
          ],
          [
            23.823832,
            40.787124
          ],
          [
            23.825173,
            40.788228
          ],
          [
            23.825955,
            40.788987
          ],
          [
            23.829903,
            40.793505
          ],
          [
            23.831105,
            40.794756
          ],
          [
            23.832419,
            40.79579
          ],
          [
            23.833514,
            40.796428
          ],
          [
            23.834597,
            40.796928
          ],
          [
            23.840183,
            40.798755
          ],
          [
            23.841442,
            40.799116
          ],
          [
            23.842802,
            40.799391
          ],
          [
            23.844649,
            40.799565
          ],
          [
            23.849981,
            40.799431
          ],
          [
            23.850908,
            40.799495
          ],
          [
            23.852155,
            40.799718
          ],
          [
            23.853252,
            40.800042
          ],
          [
            23.859243,
            40.80241
          ],
          [
            23.860713,
            40.802878
          ]
        ]
      }
    },
    {
      "type": "Feature",
      "properties": {
        "geometryRef": "strymonas-agios-andreas",
        "_source": "OSM"
      },
      "geometry": {
        "type": "LineString",
        "coordinates": [
          [
            23.860713,
            40.802878
          ],
          [
            23.861674,
            40.803069
          ],
          [
            23.862807,
            40.803181
          ],
          [
            23.863999,
            40.803193
          ],
          [
            23.864824,
            40.803124
          ],
          [
            23.866253,
            40.802834
          ],
          [
            23.867259,
            40.802506
          ],
          [
            23.868992,
            40.801632
          ],
          [
            23.870065,
            40.800818
          ],
          [
            23.887885,
            40.784825
          ],
          [
            23.88914,
            40.783816
          ],
          [
            23.890669,
            40.782873
          ],
          [
            23.892351,
            40.782154
          ],
          [
            23.893708,
            40.781725
          ],
          [
            23.8961,
            40.781309
          ],
          [
            23.89797,
            40.781275
          ],
          [
            23.899311,
            40.78138
          ],
          [
            23.904577,
            40.782311
          ],
          [
            23.906488,
            40.782542
          ],
          [
            23.90855,
            40.782679
          ],
          [
            23.911086,
            40.782691
          ],
          [
            23.916749,
            40.782298
          ],
          [
            23.919403,
            40.782402
          ],
          [
            23.922058,
            40.782776
          ],
          [
            23.923601,
            40.78313
          ],
          [
            23.927041,
            40.784115
          ],
          [
            23.929288,
            40.784409
          ],
          [
            23.931359,
            40.784368
          ],
          [
            23.93236,
            40.784247
          ],
          [
            23.935599,
            40.783656
          ],
          [
            23.937728,
            40.78355
          ],
          [
            23.939255,
            40.783651
          ],
          [
            23.940821,
            40.783917
          ],
          [
            23.944793,
            40.785096
          ],
          [
            23.946678,
            40.785449
          ],
          [
            23.948712,
            40.785523
          ],
          [
            23.953062,
            40.785192
          ],
          [
            23.954846,
            40.785226
          ],
          [
            23.956769,
            40.785427
          ],
          [
            23.959577,
            40.786058
          ],
          [
            23.964473,
            40.787845
          ],
          [
            23.968334,
            40.788778
          ],
          [
            23.969902,
            40.789242
          ],
          [
            23.9723,
            40.790194
          ],
          [
            23.975926,
            40.792239
          ],
          [
            23.977313,
            40.792865
          ],
          [
            23.979318,
            40.793485
          ],
          [
            23.981152,
            40.793772
          ],
          [
            23.982716,
            40.793846
          ],
          [
            23.984814,
            40.793681
          ],
          [
            23.986683,
            40.79329
          ],
          [
            23.990248,
            40.792309
          ],
          [
            23.991929,
            40.791998
          ],
          [
            23.994002,
            40.79175
          ],
          [
            23.995387,
            40.791685
          ],
          [
            23.997204,
            40.791717
          ],
          [
            23.999077,
            40.791876
          ],
          [
            24.000758,
            40.792127
          ],
          [
            24.002311,
            40.79246
          ],
          [
            24.003657,
            40.792842
          ],
          [
            24.006141,
            40.793769
          ],
          [
            24.008091,
            40.794757
          ],
          [
            24.022837,
            40.802996
          ],
          [
            24.024765,
            40.803973
          ],
          [
            24.027507,
            40.805199
          ],
          [
            24.045124,
            40.812584
          ],
          [
            24.047055,
            40.813674
          ],
          [
            24.050089,
            40.815857
          ],
          [
            24.05208,
            40.817096
          ],
          [
            24.054765,
            40.818522
          ],
          [
            24.056818,
            40.819436
          ],
          [
            24.06064,
            40.820788
          ],
          [
            24.063138,
            40.821464
          ],
          [
            24.06481,
            40.821823
          ],
          [
            24.066941,
            40.822193
          ],
          [
            24.082583,
            40.824507
          ],
          [
            24.087062,
            40.825409
          ],
          [
            24.092062,
            40.826719
          ],
          [
            24.096714,
            40.828288
          ],
          [
            24.101132,
            40.83013
          ],
          [
            24.105783,
            40.832547
          ],
          [
            24.108915,
            40.834487
          ],
          [
            24.110285,
            40.835421
          ],
          [
            24.116878,
            40.840422
          ],
          [
            24.119876,
            40.842404
          ],
          [
            24.123711,
            40.844578
          ],
          [
            24.126017,
            40.845704
          ],
          [
            24.128669,
            40.846885
          ],
          [
            24.132743,
            40.848428
          ],
          [
            24.13631,
            40.849538
          ],
          [
            24.140432,
            40.850602
          ],
          [
            24.146763,
            40.852036
          ],
          [
            24.149097,
            40.852701
          ],
          [
            24.151582,
            40.853512
          ],
          [
            24.156354,
            40.855368
          ],
          [
            24.162784,
            40.858384
          ],
          [
            24.169329,
            40.860762
          ],
          [
            24.173147,
            40.861894
          ],
          [
            24.175616,
            40.862539
          ],
          [
            24.182752,
            40.864065
          ],
          [
            24.185942,
            40.864866
          ],
          [
            24.189275,
            40.865857
          ],
          [
            24.192254,
            40.866907
          ],
          [
            24.195878,
            40.868383
          ],
          [
            24.199283,
            40.870004
          ],
          [
            24.202044,
            40.871512
          ],
          [
            24.207386,
            40.874704
          ],
          [
            24.208662,
            40.875366
          ],
          [
            24.210542,
            40.876184
          ],
          [
            24.212081,
            40.876732
          ],
          [
            24.218095,
            40.878376
          ],
          [
            24.220923,
            40.879409
          ],
          [
            24.222546,
            40.880154
          ],
          [
            24.224198,
            40.881071
          ],
          [
            24.228001,
            40.883611
          ],
          [
            24.229238,
            40.884217
          ],
          [
            24.230804,
            40.884756
          ],
          [
            24.232101,
            40.885076
          ],
          [
            24.233399,
            40.885266
          ],
          [
            24.234379,
            40.885336
          ],
          [
            24.23562,
            40.885321
          ],
          [
            24.2368,
            40.885223
          ],
          [
            24.238284,
            40.884973
          ],
          [
            24.240365,
            40.884345
          ],
          [
            24.241428,
            40.883863
          ],
          [
            24.243397,
            40.882713
          ],
          [
            24.254557,
            40.875765
          ],
          [
            24.256082,
            40.875104
          ],
          [
            24.257598,
            40.874687
          ],
          [
            24.258743,
            40.874457
          ],
          [
            24.259945,
            40.874361
          ],
          [
            24.261123,
            40.874413
          ],
          [
            24.262196,
            40.874603
          ],
          [
            24.263262,
            40.874932
          ],
          [
            24.26416,
            40.875337
          ],
          [
            24.264853,
            40.875757
          ],
          [
            24.267245,
            40.877751
          ],
          [
            24.268053,
            40.878318
          ],
          [
            24.269073,
            40.878794
          ],
          [
            24.270394,
            40.879164
          ],
          [
            24.271337,
            40.8793
          ],
          [
            24.272454,
            40.879317
          ],
          [
            24.277259,
            40.878521
          ],
          [
            24.279065,
            40.878466
          ],
          [
            24.280551,
            40.878726
          ],
          [
            24.283938,
            40.879958
          ],
          [
            24.284596,
            40.880108
          ],
          [
            24.285524,
            40.880194
          ],
          [
            24.28644,
            40.880172
          ],
          [
            24.287352,
            40.880049
          ],
          [
            24.288239,
            40.879807
          ],
          [
            24.289043,
            40.879484
          ],
          [
            24.290028,
            40.878866
          ],
          [
            24.293758,
            40.875841
          ],
          [
            24.294558,
            40.875373
          ],
          [
            24.295539,
            40.874995
          ]
        ]
      }
    },
    {
      "type": "Feature",
      "properties": {
        "geometryRef": "agios-andreas-agios-syllas",
        "_source": "OSM"
      },
      "geometry": {
        "type": "LineString",
        "coordinates": [
          [
            24.295539,
            40.874995
          ],
          [
            24.296617,
            40.874752
          ],
          [
            24.297572,
            40.874655
          ],
          [
            24.298525,
            40.87467
          ],
          [
            24.299479,
            40.874829
          ],
          [
            24.300836,
            40.875271
          ],
          [
            24.30203,
            40.875907
          ],
          [
            24.302935,
            40.876509
          ],
          [
            24.303587,
            40.877077
          ],
          [
            24.304312,
            40.877971
          ],
          [
            24.305559,
            40.880523
          ],
          [
            24.306048,
            40.880977
          ],
          [
            24.30798,
            40.881992
          ],
          [
            24.30874,
            40.882589
          ],
          [
            24.309121,
            40.883186
          ],
          [
            24.309703,
            40.884957
          ],
          [
            24.309994,
            40.885506
          ],
          [
            24.310691,
            40.886235
          ],
          [
            24.311598,
            40.886758
          ],
          [
            24.312601,
            40.887055
          ],
          [
            24.313766,
            40.887132
          ],
          [
            24.322407,
            40.88631
          ],
          [
            24.322931,
            40.886351
          ],
          [
            24.323577,
            40.886507
          ],
          [
            24.324367,
            40.886902
          ],
          [
            24.324957,
            40.887477
          ],
          [
            24.325913,
            40.889263
          ],
          [
            24.327491,
            40.891008
          ],
          [
            24.327818,
            40.891497
          ],
          [
            24.327977,
            40.892308
          ],
          [
            24.327563,
            40.89443
          ],
          [
            24.327515,
            40.895119
          ],
          [
            24.327752,
            40.896068
          ],
          [
            24.328316,
            40.896869
          ],
          [
            24.330169,
            40.898646
          ],
          [
            24.332237,
            40.901012
          ],
          [
            24.332929,
            40.901525
          ],
          [
            24.333654,
            40.901837
          ],
          [
            24.334465,
            40.902057
          ],
          [
            24.338669,
            40.902987
          ],
          [
            24.339317,
            40.90324
          ],
          [
            24.340261,
            40.903878
          ],
          [
            24.340944,
            40.904507
          ],
          [
            24.341318,
            40.905022
          ],
          [
            24.343233,
            40.908259
          ],
          [
            24.343597,
            40.908664
          ],
          [
            24.34418,
            40.909077
          ],
          [
            24.344837,
            40.909389
          ],
          [
            24.345592,
            40.909561
          ],
          [
            24.351061,
            40.910078
          ],
          [
            24.352934,
            40.910085
          ],
          [
            24.35542,
            40.909689
          ],
          [
            24.356118,
            40.909694
          ],
          [
            24.357069,
            40.909875
          ],
          [
            24.357836,
            40.91034
          ],
          [
            24.358409,
            40.911045
          ],
          [
            24.359387,
            40.913412
          ],
          [
            24.359766,
            40.913972
          ],
          [
            24.360327,
            40.914458
          ],
          [
            24.361293,
            40.914865
          ],
          [
            24.36524,
            40.915537
          ],
          [
            24.365973,
            40.915842
          ],
          [
            24.366472,
            40.916186
          ],
          [
            24.36685,
            40.916587
          ],
          [
            24.367119,
            40.917076
          ],
          [
            24.36737,
            40.919299
          ],
          [
            24.367721,
            40.92022
          ],
          [
            24.368373,
            40.921034
          ],
          [
            24.37006,
            40.92239
          ],
          [
            24.370395,
            40.92295
          ],
          [
            24.370541,
            40.923441
          ],
          [
            24.370504,
            40.924052
          ],
          [
            24.370314,
            40.92457
          ],
          [
            24.368296,
            40.927121
          ],
          [
            24.368067,
            40.92791
          ],
          [
            24.368185,
            40.928811
          ],
          [
            24.36863,
            40.929552
          ],
          [
            24.369331,
            40.930147
          ],
          [
            24.370126,
            40.930509
          ],
          [
            24.372176,
            40.931191
          ],
          [
            24.373138,
            40.931633
          ],
          [
            24.374298,
            40.932501
          ],
          [
            24.374906,
            40.933242
          ],
          [
            24.37537,
            40.93425
          ],
          [
            24.37555,
            40.935381
          ],
          [
            24.375291,
            40.940126
          ]
        ]
      }
    },
    {
      "type": "Feature",
      "properties": {
        "geometryRef": "agios-syllas-aspri-ammos",
        "_source": "OSM"
      },
      "geometry": {
        "type": "LineString",
        "coordinates": [
          [
            24.375291,
            40.940126
          ],
          [
            24.375146,
            40.945148
          ],
          [
            24.374593,
            40.947442
          ],
          [
            24.374621,
            40.947938
          ],
          [
            24.374761,
            40.948287
          ],
          [
            24.374981,
            40.948592
          ],
          [
            24.375646,
            40.949144
          ],
          [
            24.380576,
            40.951886
          ],
          [
            24.381059,
            40.952313
          ],
          [
            24.382053,
            40.953611
          ],
          [
            24.38254,
            40.954022
          ],
          [
            24.38338,
            40.954492
          ],
          [
            24.383982,
            40.954663
          ],
          [
            24.39043,
            40.955528
          ],
          [
            24.39141,
            40.955842
          ],
          [
            24.391786,
            40.95611
          ],
          [
            24.392107,
            40.956476
          ],
          [
            24.392345,
            40.95717
          ],
          [
            24.392325,
            40.957667
          ],
          [
            24.39177,
            40.959261
          ],
          [
            24.391841,
            40.959912
          ],
          [
            24.392019,
            40.960236
          ],
          [
            24.392464,
            40.960687
          ],
          [
            24.393344,
            40.961098
          ],
          [
            24.398248,
            40.962086
          ],
          [
            24.399256,
            40.962196
          ],
          [
            24.40387,
            40.961826
          ],
          [
            24.407609,
            40.961845
          ],
          [
            24.409554,
            40.961377
          ],
          [
            24.410068,
            40.961325
          ],
          [
            24.410612,
            40.961348
          ],
          [
            24.411378,
            40.961527
          ],
          [
            24.412194,
            40.962005
          ],
          [
            24.412479,
            40.962333
          ],
          [
            24.412713,
            40.962893
          ],
          [
            24.412687,
            40.963534
          ],
          [
            24.412207,
            40.964919
          ],
          [
            24.412302,
            40.965661
          ],
          [
            24.412808,
            40.966308
          ],
          [
            24.413421,
            40.966622
          ],
          [
            24.413961,
            40.966773
          ],
          [
            24.414778,
            40.966823
          ],
          [
            24.416631,
            40.966616
          ],
          [
            24.418039,
            40.966762
          ],
          [
            24.418886,
            40.96668
          ],
          [
            24.419423,
            40.966507
          ],
          [
            24.425823,
            40.96363
          ],
          [
            24.426814,
            40.963368
          ],
          [
            24.427665,
            40.963392
          ],
          [
            24.428372,
            40.963606
          ],
          [
            24.428941,
            40.963943
          ],
          [
            24.429916,
            40.964783
          ],
          [
            24.4305,
            40.965055
          ],
          [
            24.431388,
            40.965203
          ],
          [
            24.43239,
            40.965038
          ],
          [
            24.433232,
            40.964583
          ],
          [
            24.437166,
            40.960964
          ],
          [
            24.437645,
            40.960621
          ],
          [
            24.438182,
            40.960392
          ],
          [
            24.438827,
            40.960249
          ],
          [
            24.440637,
            40.96024
          ],
          [
            24.441387,
            40.960158
          ],
          [
            24.442004,
            40.959993
          ],
          [
            24.442683,
            40.959695
          ],
          [
            24.447957,
            40.955642
          ],
          [
            24.449185,
            40.954798
          ],
          [
            24.450086,
            40.954252
          ],
          [
            24.451331,
            40.953632
          ],
          [
            24.453059,
            40.953054
          ],
          [
            24.453874,
            40.952907
          ],
          [
            24.455147,
            40.95282
          ],
          [
            24.456076,
            40.952864
          ],
          [
            24.457353,
            40.953089
          ],
          [
            24.462607,
            40.954769
          ],
          [
            24.465057,
            40.955885
          ]
        ]
      }
    },
    {
      "type": "Feature",
      "properties": {
        "geometryRef": "aspri-ammos-chrysoupoli",
        "_source": "OSM"
      },
      "geometry": {
        "type": "LineString",
        "coordinates": [
          [
            24.465057,
            40.955885
          ],
          [
            24.470411,
            40.958661
          ],
          [
            24.470637,
            40.958866
          ],
          [
            24.472244,
            40.959758
          ],
          [
            24.474302,
            40.960769
          ],
          [
            24.474632,
            40.960848
          ],
          [
            24.47599,
            40.96151
          ],
          [
            24.477825,
            40.962266
          ],
          [
            24.483057,
            40.964152
          ],
          [
            24.484595,
            40.964848
          ],
          [
            24.486095,
            40.965824
          ],
          [
            24.488959,
            40.968413
          ],
          [
            24.489622,
            40.968914
          ],
          [
            24.491105,
            40.969667
          ],
          [
            24.493007,
            40.970214
          ],
          [
            24.493979,
            40.970353
          ],
          [
            24.495085,
            40.970395
          ],
          [
            24.502245,
            40.970149
          ],
          [
            24.513171,
            40.969077
          ],
          [
            24.515071,
            40.968688
          ],
          [
            24.520097,
            40.967081
          ],
          [
            24.522046,
            40.9668
          ],
          [
            24.523478,
            40.966759
          ],
          [
            24.524602,
            40.96683
          ],
          [
            24.531835,
            40.967866
          ],
          [
            24.534296,
            40.968327
          ],
          [
            24.542413,
            40.970441
          ],
          [
            24.545782,
            40.971105
          ],
          [
            24.549121,
            40.971494
          ],
          [
            24.56204,
            40.972551
          ],
          [
            24.563933,
            40.972836
          ],
          [
            24.566456,
            40.973392
          ],
          [
            24.568344,
            40.973978
          ],
          [
            24.570628,
            40.974806
          ],
          [
            24.579599,
            40.978201
          ],
          [
            24.582247,
            40.979321
          ],
          [
            24.603999,
            40.989097
          ],
          [
            24.606144,
            40.989878
          ],
          [
            24.609039,
            40.990645
          ],
          [
            24.610742,
            40.990943
          ],
          [
            24.61248,
            40.991153
          ],
          [
            24.614565,
            40.991277
          ],
          [
            24.616437,
            40.991261
          ],
          [
            24.618983,
            40.991059
          ],
          [
            24.62064,
            40.990806
          ],
          [
            24.62306,
            40.99028
          ],
          [
            24.626017,
            40.989513
          ],
          [
            24.627974,
            40.98916
          ],
          [
            24.629365,
            40.989063
          ],
          [
            24.631065,
            40.989085
          ],
          [
            24.63285,
            40.989314
          ],
          [
            24.63418,
            40.989593
          ],
          [
            24.635168,
            40.989876
          ],
          [
            24.636638,
            40.990423
          ],
          [
            24.637621,
            40.990924
          ],
          [
            24.638818,
            40.99168
          ],
          [
            24.6609,
            41.007877
          ]
        ]
      }
    },
    {
      "type": "Feature",
      "properties": {
        "geometryRef": "chrysoupoli-vaniano",
        "_source": "OSM"
      },
      "geometry": {
        "type": "LineString",
        "coordinates": [
          [
            24.6609,
            41.007877
          ],
          [
            24.664468,
            41.010216
          ],
          [
            24.667466,
            41.011998
          ],
          [
            24.670939,
            41.013868
          ],
          [
            24.67404,
            41.015397
          ],
          [
            24.676508,
            41.016503
          ],
          [
            24.704547,
            41.028347
          ],
          [
            24.706287,
            41.029152
          ],
          [
            24.708046,
            41.030205
          ],
          [
            24.70942,
            41.031278
          ],
          [
            24.710811,
            41.032585
          ],
          [
            24.722639,
            41.045924
          ],
          [
            24.724508,
            41.047775
          ],
          [
            24.726747,
            41.049479
          ],
          [
            24.732706,
            41.053131
          ],
          [
            24.735019,
            41.054852
          ],
          [
            24.736545,
            41.056368
          ],
          [
            24.742212,
            41.062841
          ],
          [
            24.743687,
            41.064245
          ],
          [
            24.744627,
            41.064995
          ],
          [
            24.746158,
            41.066041
          ],
          [
            24.747621,
            41.066877
          ],
          [
            24.749442,
            41.067721
          ],
          [
            24.751642,
            41.068496
          ],
          [
            24.754673,
            41.069222
          ],
          [
            24.757858,
            41.069613
          ],
          [
            24.772028,
            41.070061
          ],
          [
            24.775636,
            41.070075
          ],
          [
            24.777321,
            41.070002
          ],
          [
            24.779635,
            41.069774
          ],
          [
            24.782594,
            41.069149
          ],
          [
            24.78412,
            41.068629
          ],
          [
            24.789084,
            41.066704
          ],
          [
            24.791204,
            41.066043
          ],
          [
            24.793874,
            41.065367
          ],
          [
            24.797257,
            41.064727
          ],
          [
            24.818058,
            41.061319
          ],
          [
            24.823355,
            41.060792
          ],
          [
            24.827008,
            41.060634
          ],
          [
            24.830353,
            41.060635
          ],
          [
            24.834284,
            41.060825
          ],
          [
            24.836243,
            41.060995
          ],
          [
            24.83962,
            41.061403
          ],
          [
            24.843162,
            41.061998
          ]
        ]
      }
    },
    {
      "type": "Feature",
      "properties": {
        "geometryRef": "vaniano-komotini-west",
        "_source": "OSM"
      },
      "geometry": {
        "type": "LineString",
        "coordinates": [
          [
            24.843162,
            41.061998
          ],
          [
            24.846319,
            41.062707
          ],
          [
            24.849984,
            41.063662
          ],
          [
            24.890921,
            41.075259
          ],
          [
            24.896247,
            41.077013
          ],
          [
            24.92069,
            41.08576
          ],
          [
            24.927839,
            41.088788
          ],
          [
            24.955129,
            41.10145
          ],
          [
            24.958746,
            41.103292
          ],
          [
            24.984872,
            41.117275
          ],
          [
            24.985897,
            41.11773
          ],
          [
            24.987468,
            41.118235
          ],
          [
            24.98852,
            41.118469
          ],
          [
            24.989976,
            41.118669
          ],
          [
            24.991667,
            41.118724
          ],
          [
            24.993351,
            41.118614
          ],
          [
            25.013407,
            41.116362
          ],
          [
            25.016723,
            41.116152
          ],
          [
            25.019666,
            41.116164
          ],
          [
            25.024031,
            41.1165
          ],
          [
            25.038163,
            41.118519
          ],
          [
            25.044827,
            41.119147
          ],
          [
            25.071548,
            41.120341
          ],
          [
            25.080752,
            41.120346
          ],
          [
            25.081155,
            41.120265
          ],
          [
            25.085683,
            41.119919
          ],
          [
            25.090268,
            41.119386
          ],
          [
            25.130075,
            41.113126
          ],
          [
            25.132002,
            41.112869
          ],
          [
            25.134115,
            41.11269
          ],
          [
            25.137288,
            41.112641
          ],
          [
            25.139501,
            41.112761
          ],
          [
            25.172913,
            41.116301
          ],
          [
            25.176847,
            41.11654
          ],
          [
            25.18103,
            41.116594
          ],
          [
            25.18538,
            41.116431
          ],
          [
            25.189066,
            41.116091
          ],
          [
            25.192604,
            41.11562
          ],
          [
            25.213715,
            41.112315
          ],
          [
            25.217462,
            41.111916
          ],
          [
            25.221618,
            41.111761
          ],
          [
            25.225021,
            41.111902
          ],
          [
            25.227253,
            41.11214
          ],
          [
            25.233235,
            41.113135
          ],
          [
            25.278531,
            41.121966
          ],
          [
            25.283434,
            41.122775
          ],
          [
            25.288044,
            41.123272
          ],
          [
            25.292235,
            41.123477
          ],
          [
            25.29513,
            41.123477
          ],
          [
            25.302888,
            41.123216
          ],
          [
            25.306138,
            41.122929
          ],
          [
            25.308098,
            41.122599
          ],
          [
            25.309612,
            41.122257
          ],
          [
            25.316403,
            41.120112
          ],
          [
            25.320992,
            41.118493
          ],
          [
            25.324274,
            41.117181
          ],
          [
            25.326837,
            41.11605
          ],
          [
            25.330157,
            41.114418
          ],
          [
            25.337831,
            41.110395
          ],
          [
            25.341039,
            41.108823
          ],
          [
            25.345419,
            41.10684
          ],
          [
            25.351881,
            41.104289
          ],
          [
            25.356002,
            41.102892
          ],
          [
            25.360657,
            41.101442
          ]
        ]
      }
    },
    {
      "type": "Feature",
      "properties": {
        "geometryRef": "komotini-west-mesti",
        "_source": "OSM"
      },
      "geometry": {
        "type": "LineString",
        "coordinates": [
          [
            25.360657,
            41.101442
          ],
          [
            25.364366,
            41.100445
          ],
          [
            25.36807,
            41.099568
          ],
          [
            25.374182,
            41.098364
          ],
          [
            25.382824,
            41.097043
          ],
          [
            25.392022,
            41.095963
          ],
          [
            25.398613,
            41.095357
          ],
          [
            25.405062,
            41.094863
          ],
          [
            25.409292,
            41.094761
          ],
          [
            25.411143,
            41.094844
          ],
          [
            25.413529,
            41.095056
          ],
          [
            25.422055,
            41.096325
          ],
          [
            25.42465,
            41.096613
          ],
          [
            25.426589,
            41.096734
          ],
          [
            25.428891,
            41.096712
          ],
          [
            25.430305,
            41.096615
          ],
          [
            25.432432,
            41.096335
          ],
          [
            25.435301,
            41.095743
          ],
          [
            25.438006,
            41.09489
          ],
          [
            25.440584,
            41.093738
          ],
          [
            25.441928,
            41.092999
          ],
          [
            25.44369,
            41.091849
          ],
          [
            25.444695,
            41.091081
          ],
          [
            25.446259,
            41.089707
          ],
          [
            25.472981,
            41.063014
          ],
          [
            25.474467,
            41.06166
          ],
          [
            25.477012,
            41.059738
          ],
          [
            25.482698,
            41.056147
          ],
          [
            25.485197,
            41.054309
          ],
          [
            25.48741,
            41.052286
          ],
          [
            25.492897,
            41.046728
          ],
          [
            25.493979,
            41.045729
          ],
          [
            25.516098,
            41.027563
          ],
          [
            25.532797,
            41.01394
          ],
          [
            25.533512,
            41.013445
          ],
          [
            25.534089,
            41.012883
          ],
          [
            25.542602,
            41.005863
          ],
          [
            25.57153,
            40.982273
          ],
          [
            25.580445,
            40.975104
          ],
          [
            25.58983,
            40.969791
          ],
          [
            25.590906,
            40.969261
          ],
          [
            25.608961,
            40.962363
          ],
          [
            25.610627,
            40.961917
          ],
          [
            25.611654,
            40.961736
          ],
          [
            25.612646,
            40.961653
          ],
          [
            25.640439,
            40.960388
          ],
          [
            25.64272,
            40.960176
          ]
        ]
      }
    },
    {
      "type": "Feature",
      "properties": {
        "geometryRef": "mesti-makri",
        "_source": "OSM"
      },
      "geometry": {
        "type": "LineString",
        "coordinates": [
          [
            25.64272,
            40.960176
          ],
          [
            25.644894,
            40.95964
          ],
          [
            25.646031,
            40.959223
          ],
          [
            25.646947,
            40.958787
          ],
          [
            25.648051,
            40.958114
          ],
          [
            25.651696,
            40.955526
          ],
          [
            25.65615,
            40.95338
          ],
          [
            25.657071,
            40.952724
          ],
          [
            25.65774,
            40.951881
          ],
          [
            25.658679,
            40.949793
          ],
          [
            25.6591,
            40.949123
          ],
          [
            25.659731,
            40.948487
          ],
          [
            25.661239,
            40.947358
          ],
          [
            25.661869,
            40.946758
          ],
          [
            25.663753,
            40.943823
          ],
          [
            25.664279,
            40.943134
          ],
          [
            25.668834,
            40.938323
          ],
          [
            25.674024,
            40.933834
          ],
          [
            25.674976,
            40.932828
          ],
          [
            25.675619,
            40.931703
          ],
          [
            25.678171,
            40.925743
          ],
          [
            25.678471,
            40.925167
          ],
          [
            25.678881,
            40.92463
          ],
          [
            25.67944,
            40.924136
          ],
          [
            25.680073,
            40.923737
          ],
          [
            25.684374,
            40.921526
          ],
          [
            25.685215,
            40.921204
          ],
          [
            25.687061,
            40.920727
          ],
          [
            25.687988,
            40.920334
          ],
          [
            25.688622,
            40.919941
          ],
          [
            25.689251,
            40.919348
          ],
          [
            25.689605,
            40.91882
          ],
          [
            25.689925,
            40.918029
          ],
          [
            25.690816,
            40.914181
          ],
          [
            25.690752,
            40.91323
          ],
          [
            25.69023,
            40.911396
          ],
          [
            25.690083,
            40.910425
          ],
          [
            25.69012,
            40.906509
          ],
          [
            25.690201,
            40.905715
          ],
          [
            25.690928,
            40.902144
          ],
          [
            25.691295,
            40.901363
          ],
          [
            25.6924,
            40.899666
          ],
          [
            25.692613,
            40.899157
          ],
          [
            25.692732,
            40.898452
          ],
          [
            25.692645,
            40.89701
          ],
          [
            25.692739,
            40.896191
          ],
          [
            25.693621,
            40.893752
          ],
          [
            25.694419,
            40.892715
          ],
          [
            25.69631,
            40.891402
          ],
          [
            25.697353,
            40.890121
          ],
          [
            25.697914,
            40.889614
          ],
          [
            25.698874,
            40.889076
          ],
          [
            25.700987,
            40.888211
          ],
          [
            25.702174,
            40.887457
          ],
          [
            25.702913,
            40.886629
          ],
          [
            25.704002,
            40.884736
          ],
          [
            25.705059,
            40.883547
          ],
          [
            25.705873,
            40.883002
          ],
          [
            25.707443,
            40.882309
          ],
          [
            25.708418,
            40.881559
          ],
          [
            25.708891,
            40.88091
          ],
          [
            25.709763,
            40.879062
          ],
          [
            25.710067,
            40.878236
          ],
          [
            25.710463,
            40.876399
          ],
          [
            25.710797,
            40.875707
          ],
          [
            25.711237,
            40.875134
          ],
          [
            25.7122,
            40.87439
          ],
          [
            25.715014,
            40.872902
          ],
          [
            25.717519,
            40.870982
          ],
          [
            25.721242,
            40.868705
          ],
          [
            25.722202,
            40.868257
          ],
          [
            25.723919,
            40.867615
          ],
          [
            25.726806,
            40.866889
          ],
          [
            25.727802,
            40.866527
          ],
          [
            25.728657,
            40.866049
          ],
          [
            25.730666,
            40.86472
          ],
          [
            25.732342,
            40.863804
          ],
          [
            25.735632,
            40.862324
          ],
          [
            25.73907,
            40.860605
          ],
          [
            25.740036,
            40.860321
          ],
          [
            25.741214,
            40.860155
          ],
          [
            25.74851,
            40.859795
          ]
        ]
      }
    },
    {
      "type": "Feature",
      "properties": {
        "geometryRef": "makri-alexandroupoli-industrial-area",
        "_source": "OSM"
      },
      "geometry": {
        "type": "LineString",
        "coordinates": [
          [
            25.74851,
            40.859795
          ],
          [
            25.752207,
            40.859679
          ],
          [
            25.753566,
            40.85979
          ],
          [
            25.755121,
            40.860101
          ],
          [
            25.756335,
            40.86046
          ],
          [
            25.757753,
            40.861017
          ],
          [
            25.767387,
            40.865915
          ],
          [
            25.769186,
            40.866632
          ],
          [
            25.770438,
            40.866988
          ],
          [
            25.772139,
            40.867286
          ],
          [
            25.776985,
            40.867535
          ],
          [
            25.779262,
            40.867851
          ],
          [
            25.780814,
            40.86825
          ],
          [
            25.787694,
            40.870392
          ],
          [
            25.790288,
            40.870956
          ],
          [
            25.791654,
            40.871131
          ],
          [
            25.793321,
            40.871219
          ],
          [
            25.79455,
            40.871206
          ],
          [
            25.79644,
            40.871064
          ],
          [
            25.822737,
            40.866698
          ],
          [
            25.825161,
            40.866527
          ],
          [
            25.827757,
            40.866607
          ],
          [
            25.829518,
            40.866836
          ],
          [
            25.83083,
            40.867114
          ],
          [
            25.83276,
            40.867674
          ],
          [
            25.833734,
            40.868042
          ],
          [
            25.835733,
            40.868958
          ],
          [
            25.84981,
            40.875962
          ],
          [
            25.851822,
            40.87676
          ],
          [
            25.854248,
            40.87744
          ],
          [
            25.856381,
            40.877801
          ],
          [
            25.858444,
            40.87798
          ],
          [
            25.876674,
            40.878607
          ],
          [
            25.878953,
            40.878847
          ],
          [
            25.881244,
            40.879312
          ],
          [
            25.883474,
            40.880019
          ],
          [
            25.8847,
            40.880537
          ],
          [
            25.886124,
            40.881267
          ],
          [
            25.888169,
            40.882489
          ],
          [
            25.903371,
            40.892139
          ],
          [
            25.905643,
            40.893408
          ],
          [
            25.907635,
            40.894376
          ],
          [
            25.911171,
            40.895774
          ],
          [
            25.936717,
            40.904237
          ],
          [
            25.940779,
            40.90576
          ],
          [
            25.948963,
            40.909165
          ]
        ]
      }
    },
    {
      "type": "Feature",
      "properties": {
        "geometryRef": "alexandroupoli-industrial-area-kipoi",
        "_source": "OSM"
      },
      "geometry": {
        "type": "LineString",
        "coordinates": [
          [
            25.948963,
            40.909165
          ],
          [
            25.951523,
            40.910185
          ],
          [
            25.966035,
            40.915486
          ],
          [
            25.969286,
            40.916877
          ],
          [
            25.971182,
            40.917781
          ],
          [
            25.973825,
            40.919181
          ],
          [
            25.983179,
            40.925015
          ],
          [
            25.985808,
            40.92633
          ],
          [
            25.98784,
            40.927115
          ],
          [
            25.989958,
            40.927798
          ],
          [
            25.991851,
            40.928214
          ],
          [
            25.994493,
            40.928599
          ],
          [
            25.996542,
            40.928718
          ],
          [
            25.999012,
            40.928717
          ],
          [
            26.002758,
            40.928385
          ],
          [
            26.021279,
            40.924497
          ],
          [
            26.023006,
            40.924281
          ],
          [
            26.02405,
            40.924255
          ],
          [
            26.025031,
            40.924329
          ],
          [
            26.030282,
            40.925271
          ],
          [
            26.032603,
            40.925457
          ],
          [
            26.034312,
            40.925364
          ],
          [
            26.040025,
            40.924833
          ],
          [
            26.043343,
            40.924309
          ],
          [
            26.047968,
            40.923322
          ],
          [
            26.050981,
            40.922548
          ],
          [
            26.057729,
            40.920621
          ],
          [
            26.059079,
            40.920323
          ],
          [
            26.060138,
            40.920191
          ],
          [
            26.062356,
            40.920178
          ],
          [
            26.063615,
            40.920368
          ],
          [
            26.064622,
            40.920609
          ],
          [
            26.066289,
            40.921208
          ],
          [
            26.070886,
            40.923156
          ],
          [
            26.073,
            40.923805
          ],
          [
            26.075859,
            40.92432
          ],
          [
            26.077456,
            40.924446
          ],
          [
            26.078681,
            40.92446
          ],
          [
            26.080005,
            40.924407
          ],
          [
            26.082059,
            40.92417
          ],
          [
            26.100735,
            40.920773
          ],
          [
            26.104011,
            40.920334
          ],
          [
            26.121482,
            40.919272
          ],
          [
            26.124787,
            40.919285
          ],
          [
            26.128027,
            40.91964
          ],
          [
            26.131161,
            40.920331
          ],
          [
            26.178764,
            40.933582
          ],
          [
            26.184081,
            40.935487
          ],
          [
            26.212682,
            40.947682
          ],
          [
            26.215488,
            40.948687
          ],
          [
            26.217472,
            40.949261
          ],
          [
            26.219908,
            40.949869
          ],
          [
            26.222859,
            40.950402
          ],
          [
            26.225319,
            40.950695
          ],
          [
            26.228228,
            40.950873
          ],
          [
            26.230045,
            40.950872
          ],
          [
            26.233839,
            40.950719
          ],
          [
            26.285632,
            40.9469
          ],
          [
            26.304673,
            40.945431
          ],
          [
            26.307263,
            40.945268
          ],
          [
            26.309299,
            40.945249
          ]
        ]
      }
    }
  ]
}
