{
  "type": "FeatureCollection",
  "features": [
    {
      "type": "Feature",
      "properties": {
        "geometryRef": "swiecko-rzepin",
        "_source": "OSM"
      },
      "geometry": {
        "type": "LineString",
        "coordinates": [
          [
            14.634338,
            52.326297
          ],
          [
            14.638311,
            52.326001
          ],
          [
            14.643563,
            52.325521
          ],
          [
            14.648085,
            52.325032
          ],
          [
            14.653646,
            52.324526
          ],
          [
            14.659061,
            52.324097
          ],
          [
            14.663661,
            52.324018
          ],
          [
            14.667954,
            52.32428
          ],
          [
            14.672921,
            52.324857
          ],
          [
            14.677001,
            52.325398
          ],
          [
            14.68314,
            52.326205
          ],
          [
            14.688178,
            52.326853
          ],
          [
            14.693939,
            52.327625
          ],
          [
            14.698586,
            52.328211
          ],
          [
            14.703505,
            52.328836
          ],
          [
            14.70786,
            52.329402
          ],
          [
            14.713061,
            52.330077
          ],
          [
            14.719528,
            52.330902
          ],
          [
            14.722924,
            52.331338
          ],
          [
            14.728797,
            52.332087
          ],
          [
            14.731793,
            52.332476
          ],
          [
            14.737842,
            52.333245
          ],
          [
            14.742385,
            52.333819
          ],
          [
            14.748816,
            52.334634
          ],
          [
            14.753248,
            52.335056
          ],
          [
            14.757447,
            52.33522
          ],
          [
            14.763782,
            52.335256
          ],
          [
            14.767999,
            52.335267
          ],
          [
            14.772342,
            52.33533
          ],
          [
            14.7775,
            52.335289
          ],
          [
            14.78186,
            52.33536
          ],
          [
            14.787882,
            52.335346
          ],
          [
            14.795161,
            52.335302
          ],
          [
            14.799273,
            52.335357
          ],
          [
            14.803259,
            52.335133
          ],
          [
            14.807373,
            52.334517
          ],
          [
            14.814974,
            52.333154
          ],
          [
            14.817187,
            52.332597
          ],
          [
            14.822375,
            52.331689
          ],
          [
            14.82991,
            52.33025
          ],
          [
            14.833521,
            52.329561
          ],
          [
            14.83854,
            52.328847
          ],
          [
            14.843129,
            52.32862
          ],
          [
            14.848539,
            52.328975
          ],
          [
            14.853046,
            52.329622
          ],
          [
            14.85927,
            52.330651
          ],
          [
            14.864273,
            52.331437
          ],
          [
            14.868391,
            52.332082
          ],
          [
            14.872516,
            52.332725
          ]
        ]
      }
    },
    {
      "type": "Feature",
      "properties": {
        "geometryRef": "rzepin-nowy-tomysl",
        "_source": "OSM"
      },
      "geometry": {
        "type": "LineString",
        "coordinates": [
          [
            14.878917,
            52.333726
          ],
          [
            14.883591,
            52.334333
          ],
          [
            14.888681,
            52.334792
          ],
          [
            14.892463,
            52.334961
          ],
          [
            14.898619,
            52.335011
          ],
          [
            14.903534,
            52.334844
          ],
          [
            14.907647,
            52.334533
          ],
          [
            14.912984,
            52.334136
          ],
          [
            14.918115,
            52.334035
          ],
          [
            14.92269,
            52.334248
          ],
          [
            14.927893,
            52.334866
          ],
          [
            14.933314,
            52.33585
          ],
          [
            14.938047,
            52.336743
          ],
          [
            14.943566,
            52.337719
          ],
          [
            14.948727,
            52.338336
          ],
          [
            14.953338,
            52.338404
          ],
          [
            14.958403,
            52.337966
          ],
          [
            14.963148,
            52.337036
          ],
          [
            14.969047,
            52.335841
          ],
          [
            14.972444,
            52.335068
          ],
          [
            14.978741,
            52.333706
          ],
          [
            14.983613,
            52.332935
          ],
          [
            14.988151,
            52.33269
          ],
          [
            14.993201,
            52.332636
          ],
          [
            14.999575,
            52.332623
          ],
          [
            15.003828,
            52.332597
          ],
          [
            15.00931,
            52.332631
          ],
          [
            15.014054,
            52.332545
          ],
          [
            15.017952,
            52.332446
          ],
          [
            15.02292,
            52.332004
          ],
          [
            15.027183,
            52.331335
          ],
          [
            15.032763,
            52.330203
          ],
          [
            15.038817,
            52.328952
          ],
          [
            15.04469,
            52.327736
          ],
          [
            15.047618,
            52.32713
          ],
          [
            15.053798,
            52.325885
          ],
          [
            15.058554,
            52.325126
          ],
          [
            15.063784,
            52.324676
          ],
          [
            15.069359,
            52.324591
          ],
          [
            15.073205,
            52.324666
          ],
          [
            15.078231,
            52.324842
          ],
          [
            15.083426,
            52.325017
          ],
          [
            15.087363,
            52.325106
          ],
          [
            15.093155,
            52.325273
          ],
          [
            15.097621,
            52.325392
          ],
          [
            15.104563,
            52.325594
          ],
          [
            15.107283,
            52.325677
          ],
          [
            15.113251,
            52.325825
          ],
          [
            15.117885,
            52.32598
          ],
          [
            15.123513,
            52.326142
          ],
          [
            15.133571,
            52.326434
          ],
          [
            15.138097,
            52.326563
          ],
          [
            15.143945,
            52.326685
          ],
          [
            15.148462,
            52.326692
          ],
          [
            15.153911,
            52.326491
          ],
          [
            15.158689,
            52.326153
          ],
          [
            15.163781,
            52.325632
          ],
          [
            15.168592,
            52.325012
          ],
          [
            15.173586,
            52.324135
          ],
          [
            15.179075,
            52.323002
          ],
          [
            15.184088,
            52.32175
          ],
          [
            15.18862,
            52.320438
          ],
          [
            15.193092,
            52.318949
          ],
          [
            15.198342,
            52.316996
          ],
          [
            15.203987,
            52.314838
          ],
          [
            15.208485,
            52.313359
          ],
          [
            15.213599,
            52.312116
          ],
          [
            15.218974,
            52.311289
          ],
          [
            15.222963,
            52.310919
          ],
          [
            15.228908,
            52.310532
          ],
          [
            15.234491,
            52.310188
          ],
          [
            15.238778,
            52.30983
          ],
          [
            15.243913,
            52.308917
          ],
          [
            15.249111,
            52.307188
          ],
          [
            15.253961,
            52.304482
          ],
          [
            15.259168,
            52.30049
          ],
          [
            15.263576,
            52.297831
          ],
          [
            15.269165,
            52.295799
          ],
          [
            15.273891,
            52.294879
          ],
          [
            15.279014,
            52.294438
          ],
          [
            15.284838,
            52.29442
          ],
          [
            15.289147,
            52.294702
          ],
          [
            15.294051,
            52.295346
          ],
          [
            15.298816,
            52.296305
          ],
          [
            15.305899,
            52.29806
          ],
          [
            15.308891,
            52.298771
          ],
          [
            15.325473,
            52.302901
          ],
          [
            15.328671,
            52.303696
          ],
          [
            15.334224,
            52.305074
          ],
          [
            15.337773,
            52.305956
          ],
          [
            15.343986,
            52.307496
          ],
          [
            15.349367,
            52.30883
          ],
          [
            15.354614,
            52.310132
          ],
          [
            15.358048,
            52.310983
          ],
          [
            15.365416,
            52.312808
          ],
          [
            15.3684,
            52.313549
          ],
          [
            15.375963,
            52.315422
          ],
          [
            15.379494,
            52.316276
          ],
          [
            15.383974,
            52.317218
          ],
          [
            15.38954,
            52.318126
          ],
          [
            15.393613,
            52.318606
          ],
          [
            15.399231,
            52.319038
          ],
          [
            15.40378,
            52.319192
          ],
          [
            15.409277,
            52.319148
          ],
          [
            15.413809,
            52.318911
          ],
          [
            15.418428,
            52.31852
          ],
          [
            15.423305,
            52.318062
          ],
          [
            15.429311,
            52.31751
          ],
          [
            15.434251,
            52.317134
          ],
          [
            15.438782,
            52.316861
          ],
          [
            15.444006,
            52.316638
          ],
          [
            15.44874,
            52.316518
          ],
          [
            15.452297,
            52.316477
          ],
          [
            15.459066,
            52.316534
          ],
          [
            15.462945,
            52.31663
          ],
          [
            15.469542,
            52.316916
          ],
          [
            15.473822,
            52.31719
          ],
          [
            15.479893,
            52.31768
          ],
          [
            15.484675,
            52.318164
          ],
          [
            15.487884,
            52.318533
          ],
          [
            15.492992,
            52.319147
          ],
          [
            15.499016,
            52.31987
          ],
          [
            15.503003,
            52.320367
          ],
          [
            15.50622,
            52.320683
          ],
          [
            15.514336,
            52.321708
          ],
          [
            15.518467,
            52.322202
          ],
          [
            15.521869,
            52.322613
          ],
          [
            15.528998,
            52.323463
          ],
          [
            15.533968,
            52.323899
          ],
          [
            15.538625,
            52.324091
          ],
          [
            15.543003,
            52.32407
          ],
          [
            15.548517,
            52.323756
          ],
          [
            15.553196,
            52.323227
          ],
          [
            15.559558,
            52.322175
          ],
          [
            15.567872,
            52.320643
          ],
          [
            15.57535,
            52.319267
          ],
          [
            15.579191,
            52.318562
          ],
          [
            15.58495,
            52.317498
          ],
          [
            15.588668,
            52.316801
          ],
          [
            15.594493,
            52.315623
          ],
          [
            15.599463,
            52.314518
          ],
          [
            15.604055,
            52.313424
          ],
          [
            15.607955,
            52.312434
          ],
          [
            15.613599,
            52.310889
          ],
          [
            15.619849,
            52.309134
          ],
          [
            15.625343,
            52.30759
          ],
          [
            15.630714,
            52.306082
          ],
          [
            15.645109,
            52.302037
          ],
          [
            15.649081,
            52.300923
          ],
          [
            15.653823,
            52.299728
          ],
          [
            15.659366,
            52.298771
          ],
          [
            15.664977,
            52.298273
          ],
          [
            15.669781,
            52.298064
          ],
          [
            15.675527,
            52.297825
          ],
          [
            15.685238,
            52.297425
          ],
          [
            15.688497,
            52.297291
          ],
          [
            15.693995,
            52.297064
          ],
          [
            15.699112,
            52.296853
          ],
          [
            15.704407,
            52.296664
          ],
          [
            15.709324,
            52.296624
          ],
          [
            15.713362,
            52.296729
          ],
          [
            15.718326,
            52.296994
          ],
          [
            15.723908,
            52.29752
          ],
          [
            15.729645,
            52.298284
          ],
          [
            15.73534,
            52.29929
          ],
          [
            15.738784,
            52.300033
          ],
          [
            15.744415,
            52.301472
          ],
          [
            15.74909,
            52.302851
          ],
          [
            15.752883,
            52.304001
          ],
          [
            15.765266,
            52.307792
          ],
          [
            15.768199,
            52.30869
          ],
          [
            15.774874,
            52.31073
          ],
          [
            15.778991,
            52.311972
          ],
          [
            15.78396,
            52.313502
          ],
          [
            15.788521,
            52.314895
          ],
          [
            15.791986,
            52.315953
          ],
          [
            15.799419,
            52.318224
          ],
          [
            15.804031,
            52.319629
          ],
          [
            15.807765,
            52.320765
          ],
          [
            15.813726,
            52.322587
          ],
          [
            15.819689,
            52.324314
          ],
          [
            15.821951,
            52.32489
          ],
          [
            15.828639,
            52.326335
          ],
          [
            15.834063,
            52.327256
          ],
          [
            15.838367,
            52.327818
          ],
          [
            15.843872,
            52.328345
          ],
          [
            15.848629,
            52.328623
          ],
          [
            15.8544,
            52.328765
          ],
          [
            15.859077,
            52.328831
          ],
          [
            15.863397,
            52.328872
          ],
          [
            15.867312,
            52.328935
          ],
          [
            15.873251,
            52.329003
          ],
          [
            15.87769,
            52.329086
          ],
          [
            15.882912,
            52.329142
          ],
          [
            15.889911,
            52.329233
          ],
          [
            15.898269,
            52.329336
          ],
          [
            15.904369,
            52.329475
          ],
          [
            15.90628,
            52.329435
          ],
          [
            15.914922,
            52.32957
          ],
          [
            15.918921,
            52.329634
          ],
          [
            15.92384,
            52.329739
          ],
          [
            15.928556,
            52.329958
          ],
          [
            15.93371,
            52.330291
          ],
          [
            15.939208,
            52.330793
          ],
          [
            15.943436,
            52.33126
          ],
          [
            15.948305,
            52.331907
          ],
          [
            15.953461,
            52.332675
          ],
          [
            15.957193,
            52.333323
          ],
          [
            15.963191,
            52.334487
          ],
          [
            15.968551,
            52.335673
          ],
          [
            15.972263,
            52.336622
          ],
          [
            15.977789,
            52.338046
          ],
          [
            15.982911,
            52.339299
          ],
          [
            15.989434,
            52.340943
          ],
          [
            15.993598,
            52.341922
          ],
          [
            15.997585,
            52.342816
          ],
          [
            16.00341,
            52.343912
          ],
          [
            16.008493,
            52.344791
          ],
          [
            16.013927,
            52.345587
          ],
          [
            16.017829,
            52.346111
          ],
          [
            16.022914,
            52.346839
          ],
          [
            16.026876,
            52.347382
          ],
          [
            16.033165,
            52.348313
          ],
          [
            16.037965,
            52.348946
          ],
          [
            16.043406,
            52.349696
          ],
          [
            16.048911,
            52.350442
          ],
          [
            16.053268,
            52.351099
          ],
          [
            16.059775,
            52.352013
          ],
          [
            16.064695,
            52.352636
          ],
          [
            16.069846,
            52.353414
          ],
          [
            16.073122,
            52.353922
          ],
          [
            16.077748,
            52.354744
          ],
          [
            16.082155,
            52.355572
          ],
          [
            16.086754,
            52.356396
          ],
          [
            16.092294,
            52.357415
          ],
          [
            16.098209,
            52.358518
          ]
        ]
      }
    },
    {
      "type": "Feature",
      "properties": {
        "geometryRef": "nowy-tomysl-poznan-komorniki",
        "_source": "OSM"
      },
      "geometry": {
        "type": "LineString",
        "coordinates": [
          [
            16.102827,
            52.359349
          ],
          [
            16.108247,
            52.360384
          ],
          [
            16.113536,
            52.361358
          ],
          [
            16.11856,
            52.362284
          ],
          [
            16.123142,
            52.363037
          ],
          [
            16.128024,
            52.363674
          ],
          [
            16.158709,
            52.366742
          ],
          [
            16.163468,
            52.36717
          ],
          [
            16.168365,
            52.367431
          ],
          [
            16.172088,
            52.367508
          ],
          [
            16.179491,
            52.367584
          ],
          [
            16.182128,
            52.367614
          ],
          [
            16.188458,
            52.367692
          ],
          [
            16.192502,
            52.367848
          ],
          [
            16.197939,
            52.368264
          ],
          [
            16.203585,
            52.368976
          ],
          [
            16.208141,
            52.369753
          ],
          [
            16.214547,
            52.371018
          ],
          [
            16.230324,
            52.37415
          ],
          [
            16.23322,
            52.374698
          ],
          [
            16.238142,
            52.375492
          ],
          [
            16.242766,
            52.376071
          ],
          [
            16.248093,
            52.376542
          ],
          [
            16.252191,
            52.37677
          ],
          [
            16.261879,
            52.377106
          ],
          [
            16.26903,
            52.377359
          ],
          [
            16.273204,
            52.37752
          ],
          [
            16.27862,
            52.377756
          ],
          [
            16.28307,
            52.377969
          ],
          [
            16.288448,
            52.378248
          ],
          [
            16.297288,
            52.378737
          ],
          [
            16.309125,
            52.379391
          ],
          [
            16.321541,
            52.380074
          ],
          [
            16.329675,
            52.380576
          ],
          [
            16.332927,
            52.3807
          ],
          [
            16.342853,
            52.381245
          ],
          [
            16.356268,
            52.381981
          ],
          [
            16.369094,
            52.382681
          ],
          [
            16.372905,
            52.382906
          ],
          [
            16.377216,
            52.383221
          ],
          [
            16.382966,
            52.383775
          ],
          [
            16.387984,
            52.38437
          ],
          [
            16.39105,
            52.384785
          ],
          [
            16.396573,
            52.385587
          ],
          [
            16.41008,
            52.387541
          ],
          [
            16.41392,
            52.38805
          ],
          [
            16.418535,
            52.388582
          ],
          [
            16.423298,
            52.389026
          ],
          [
            16.428294,
            52.389392
          ],
          [
            16.432617,
            52.389634
          ],
          [
            16.443077,
            52.390009
          ],
          [
            16.448268,
            52.390072
          ],
          [
            16.453579,
            52.389904
          ],
          [
            16.458384,
            52.389549
          ],
          [
            16.463105,
            52.389004
          ],
          [
            16.468755,
            52.388144
          ],
          [
            16.473436,
            52.387442
          ],
          [
            16.478332,
            52.386865
          ],
          [
            16.483214,
            52.386575
          ],
          [
            16.487466,
            52.386513
          ],
          [
            16.491023,
            52.386599
          ],
          [
            16.499521,
            52.387062
          ],
          [
            16.502153,
            52.387212
          ],
          [
            16.507954,
            52.387499
          ],
          [
            16.513407,
            52.387565
          ],
          [
            16.518655,
            52.387405
          ],
          [
            16.523377,
            52.387046
          ],
          [
            16.528463,
            52.386459
          ],
          [
            16.533127,
            52.385693
          ],
          [
            16.538976,
            52.384477
          ],
          [
            16.542175,
            52.383656
          ],
          [
            16.553702,
            52.380366
          ],
          [
            16.55821,
            52.378975
          ],
          [
            16.563263,
            52.377516
          ],
          [
            16.568232,
            52.376001
          ],
          [
            16.573545,
            52.37428
          ],
          [
            16.578561,
            52.372548
          ],
          [
            16.583149,
            52.370868
          ],
          [
            16.593184,
            52.367041
          ],
          [
            16.597013,
            52.365576
          ],
          [
            16.603834,
            52.362968
          ],
          [
            16.609576,
            52.360773
          ],
          [
            16.614351,
            52.358954
          ],
          [
            16.617785,
            52.357732
          ],
          [
            16.623187,
            52.356158
          ],
          [
            16.628184,
            52.355046
          ],
          [
            16.632163,
            52.354361
          ],
          [
            16.638218,
            52.353356
          ],
          [
            16.654923,
            52.350813
          ],
          [
            16.656094,
            52.350654
          ],
          [
            16.663422,
            52.349493
          ],
          [
            16.667149,
            52.349007
          ],
          [
            16.672632,
            52.348552
          ],
          [
            16.677992,
            52.348415
          ],
          [
            16.681462,
            52.348491
          ],
          [
            16.691443,
            52.348836
          ],
          [
            16.707868,
            52.349581
          ],
          [
            16.711441,
            52.349704
          ],
          [
            16.717805,
            52.349957
          ],
          [
            16.722558,
            52.35016
          ],
          [
            16.728307,
            52.350361
          ],
          [
            16.732758,
            52.350519
          ],
          [
            16.737319,
            52.350511
          ],
          [
            16.743355,
            52.350547
          ],
          [
            16.747914,
            52.350507
          ],
          [
            16.753788,
            52.350497
          ],
          [
            16.758656,
            52.350469
          ],
          [
            16.762645,
            52.350426
          ],
          [
            16.76706,
            52.350492
          ],
          [
            16.771173,
            52.350409
          ],
          [
            16.777446,
            52.350451
          ],
          [
            16.784455,
            52.350491
          ],
          [
            16.787039,
            52.35042
          ],
          [
            16.794477,
            52.350403
          ],
          [
            16.795973,
            52.350421
          ],
          [
            16.810102,
            52.350325
          ],
          [
            16.813656,
            52.350422
          ],
          [
            16.818512,
            52.350369
          ],
          [
            16.822447,
            52.35035
          ],
          [
            16.82819,
            52.350318
          ],
          [
            16.834128,
            52.350304
          ]
        ]
      }
    },
    {
      "type": "Feature",
      "properties": {
        "geometryRef": "poznan-komorniki-krzesiny",
        "_source": "OSM"
      },
      "geometry": {
        "type": "LineString",
        "coordinates": [
          [
            16.837597,
            52.350346
          ],
          [
            16.842485,
            52.350484
          ],
          [
            16.848045,
            52.350819
          ],
          [
            16.852919,
            52.351234
          ],
          [
            16.858007,
            52.351809
          ],
          [
            16.861682,
            52.352317
          ],
          [
            16.868439,
            52.353287
          ],
          [
            16.873606,
            52.353905
          ],
          [
            16.878042,
            52.354325
          ],
          [
            16.882844,
            52.354612
          ],
          [
            16.887995,
            52.354674
          ],
          [
            16.893314,
            52.354527
          ],
          [
            16.897791,
            52.354221
          ],
          [
            16.902898,
            52.353819
          ],
          [
            16.90777,
            52.353411
          ],
          [
            16.913251,
            52.352989
          ],
          [
            16.919494,
            52.35247
          ],
          [
            16.923098,
            52.352196
          ],
          [
            16.927419,
            52.351848
          ],
          [
            16.93205,
            52.351475
          ],
          [
            16.937865,
            52.351006
          ],
          [
            16.943416,
            52.350567
          ],
          [
            16.948505,
            52.350132
          ],
          [
            16.953009,
            52.349759
          ],
          [
            16.958527,
            52.349367
          ],
          [
            16.962933,
            52.348974
          ],
          [
            16.968712,
            52.348518
          ],
          [
            16.973826,
            52.34811
          ],
          [
            16.977859,
            52.347776
          ],
          [
            16.982237,
            52.347439
          ],
          [
            16.987358,
            52.347
          ],
          [
            16.992767,
            52.346541
          ],
          [
            16.998157,
            52.346142
          ]
        ]
      }
    },
    {
      "type": "Feature",
      "properties": {
        "geometryRef": "krzesiny-wrzesnia",
        "_source": "OSM"
      },
      "geometry": {
        "type": "LineString",
        "coordinates": [
          [
            17.002172,
            52.34576
          ],
          [
            17.008025,
            52.345127
          ],
          [
            17.013313,
            52.344448
          ],
          [
            17.017849,
            52.343841
          ],
          [
            17.021594,
            52.343261
          ],
          [
            17.027388,
            52.342294
          ],
          [
            17.032436,
            52.341411
          ],
          [
            17.03734,
            52.340396
          ],
          [
            17.041915,
            52.339443
          ],
          [
            17.045471,
            52.338728
          ],
          [
            17.057251,
            52.336305
          ],
          [
            17.061313,
            52.335512
          ],
          [
            17.066299,
            52.334424
          ],
          [
            17.071824,
            52.333257
          ],
          [
            17.077107,
            52.332178
          ],
          [
            17.081811,
            52.33117
          ],
          [
            17.087027,
            52.329925
          ],
          [
            17.091839,
            52.328708
          ],
          [
            17.096937,
            52.327349
          ],
          [
            17.10222,
            52.325818
          ],
          [
            17.106684,
            52.324442
          ],
          [
            17.110772,
            52.323159
          ],
          [
            17.116488,
            52.321376
          ],
          [
            17.120542,
            52.320134
          ],
          [
            17.126429,
            52.318283
          ],
          [
            17.131365,
            52.316778
          ],
          [
            17.135656,
            52.315402
          ],
          [
            17.141508,
            52.313581
          ],
          [
            17.146147,
            52.31217
          ],
          [
            17.151187,
            52.310701
          ],
          [
            17.155756,
            52.309657
          ],
          [
            17.160681,
            52.308714
          ],
          [
            17.165786,
            52.307998
          ],
          [
            17.170505,
            52.30752
          ],
          [
            17.175901,
            52.307221
          ],
          [
            17.181149,
            52.307161
          ],
          [
            17.186274,
            52.307333
          ],
          [
            17.191285,
            52.307686
          ],
          [
            17.195385,
            52.308182
          ],
          [
            17.202139,
            52.30914
          ],
          [
            17.205689,
            52.309565
          ],
          [
            17.210852,
            52.310002
          ],
          [
            17.215565,
            52.310227
          ],
          [
            17.220668,
            52.310252
          ],
          [
            17.227042,
            52.310249
          ],
          [
            17.231951,
            52.310227
          ],
          [
            17.236855,
            52.310214
          ],
          [
            17.242559,
            52.310209
          ],
          [
            17.246563,
            52.310171
          ],
          [
            17.251121,
            52.310178
          ],
          [
            17.255944,
            52.310177
          ],
          [
            17.259515,
            52.310153
          ],
          [
            17.26605,
            52.310137
          ],
          [
            17.271428,
            52.310122
          ],
          [
            17.275946,
            52.310108
          ],
          [
            17.286224,
            52.310097
          ],
          [
            17.295609,
            52.310032
          ],
          [
            17.299862,
            52.309983
          ],
          [
            17.305807,
            52.310021
          ],
          [
            17.313397,
            52.309997
          ],
          [
            17.322158,
            52.309969
          ],
          [
            17.33094,
            52.30994
          ],
          [
            17.342294,
            52.309903
          ],
          [
            17.348307,
            52.309883
          ],
          [
            17.351327,
            52.309879
          ],
          [
            17.355994,
            52.309948
          ],
          [
            17.361704,
            52.310152
          ],
          [
            17.366328,
            52.310423
          ],
          [
            17.371571,
            52.310805
          ],
          [
            17.376214,
            52.311281
          ],
          [
            17.381765,
            52.311957
          ],
          [
            17.386326,
            52.312619
          ],
          [
            17.39157,
            52.313464
          ],
          [
            17.398112,
            52.314633
          ],
          [
            17.404028,
            52.315682
          ],
          [
            17.408526,
            52.316476
          ],
          [
            17.411825,
            52.317015
          ],
          [
            17.416353,
            52.317658
          ],
          [
            17.422267,
            52.318333
          ],
          [
            17.426702,
            52.318658
          ],
          [
            17.432191,
            52.318961
          ],
          [
            17.436959,
            52.319058
          ],
          [
            17.44066,
            52.319106
          ],
          [
            17.446922,
            52.319042
          ],
          [
            17.45256,
            52.318902
          ],
          [
            17.457193,
            52.318778
          ],
          [
            17.461955,
            52.318706
          ],
          [
            17.467635,
            52.318647
          ],
          [
            17.472602,
            52.318612
          ],
          [
            17.477345,
            52.318526
          ],
          [
            17.482347,
            52.31845
          ],
          [
            17.487346,
            52.318428
          ],
          [
            17.49264,
            52.318348
          ],
          [
            17.497724,
            52.318233
          ],
          [
            17.502571,
            52.318148
          ],
          [
            17.507284,
            52.318046
          ],
          [
            17.51222,
            52.317832
          ],
          [
            17.516774,
            52.317528
          ],
          [
            17.522139,
            52.316982
          ],
          [
            17.527442,
            52.316302
          ],
          [
            17.53197,
            52.31558
          ]
        ]
      }
    },
    {
      "type": "Feature",
      "properties": {
        "geometryRef": "wrzesnia-sluocin",
        "_source": "OSM"
      },
      "geometry": {
        "type": "LineString",
        "coordinates": [
          [
            17.537244,
            52.314596
          ],
          [
            17.540448,
            52.314002
          ],
          [
            17.547887,
            52.312579
          ],
          [
            17.552193,
            52.311771
          ],
          [
            17.556261,
            52.311119
          ],
          [
            17.561647,
            52.310493
          ],
          [
            17.566218,
            52.310146
          ],
          [
            17.570526,
            52.309898
          ],
          [
            17.576536,
            52.309532
          ],
          [
            17.58229,
            52.30918
          ],
          [
            17.587105,
            52.308725
          ],
          [
            17.591895,
            52.30807
          ],
          [
            17.596856,
            52.307186
          ],
          [
            17.600254,
            52.306456
          ],
          [
            17.605988,
            52.305138
          ],
          [
            17.611552,
            52.303841
          ],
          [
            17.616652,
            52.302693
          ],
          [
            17.620603,
            52.301785
          ],
          [
            17.625971,
            52.300541
          ],
          [
            17.631009,
            52.299376
          ],
          [
            17.636229,
            52.2982
          ],
          [
            17.640057,
            52.297323
          ],
          [
            17.645857,
            52.295977
          ],
          [
            17.65043,
            52.294938
          ],
          [
            17.655639,
            52.293735
          ],
          [
            17.659541,
            52.292716
          ],
          [
            17.664946,
            52.291196
          ],
          [
            17.66987,
            52.289646
          ],
          [
            17.674486,
            52.288023
          ],
          [
            17.679484,
            52.286108
          ],
          [
            17.684342,
            52.284151
          ],
          [
            17.688528,
            52.282446
          ],
          [
            17.692861,
            52.280681
          ],
          [
            17.69805,
            52.278592
          ],
          [
            17.703033,
            52.276598
          ],
          [
            17.70756,
            52.274886
          ],
          [
            17.711889,
            52.273342
          ],
          [
            17.71675,
            52.271724
          ],
          [
            17.721694,
            52.270292
          ],
          [
            17.726519,
            52.26899
          ],
          [
            17.730911,
            52.26796
          ],
          [
            17.736345,
            52.266818
          ],
          [
            17.741499,
            52.265884
          ],
          [
            17.746299,
            52.265126
          ],
          [
            17.750972,
            52.264519
          ],
          [
            17.755693,
            52.263994
          ],
          [
            17.760583,
            52.263517
          ],
          [
            17.765726,
            52.263032
          ],
          [
            17.771941,
            52.262444
          ],
          [
            17.77587,
            52.261986
          ],
          [
            17.781001,
            52.261213
          ],
          [
            17.785883,
            52.260362
          ],
          [
            17.790918,
            52.259474
          ],
          [
            17.795948,
            52.258582
          ],
          [
            17.800982,
            52.25765
          ],
          [
            17.805845,
            52.256795
          ],
          [
            17.810056,
            52.256001
          ],
          [
            17.814219,
            52.255183
          ],
          [
            17.820779,
            52.253886
          ],
          [
            17.825477,
            52.252948
          ],
          [
            17.830483,
            52.251908
          ],
          [
            17.835213,
            52.250906
          ],
          [
            17.840075,
            52.249865
          ],
          [
            17.845153,
            52.248708
          ],
          [
            17.849757,
            52.247674
          ],
          [
            17.854402,
            52.246604
          ],
          [
            17.859768,
            52.245339
          ],
          [
            17.864492,
            52.244193
          ],
          [
            17.869159,
            52.243046
          ],
          [
            17.874262,
            52.241743
          ],
          [
            17.878904,
            52.240443
          ],
          [
            17.883923,
            52.238787
          ],
          [
            17.889193,
            52.236884
          ],
          [
            17.89366,
            52.235334
          ],
          [
            17.898056,
            52.233905
          ],
          [
            17.902997,
            52.232478
          ],
          [
            17.907462,
            52.231354
          ],
          [
            17.912875,
            52.230186
          ],
          [
            17.91764,
            52.229261
          ],
          [
            17.921969,
            52.228439
          ],
          [
            17.927493,
            52.227388
          ],
          [
            17.93259,
            52.226335
          ],
          [
            17.937594,
            52.225243
          ],
          [
            17.942119,
            52.224165
          ],
          [
            17.946891,
            52.222964
          ],
          [
            17.951554,
            52.221721
          ],
          [
            17.956295,
            52.220392
          ],
          [
            17.960826,
            52.219104
          ],
          [
            17.966534,
            52.217454
          ],
          [
            17.971174,
            52.216245
          ],
          [
            17.975664,
            52.215102
          ],
          [
            17.980802,
            52.213866
          ],
          [
            17.986105,
            52.212622
          ],
          [
            17.99067,
            52.211611
          ],
          [
            17.995493,
            52.210589
          ],
          [
            18.000267,
            52.209623
          ],
          [
            18.005269,
            52.208623
          ],
          [
            18.010086,
            52.207641
          ],
          [
            18.015296,
            52.206538
          ],
          [
            18.019996,
            52.205434
          ]
        ]
      }
    },
    {
      "type": "Feature",
      "properties": {
        "geometryRef": "sluocin-modla",
        "_source": "OSM"
      },
      "geometry": {
        "type": "LineString",
        "coordinates": [
          [
            18.024914,
            52.204072
          ],
          [
            18.029181,
            52.202755
          ],
          [
            18.034018,
            52.20113
          ],
          [
            18.039122,
            52.199319
          ],
          [
            18.04413,
            52.197624
          ],
          [
            18.048291,
            52.196393
          ],
          [
            18.053142,
            52.1952
          ],
          [
            18.05766,
            52.194276
          ],
          [
            18.063142,
            52.193278
          ],
          [
            18.067804,
            52.192339
          ],
          [
            18.072862,
            52.191102
          ],
          [
            18.077581,
            52.189681
          ],
          [
            18.082265,
            52.188155
          ],
          [
            18.087582,
            52.186628
          ],
          [
            18.092072,
            52.185414
          ],
          [
            18.09718,
            52.184131
          ],
          [
            18.101939,
            52.183066
          ],
          [
            18.106656,
            52.182158
          ],
          [
            18.112499,
            52.181206
          ],
          [
            18.116375,
            52.180642
          ],
          [
            18.122135,
            52.179791
          ],
          [
            18.126541,
            52.178986
          ],
          [
            18.131282,
            52.178024
          ],
          [
            18.135328,
            52.177044
          ],
          [
            18.141307,
            52.175565
          ],
          [
            18.145436,
            52.174575
          ],
          [
            18.151386,
            52.173164
          ],
          [
            18.154656,
            52.17239
          ],
          [
            18.161053,
            52.170986
          ],
          [
            18.165399,
            52.170043
          ],
          [
            18.170591,
            52.168989
          ],
          [
            18.17528,
            52.168103
          ],
          [
            18.180726,
            52.167084
          ],
          [
            18.185955,
            52.166175
          ],
          [
            18.190093,
            52.16553
          ],
          [
            18.194711,
            52.164785
          ],
          [
            18.199899,
            52.163926
          ],
          [
            18.204705,
            52.16325
          ]
        ]
      }
    },
    {
      "type": "Feature",
      "properties": {
        "geometryRef": "modla-strykow",
        "_source": "OSM"
      },
      "geometry": {
        "type": "LineString",
        "coordinates": [
          [
            18.210056,
            52.162585
          ],
          [
            18.215516,
            52.162092
          ],
          [
            18.219725,
            52.161766
          ],
          [
            18.224653,
            52.161403
          ],
          [
            18.23034,
            52.161007
          ],
          [
            18.234793,
            52.160726
          ],
          [
            18.24086,
            52.160274
          ],
          [
            18.245373,
            52.159896
          ],
          [
            18.2505,
            52.159308
          ],
          [
            18.255041,
            52.158604
          ],
          [
            18.259808,
            52.157651
          ],
          [
            18.26492,
            52.156402
          ],
          [
            18.269472,
            52.155047
          ],
          [
            18.274612,
            52.153498
          ],
          [
            18.278469,
            52.152304
          ],
          [
            18.283437,
            52.150997
          ],
          [
            18.288697,
            52.149863
          ],
          [
            18.29311,
            52.149103
          ],
          [
            18.298475,
            52.148467
          ],
          [
            18.303631,
            52.147866
          ],
          [
            18.308827,
            52.147246
          ],
          [
            18.313583,
            52.146454
          ],
          [
            18.319344,
            52.14526
          ],
          [
            18.322472,
            52.144514
          ],
          [
            18.329008,
            52.14298
          ],
          [
            18.33341,
            52.142069
          ],
          [
            18.33731,
            52.141415
          ],
          [
            18.342695,
            52.140745
          ],
          [
            18.348188,
            52.140327
          ],
          [
            18.353758,
            52.140151
          ],
          [
            18.358564,
            52.140254
          ],
          [
            18.363344,
            52.1405
          ],
          [
            18.368923,
            52.140953
          ],
          [
            18.37419,
            52.14145
          ],
          [
            18.37978,
            52.141993
          ],
          [
            18.384114,
            52.142251
          ],
          [
            18.389569,
            52.142445
          ],
          [
            18.394536,
            52.142595
          ],
          [
            18.399889,
            52.142807
          ],
          [
            18.405304,
            52.143227
          ],
          [
            18.409881,
            52.143794
          ],
          [
            18.415284,
            52.144678
          ],
          [
            18.421852,
            52.146025
          ],
          [
            18.426023,
            52.146917
          ],
          [
            18.432102,
            52.14816
          ],
          [
            18.437078,
            52.149158
          ],
          [
            18.442236,
            52.150209
          ],
          [
            18.447496,
            52.151139
          ],
          [
            18.452674,
            52.15188
          ],
          [
            18.4576,
            52.152361
          ],
          [
            18.462943,
            52.152643
          ],
          [
            18.467687,
            52.152675
          ],
          [
            18.472853,
            52.152536
          ],
          [
            18.477769,
            52.152191
          ],
          [
            18.482637,
            52.151593
          ],
          [
            18.487694,
            52.150785
          ],
          [
            18.492695,
            52.149765
          ],
          [
            18.497999,
            52.148514
          ],
          [
            18.502875,
            52.147373
          ],
          [
            18.507486,
            52.146268
          ],
          [
            18.512264,
            52.145183
          ],
          [
            18.517719,
            52.144049
          ],
          [
            18.52204,
            52.14336
          ],
          [
            18.526594,
            52.142729
          ],
          [
            18.531584,
            52.142164
          ],
          [
            18.536841,
            52.141808
          ],
          [
            18.542461,
            52.141554
          ],
          [
            18.547514,
            52.141493
          ],
          [
            18.552559,
            52.141562
          ],
          [
            18.559359,
            52.141668
          ],
          [
            18.562903,
            52.141797
          ],
          [
            18.568715,
            52.141903
          ],
          [
            18.574083,
            52.142043
          ],
          [
            18.578445,
            52.142139
          ],
          [
            18.582832,
            52.142192
          ],
          [
            18.588115,
            52.142126
          ],
          [
            18.593636,
            52.141923
          ],
          [
            18.598474,
            52.141567
          ],
          [
            18.603166,
            52.141155
          ],
          [
            18.608719,
            52.140481
          ],
          [
            18.614158,
            52.139648
          ],
          [
            18.617657,
            52.139012
          ],
          [
            18.623258,
            52.137851
          ],
          [
            18.626988,
            52.136972
          ],
          [
            18.632056,
            52.135666
          ],
          [
            18.63814,
            52.134006
          ],
          [
            18.642471,
            52.132937
          ],
          [
            18.648004,
            52.131686
          ],
          [
            18.652202,
            52.130888
          ],
          [
            18.657778,
            52.129893
          ],
          [
            18.662348,
            52.128983
          ],
          [
            18.666785,
            52.127979
          ],
          [
            18.671239,
            52.126722
          ],
          [
            18.677167,
            52.124923
          ],
          [
            18.680996,
            52.123836
          ],
          [
            18.686623,
            52.122503
          ],
          [
            18.690882,
            52.1217
          ],
          [
            18.695951,
            52.120939
          ],
          [
            18.701008,
            52.120353
          ],
          [
            18.706528,
            52.119701
          ],
          [
            18.71172,
            52.119078
          ],
          [
            18.716165,
            52.118459
          ],
          [
            18.721165,
            52.117564
          ],
          [
            18.725822,
            52.116531
          ],
          [
            18.730287,
            52.1153
          ],
          [
            18.735384,
            52.11362
          ],
          [
            18.74021,
            52.111713
          ],
          [
            18.744795,
            52.109576
          ],
          [
            18.749571,
            52.1071
          ],
          [
            18.754243,
            52.104684
          ],
          [
            18.758458,
            52.102731
          ],
          [
            18.763227,
            52.100744
          ],
          [
            18.768282,
            52.09881
          ],
          [
            18.773375,
            52.096824
          ],
          [
            18.778054,
            52.094749
          ],
          [
            18.782436,
            52.092462
          ],
          [
            18.78693,
            52.089678
          ],
          [
            18.791291,
            52.086494
          ],
          [
            18.795446,
            52.083075
          ],
          [
            18.800412,
            52.079162
          ],
          [
            18.804525,
            52.076356
          ],
          [
            18.809189,
            52.073678
          ],
          [
            18.814335,
            52.071086
          ],
          [
            18.818629,
            52.069053
          ],
          [
            18.823003,
            52.066868
          ],
          [
            18.827606,
            52.064256
          ],
          [
            18.832557,
            52.061087
          ],
          [
            18.836391,
            52.05848
          ],
          [
            18.840669,
            52.055583
          ],
          [
            18.844872,
            52.052725
          ],
          [
            18.850916,
            52.048614
          ],
          [
            18.854567,
            52.046145
          ],
          [
            18.86026,
            52.042667
          ],
          [
            18.863401,
            52.040945
          ],
          [
            18.868112,
            52.038753
          ],
          [
            18.872995,
            52.036677
          ],
          [
            18.877574,
            52.035017
          ],
          [
            18.882813,
            52.033376
          ],
          [
            18.88731,
            52.032185
          ],
          [
            18.891702,
            52.031199
          ],
          [
            18.897334,
            52.029976
          ],
          [
            18.902111,
            52.029025
          ],
          [
            18.9071,
            52.028021
          ],
          [
            18.912405,
            52.026874
          ],
          [
            18.916388,
            52.025867
          ],
          [
            18.921799,
            52.024225
          ],
          [
            18.926135,
            52.022775
          ],
          [
            18.93125,
            52.021104
          ],
          [
            18.934898,
            52.019804
          ],
          [
            18.941092,
            52.017759
          ],
          [
            18.945735,
            52.016315
          ],
          [
            18.950146,
            52.0151
          ],
          [
            18.955152,
            52.013979
          ],
          [
            18.960111,
            52.012983
          ],
          [
            18.965221,
            52.011766
          ],
          [
            18.970152,
            52.010436
          ],
          [
            18.974847,
            52.008894
          ],
          [
            18.979428,
            52.007229
          ],
          [
            18.984486,
            52.005498
          ],
          [
            18.988762,
            52.004116
          ],
          [
            18.994152,
            52.00257
          ],
          [
            18.998849,
            52.00137
          ],
          [
            19.003323,
            52.000386
          ],
          [
            19.008097,
            51.999534
          ],
          [
            19.013589,
            51.998673
          ],
          [
            19.019528,
            51.997876
          ],
          [
            19.022839,
            51.997464
          ],
          [
            19.028485,
            51.996685
          ],
          [
            19.032907,
            51.995995
          ],
          [
            19.03818,
            51.994947
          ],
          [
            19.042914,
            51.993816
          ],
          [
            19.048035,
            51.992308
          ],
          [
            19.052767,
            51.990619
          ],
          [
            19.057526,
            51.988595
          ],
          [
            19.06197,
            51.986374
          ],
          [
            19.066591,
            51.983831
          ],
          [
            19.071787,
            51.980815
          ],
          [
            19.075792,
            51.978448
          ],
          [
            19.080683,
            51.975848
          ],
          [
            19.084755,
            51.973955
          ],
          [
            19.089195,
            51.972133
          ],
          [
            19.09449,
            51.970293
          ],
          [
            19.099129,
            51.968835
          ],
          [
            19.10366,
            51.967589
          ],
          [
            19.108949,
            51.966014
          ],
          [
            19.113351,
            51.964599
          ],
          [
            19.118448,
            51.962683
          ],
          [
            19.123843,
            51.96043
          ],
          [
            19.127351,
            51.959021
          ],
          [
            19.132315,
            51.957245
          ],
          [
            19.137544,
            51.955725
          ],
          [
            19.142489,
            51.954515
          ],
          [
            19.147104,
            51.953583
          ],
          [
            19.151626,
            51.952641
          ],
          [
            19.156681,
            51.951479
          ],
          [
            19.161862,
            51.950017
          ],
          [
            19.166887,
            51.948404
          ],
          [
            19.171893,
            51.946662
          ],
          [
            19.175846,
            51.945334
          ],
          [
            19.181164,
            51.943699
          ],
          [
            19.185811,
            51.942568
          ],
          [
            19.190422,
            51.941626
          ],
          [
            19.195808,
            51.940769
          ],
          [
            19.201121,
            51.940205
          ],
          [
            19.205835,
            51.939892
          ],
          [
            19.210193,
            51.939767
          ],
          [
            19.21492,
            51.939756
          ],
          [
            19.221344,
            51.939784
          ],
          [
            19.226282,
            51.939801
          ],
          [
            19.231163,
            51.939657
          ],
          [
            19.236005,
            51.939339
          ],
          [
            19.240798,
            51.93881
          ],
          [
            19.246592,
            51.938037
          ],
          [
            19.251666,
            51.937357
          ],
          [
            19.256756,
            51.936586
          ],
          [
            19.261615,
            51.935911
          ],
          [
            19.265006,
            51.935369
          ],
          [
            19.270646,
            51.934362
          ],
          [
            19.275414,
            51.933362
          ],
          [
            19.280291,
            51.932262
          ],
          [
            19.285756,
            51.93105
          ],
          [
            19.290713,
            51.930071
          ],
          [
            19.296086,
            51.929281
          ],
          [
            19.300247,
            51.92885
          ],
          [
            19.305188,
            51.928485
          ],
          [
            19.311422,
            51.92813
          ],
          [
            19.315666,
            51.927763
          ],
          [
            19.320106,
            51.927222
          ],
          [
            19.32532,
            51.926386
          ],
          [
            19.330655,
            51.925396
          ],
          [
            19.335122,
            51.924464
          ],
          [
            19.339925,
            51.923627
          ],
          [
            19.345162,
            51.922903
          ],
          [
            19.349693,
            51.922343
          ],
          [
            19.35475,
            51.921886
          ],
          [
            19.360396,
            51.921485
          ],
          [
            19.365489,
            51.921242
          ],
          [
            19.370139,
            51.92119
          ],
          [
            19.374251,
            51.921126
          ],
          [
            19.381003,
            51.921225
          ],
          [
            19.385632,
            51.921165
          ],
          [
            19.390036,
            51.921055
          ],
          [
            19.395557,
            51.920688
          ],
          [
            19.401122,
            51.920135
          ],
          [
            19.406107,
            51.919453
          ],
          [
            19.41069,
            51.91865
          ],
          [
            19.414853,
            51.917803
          ],
          [
            19.42055,
            51.91638
          ],
          [
            19.425383,
            51.915009
          ],
          [
            19.42971,
            51.913541
          ],
          [
            19.434422,
            51.911774
          ],
          [
            19.439312,
            51.909803
          ],
          [
            19.443652,
            51.908096
          ],
          [
            19.448342,
            51.90617
          ],
          [
            19.453463,
            51.904196
          ],
          [
            19.458105,
            51.902593
          ],
          [
            19.462928,
            51.901237
          ],
          [
            19.467605,
            51.900163
          ],
          [
            19.473044,
            51.899195
          ],
          [
            19.477836,
            51.898539
          ],
          [
            19.482845,
            51.898116
          ],
          [
            19.487867,
            51.897911
          ],
          [
            19.492499,
            51.897909
          ],
          [
            19.497564,
            51.89808
          ],
          [
            19.504112,
            51.898236
          ],
          [
            19.509028,
            51.898318
          ],
          [
            19.514222,
            51.898335
          ],
          [
            19.518024,
            51.898213
          ],
          [
            19.523707,
            51.897921
          ],
          [
            19.528598,
            51.897515
          ],
          [
            19.533064,
            51.89703
          ],
          [
            19.538496,
            51.89626
          ],
          [
            19.543965,
            51.895378
          ],
          [
            19.549521,
            51.894317
          ],
          [
            19.552563,
            51.893721
          ],
          [
            19.558244,
            51.892831
          ],
          [
            19.563269,
            51.891843
          ],
          [
            19.567919,
            51.89088
          ],
          [
            19.572903,
            51.890006
          ],
          [
            19.578291,
            51.889257
          ],
          [
            19.582937,
            51.888859
          ]
        ]
      }
    },
    {
      "type": "Feature",
      "properties": {
        "geometryRef": "strykow-lodz-polnoc",
        "_source": "OSM"
      },
      "geometry": {
        "type": "LineString",
        "coordinates": [
          [
            19.588058,
            51.888666
          ],
          [
            19.592905,
            51.888711
          ],
          [
            19.597661,
            51.889017
          ],
          [
            19.603053,
            51.889356
          ],
          [
            19.607412,
            51.889675
          ],
          [
            19.61265,
            51.890039
          ],
          [
            19.617824,
            51.890377
          ],
          [
            19.623545,
            51.890838
          ],
          [
            19.627133,
            51.891102
          ],
          [
            19.632828,
            51.891516
          ],
          [
            19.637696,
            51.891843
          ]
        ]
      }
    },
    {
      "type": "Feature",
      "properties": {
        "geometryRef": "lodz-polnoc-skierniewice",
        "_source": "OSM"
      },
      "geometry": {
        "type": "LineString",
        "coordinates": [
          [
            19.643355,
            51.892272
          ],
          [
            19.647908,
            51.892758
          ],
          [
            19.652843,
            51.893477
          ],
          [
            19.658597,
            51.894571
          ],
          [
            19.663389,
            51.895366
          ],
          [
            19.667925,
            51.896016
          ],
          [
            19.673237,
            51.896492
          ],
          [
            19.678665,
            51.896678
          ],
          [
            19.683388,
            51.896803
          ],
          [
            19.688431,
            51.897046
          ],
          [
            19.694421,
            51.897385
          ],
          [
            19.699831,
            51.897944
          ],
          [
            19.704517,
            51.89857
          ],
          [
            19.710398,
            51.899506
          ],
          [
            19.715007,
            51.900451
          ],
          [
            19.719912,
            51.901599
          ],
          [
            19.72436,
            51.9028
          ],
          [
            19.72947,
            51.904386
          ],
          [
            19.734549,
            51.906198
          ],
          [
            19.738612,
            51.907825
          ],
          [
            19.742961,
            51.909734
          ],
          [
            19.747486,
            51.911851
          ],
          [
            19.752572,
            51.914237
          ],
          [
            19.756423,
            51.916032
          ],
          [
            19.760954,
            51.918013
          ],
          [
            19.765511,
            51.919855
          ],
          [
            19.770705,
            51.921753
          ],
          [
            19.775611,
            51.923421
          ],
          [
            19.779276,
            51.924567
          ],
          [
            19.785264,
            51.926439
          ],
          [
            19.790187,
            51.928003
          ],
          [
            19.795435,
            51.929884
          ],
          [
            19.798987,
            51.931291
          ],
          [
            19.8028,
            51.9329
          ],
          [
            19.807692,
            51.93501
          ],
          [
            19.812501,
            51.937104
          ],
          [
            19.816686,
            51.938879
          ],
          [
            19.821983,
            51.941173
          ],
          [
            19.827296,
            51.943508
          ],
          [
            19.831305,
            51.945411
          ],
          [
            19.835125,
            51.947594
          ],
          [
            19.83962,
            51.950753
          ],
          [
            19.843741,
            51.954395
          ],
          [
            19.848198,
            51.958486
          ],
          [
            19.851923,
            51.961301
          ],
          [
            19.856166,
            51.963926
          ],
          [
            19.860776,
            51.966326
          ],
          [
            19.865324,
            51.968623
          ],
          [
            19.869374,
            51.97092
          ],
          [
            19.873497,
            51.973486
          ],
          [
            19.882574,
            51.979879
          ],
          [
            19.886229,
            51.982357
          ],
          [
            19.890894,
            51.985265
          ],
          [
            19.894924,
            51.987378
          ],
          [
            19.899798,
            51.989569
          ],
          [
            19.904333,
            51.991279
          ],
          [
            19.909762,
            51.993033
          ],
          [
            19.914568,
            51.994343
          ],
          [
            19.917622,
            51.995243
          ],
          [
            19.92304,
            51.996794
          ],
          [
            19.928091,
            51.998085
          ],
          [
            19.935237,
            52.000281
          ],
          [
            19.938408,
            52.001169
          ],
          [
            19.942327,
            52.002446
          ],
          [
            19.947472,
            52.004498
          ],
          [
            19.952288,
            52.006807
          ],
          [
            19.957042,
            52.009371
          ],
          [
            19.960547,
            52.011348
          ],
          [
            19.965791,
            52.014037
          ],
          [
            19.97041,
            52.015932
          ],
          [
            19.974451,
            52.017331
          ],
          [
            19.978686,
            52.01863
          ],
          [
            19.985587,
            52.020613
          ],
          [
            19.989505,
            52.021876
          ],
          [
            19.994295,
            52.023694
          ],
          [
            19.999195,
            52.02585
          ],
          [
            20.003034,
            52.027815
          ],
          [
            20.007931,
            52.030441
          ],
          [
            20.012085,
            52.032412
          ],
          [
            20.016496,
            52.034169
          ],
          [
            20.021396,
            52.035852
          ],
          [
            20.025924,
            52.037377
          ],
          [
            20.031589,
            52.039228
          ],
          [
            20.036094,
            52.040602
          ],
          [
            20.04088,
            52.041924
          ],
          [
            20.045021,
            52.042939
          ],
          [
            20.049951,
            52.044067
          ]
        ]
      }
    },
    {
      "type": "Feature",
      "properties": {
        "geometryRef": "skierniewice-grodzisk",
        "_source": "OSM"
      },
      "geometry": {
        "type": "LineString",
        "coordinates": [
          [
            20.054611,
            52.044916
          ],
          [
            20.060102,
            52.045814
          ],
          [
            20.064876,
            52.046485
          ],
          [
            20.069563,
            52.047055
          ],
          [
            20.074867,
            52.047631
          ],
          [
            20.078859,
            52.048094
          ],
          [
            20.084396,
            52.048706
          ],
          [
            20.089944,
            52.049391
          ],
          [
            20.094561,
            52.049874
          ],
          [
            20.099924,
            52.050541
          ],
          [
            20.105072,
            52.051248
          ],
          [
            20.111202,
            52.052051
          ],
          [
            20.115128,
            52.052686
          ],
          [
            20.1201,
            52.053495
          ],
          [
            20.124143,
            52.054163
          ],
          [
            20.129164,
            52.055074
          ],
          [
            20.134391,
            52.056059
          ],
          [
            20.140453,
            52.057256
          ],
          [
            20.144735,
            52.058206
          ],
          [
            20.149238,
            52.059186
          ],
          [
            20.154374,
            52.060453
          ],
          [
            20.158811,
            52.061503
          ],
          [
            20.164145,
            52.062839
          ],
          [
            20.169073,
            52.064096
          ],
          [
            20.172408,
            52.06496
          ],
          [
            20.177833,
            52.066381
          ],
          [
            20.183239,
            52.067772
          ],
          [
            20.187613,
            52.06889
          ],
          [
            20.192903,
            52.070129
          ],
          [
            20.19803,
            52.071235
          ],
          [
            20.202634,
            52.072057
          ],
          [
            20.207926,
            52.072928
          ],
          [
            20.21246,
            52.073518
          ],
          [
            20.218471,
            52.074201
          ],
          [
            20.221985,
            52.074497
          ],
          [
            20.228124,
            52.074924
          ],
          [
            20.23345,
            52.07514
          ],
          [
            20.237988,
            52.075232
          ],
          [
            20.243158,
            52.075175
          ],
          [
            20.247791,
            52.075065
          ],
          [
            20.253389,
            52.074803
          ],
          [
            20.25825,
            52.074507
          ],
          [
            20.264102,
            52.07409
          ],
          [
            20.268285,
            52.073881
          ],
          [
            20.273495,
            52.073539
          ],
          [
            20.278755,
            52.073202
          ],
          [
            20.284356,
            52.072849
          ],
          [
            20.290012,
            52.072665
          ],
          [
            20.294903,
            52.072671
          ],
          [
            20.29968,
            52.072764
          ],
          [
            20.30424,
            52.07303
          ],
          [
            20.309377,
            52.073456
          ],
          [
            20.314409,
            52.074048
          ],
          [
            20.319119,
            52.074744
          ],
          [
            20.323985,
            52.075614
          ],
          [
            20.328665,
            52.076626
          ],
          [
            20.334484,
            52.078095
          ],
          [
            20.338237,
            52.079192
          ],
          [
            20.344315,
            52.081214
          ],
          [
            20.348152,
            52.08265
          ],
          [
            20.352742,
            52.084595
          ],
          [
            20.35745,
            52.086653
          ],
          [
            20.36247,
            52.088756
          ],
          [
            20.366749,
            52.090303
          ],
          [
            20.371856,
            52.091935
          ],
          [
            20.37746,
            52.093421
          ],
          [
            20.382352,
            52.094474
          ],
          [
            20.386943,
            52.095304
          ],
          [
            20.390932,
            52.095905
          ],
          [
            20.39714,
            52.096756
          ],
          [
            20.400846,
            52.097304
          ],
          [
            20.406345,
            52.098074
          ],
          [
            20.411813,
            52.098916
          ],
          [
            20.416416,
            52.099689
          ],
          [
            20.421193,
            52.100575
          ],
          [
            20.425625,
            52.101492
          ],
          [
            20.430371,
            52.102502
          ],
          [
            20.435574,
            52.103762
          ],
          [
            20.440151,
            52.104877
          ],
          [
            20.444998,
            52.106122
          ],
          [
            20.45104,
            52.107654
          ],
          [
            20.456192,
            52.108978
          ],
          [
            20.460358,
            52.110018
          ],
          [
            20.464667,
            52.11088
          ],
          [
            20.469358,
            52.111822
          ],
          [
            20.474008,
            52.112748
          ],
          [
            20.479405,
            52.113691
          ],
          [
            20.483916,
            52.114564
          ],
          [
            20.490211,
            52.115715
          ],
          [
            20.493997,
            52.1164
          ],
          [
            20.49923,
            52.117425
          ],
          [
            20.505093,
            52.118667
          ],
          [
            20.508392,
            52.119439
          ],
          [
            20.514242,
            52.12088
          ],
          [
            20.51975,
            52.122383
          ],
          [
            20.524169,
            52.123666
          ],
          [
            20.528466,
            52.125077
          ],
          [
            20.532435,
            52.126341
          ],
          [
            20.539236,
            52.128644
          ],
          [
            20.543062,
            52.129799
          ],
          [
            20.548634,
            52.131242
          ],
          [
            20.552638,
            52.132263
          ],
          [
            20.557891,
            52.133484
          ],
          [
            20.562806,
            52.134663
          ],
          [
            20.567365,
            52.135775
          ],
          [
            20.572378,
            52.136988
          ],
          [
            20.577279,
            52.138115
          ],
          [
            20.582364,
            52.139366
          ],
          [
            20.58676,
            52.140362
          ],
          [
            20.591935,
            52.141554
          ],
          [
            20.596894,
            52.142597
          ],
          [
            20.602078,
            52.143657
          ],
          [
            20.607344,
            52.144676
          ],
          [
            20.611029,
            52.145228
          ],
          [
            20.615781,
            52.145987
          ]
        ]
      }
    },
    {
      "type": "Feature",
      "properties": {
        "geometryRef": "grodzisk-konotopa",
        "_source": "OSM"
      },
      "geometry": {
        "type": "LineString",
        "coordinates": [
          [
            20.621154,
            52.146754
          ],
          [
            20.625989,
            52.14736
          ],
          [
            20.631408,
            52.147956
          ],
          [
            20.636473,
            52.148487
          ],
          [
            20.641352,
            52.148905
          ],
          [
            20.64667,
            52.14941
          ],
          [
            20.651807,
            52.150046
          ],
          [
            20.656696,
            52.150787
          ],
          [
            20.661852,
            52.151467
          ],
          [
            20.666372,
            52.152138
          ],
          [
            20.670842,
            52.152813
          ],
          [
            20.677238,
            52.15374
          ],
          [
            20.681432,
            52.15441
          ],
          [
            20.686392,
            52.155245
          ],
          [
            20.691923,
            52.156227
          ],
          [
            20.695234,
            52.156879
          ],
          [
            20.700993,
            52.15788
          ],
          [
            20.70653,
            52.158878
          ],
          [
            20.711414,
            52.15976
          ],
          [
            20.716107,
            52.160614
          ],
          [
            20.720887,
            52.161542
          ],
          [
            20.726364,
            52.16277
          ],
          [
            20.730258,
            52.163717
          ],
          [
            20.734914,
            52.164982
          ],
          [
            20.739957,
            52.166497
          ],
          [
            20.745096,
            52.168189
          ],
          [
            20.749536,
            52.169795
          ],
          [
            20.754075,
            52.171544
          ],
          [
            20.758797,
            52.173427
          ],
          [
            20.764081,
            52.175586
          ],
          [
            20.768348,
            52.177814
          ],
          [
            20.771828,
            52.181207
          ],
          [
            20.776303,
            52.186579
          ],
          [
            20.780708,
            52.188796
          ],
          [
            20.786113,
            52.189905
          ],
          [
            20.790617,
            52.190613
          ],
          [
            20.795986,
            52.191393
          ],
          [
            20.800249,
            52.192043
          ],
          [
            20.805816,
            52.192599
          ],
          [
            20.810796,
            52.192873
          ],
          [
            20.815615,
            52.193402
          ],
          [
            20.820718,
            52.194522
          ],
          [
            20.82543,
            52.196008
          ],
          [
            20.832197,
            52.198275
          ]
        ]
      }
    },
    {
      "type": "Feature",
      "properties": {
        "geometryRef": "lubelska-choszczowka",
        "_source": "OSM"
      },
      "geometry": {
        "type": "LineString",
        "coordinates": [
          [
            21.289027,
            52.199943
          ],
          [
            21.291776,
            52.200148
          ],
          [
            21.303883,
            52.201054
          ],
          [
            21.308195,
            52.201513
          ],
          [
            21.313792,
            52.202365
          ],
          [
            21.325897,
            52.204738
          ],
          [
            21.328374,
            52.2052
          ],
          [
            21.33377,
            52.206002
          ],
          [
            21.338293,
            52.20648
          ],
          [
            21.343499,
            52.206983
          ],
          [
            21.348461,
            52.20763
          ],
          [
            21.35307,
            52.208448
          ],
          [
            21.357114,
            52.209282
          ],
          [
            21.364747,
            52.211303
          ],
          [
            21.368561,
            52.212107
          ],
          [
            21.372986,
            52.213174
          ],
          [
            21.378076,
            52.214064
          ],
          [
            21.382792,
            52.214632
          ],
          [
            21.388241,
            52.214946
          ],
          [
            21.392035,
            52.215005
          ],
          [
            21.398798,
            52.214969
          ],
          [
            21.403196,
            52.214985
          ],
          [
            21.407929,
            52.215209
          ],
          [
            21.413018,
            52.215534
          ],
          [
            21.41814,
            52.21569
          ],
          [
            21.421873,
            52.215662
          ],
          [
            21.433628,
            52.215306
          ],
          [
            21.438595,
            52.215119
          ],
          [
            21.442974,
            52.214854
          ],
          [
            21.448146,
            52.214359
          ],
          [
            21.453675,
            52.213631
          ],
          [
            21.458071,
            52.212875
          ],
          [
            21.4633,
            52.211751
          ],
          [
            21.467936,
            52.210624
          ],
          [
            21.472351,
            52.209361
          ],
          [
            21.479012,
            52.207304
          ],
          [
            21.482329,
            52.206351
          ],
          [
            21.487441,
            52.205283
          ]
        ]
      }
    },
    {
      "type": "Feature",
      "properties": {
        "geometryRef": "choszczowka-kaluszyn",
        "_source": "OSM"
      },
      "geometry": {
        "type": "LineString",
        "coordinates": [
          [
            21.487441,
            52.205283
          ],
          [
            21.487881,
            52.205191
          ],
          [
            21.493377,
            52.204487
          ],
          [
            21.497483,
            52.204254
          ],
          [
            21.503128,
            52.204362
          ],
          [
            21.507898,
            52.204859
          ],
          [
            21.512057,
            52.205485
          ],
          [
            21.518409,
            52.206666
          ],
          [
            21.523603,
            52.207505
          ],
          [
            21.528615,
            52.208262
          ],
          [
            21.533335,
            52.208741
          ],
          [
            21.538152,
            52.209017
          ],
          [
            21.54328,
            52.209145
          ],
          [
            21.546721,
            52.209174
          ],
          [
            21.55448,
            52.209221
          ],
          [
            21.558593,
            52.209245
          ],
          [
            21.562888,
            52.20927
          ],
          [
            21.568033,
            52.209301
          ],
          [
            21.578729,
            52.209384
          ],
          [
            21.583128,
            52.209561
          ],
          [
            21.588469,
            52.21006
          ],
          [
            21.593163,
            52.210776
          ],
          [
            21.597831,
            52.211773
          ],
          [
            21.604117,
            52.213431
          ],
          [
            21.608544,
            52.214543
          ],
          [
            21.613506,
            52.215517
          ],
          [
            21.618296,
            52.216162
          ],
          [
            21.623448,
            52.216565
          ],
          [
            21.628534,
            52.216665
          ],
          [
            21.633225,
            52.216499
          ],
          [
            21.638259,
            52.216028
          ],
          [
            21.642882,
            52.21535
          ],
          [
            21.648391,
            52.214183
          ],
          [
            21.653158,
            52.212813
          ],
          [
            21.657525,
            52.211294
          ],
          [
            21.664103,
            52.20872
          ],
          [
            21.667946,
            52.207381
          ],
          [
            21.673055,
            52.206065
          ],
          [
            21.67809,
            52.205219
          ],
          [
            21.682256,
            52.204798
          ],
          [
            21.695288,
            52.203942
          ],
          [
            21.702437,
            52.203618
          ],
          [
            21.708308,
            52.20331
          ],
          [
            21.712895,
            52.203124
          ],
          [
            21.717307,
            52.203091
          ],
          [
            21.722974,
            52.203142
          ],
          [
            21.727622,
            52.203237
          ],
          [
            21.733359,
            52.203292
          ],
          [
            21.738049,
            52.203241
          ],
          [
            21.743145,
            52.203019
          ],
          [
            21.748213,
            52.202658
          ],
          [
            21.753168,
            52.202139
          ],
          [
            21.758006,
            52.201499
          ],
          [
            21.763222,
            52.200647
          ],
          [
            21.76736,
            52.199788
          ],
          [
            21.772259,
            52.198648
          ],
          [
            21.772259,
            52.198648
          ]
        ]
      }
    },
    {
      "type": "Feature",
      "properties": {
        "geometryRef": "kaluszyn-groszki",
        "_source": "OSM"
      },
      "geometry": {
        "type": "LineString",
        "coordinates": [
          [
            21.772259,
            52.198648
          ],
          [
            21.772259,
            52.198648
          ],
          [
            21.77731,
            52.197325
          ],
          [
            21.783398,
            52.195412
          ],
          [
            21.788098,
            52.193992
          ],
          [
            21.792787,
            52.192501
          ],
          [
            21.799065,
            52.190532
          ],
          [
            21.804187,
            52.189117
          ],
          [
            21.808831,
            52.188212
          ],
          [
            21.813916,
            52.187697
          ],
          [
            21.819278,
            52.187643
          ],
          [
            21.824524,
            52.188019
          ],
          [
            21.828785,
            52.18873
          ],
          [
            21.834012,
            52.190083
          ],
          [
            21.838257,
            52.191651
          ],
          [
            21.843407,
            52.193953
          ],
          [
            21.850176,
            52.19708
          ],
          [
            21.853097,
            52.198425
          ],
          [
            21.856687,
            52.200079
          ],
          [
            21.861885,
            52.202468
          ],
          [
            21.867618,
            52.204954
          ],
          [
            21.873112,
            52.206966
          ],
          [
            21.878309,
            52.208547
          ],
          [
            21.881715,
            52.209375
          ],
          [
            21.887238,
            52.21057
          ],
          [
            21.887238,
            52.21057
          ]
        ]
      }
    },
    {
      "type": "Feature",
      "properties": {
        "geometryRef": "groszki-siedlce-zachod",
        "_source": "OSM"
      },
      "geometry": {
        "type": "LineString",
        "coordinates": [
          [
            21.887238,
            52.21057
          ],
          [
            21.887238,
            52.21057
          ],
          [
            21.89231,
            52.211512
          ],
          [
            21.897442,
            52.212374
          ],
          [
            21.903457,
            52.213514
          ],
          [
            21.907443,
            52.214265
          ],
          [
            21.912166,
            52.215371
          ],
          [
            21.919192,
            52.217466
          ],
          [
            21.923246,
            52.218755
          ],
          [
            21.928669,
            52.220426
          ],
          [
            21.933342,
            52.221609
          ],
          [
            21.937624,
            52.222548
          ],
          [
            21.943347,
            52.223487
          ],
          [
            21.948113,
            52.224014
          ],
          [
            21.953692,
            52.224421
          ],
          [
            21.959229,
            52.224526
          ],
          [
            21.962784,
            52.224452
          ],
          [
            21.968636,
            52.224073
          ],
          [
            21.974223,
            52.223461
          ],
          [
            21.97869,
            52.222739
          ],
          [
            21.98351,
            52.221775
          ],
          [
            21.98862,
            52.220416
          ],
          [
            21.993708,
            52.218822
          ],
          [
            21.998851,
            52.217031
          ],
          [
            22.001988,
            52.216
          ],
          [
            22.008081,
            52.213856
          ],
          [
            22.013025,
            52.212354
          ],
          [
            22.018389,
            52.211066
          ],
          [
            22.023089,
            52.21022
          ],
          [
            22.02737,
            52.209663
          ],
          [
            22.03287,
            52.209251
          ],
          [
            22.037807,
            52.209115
          ],
          [
            22.044791,
            52.209083
          ],
          [
            22.047445,
            52.20907
          ],
          [
            22.052164,
            52.209041
          ],
          [
            22.05736,
            52.208926
          ],
          [
            22.062343,
            52.208647
          ],
          [
            22.067308,
            52.208139
          ]
        ]
      }
    },
    {
      "type": "Feature",
      "properties": {
        "geometryRef": "siedlce-zachod-poludnie",
        "_source": "OSM"
      },
      "geometry": {
        "type": "LineString",
        "coordinates": [
          [
            22.067308,
            52.208139
          ],
          [
            22.067551,
            52.208115
          ],
          [
            22.076273,
            52.206876
          ],
          [
            22.082122,
            52.205987
          ],
          [
            22.089778,
            52.204932
          ],
          [
            22.091827,
            52.204524
          ],
          [
            22.097071,
            52.203729
          ],
          [
            22.103422,
            52.202842
          ],
          [
            22.105273,
            52.202597
          ],
          [
            22.118476,
            52.200835
          ],
          [
            22.127292,
            52.199662
          ],
          [
            22.13344,
            52.198858
          ],
          [
            22.137707,
            52.19815
          ],
          [
            22.142053,
            52.197153
          ],
          [
            22.146654,
            52.195375
          ],
          [
            22.151262,
            52.192366
          ],
          [
            22.155625,
            52.185488
          ],
          [
            22.156859,
            52.17696
          ],
          [
            22.158806,
            52.17219
          ],
          [
            22.162894,
            52.168139
          ],
          [
            22.167503,
            52.165442
          ],
          [
            22.171714,
            52.163878
          ],
          [
            22.176978,
            52.162565
          ],
          [
            22.182285,
            52.16137
          ],
          [
            22.187147,
            52.159623
          ],
          [
            22.1913,
            52.157002
          ],
          [
            22.194978,
            52.152944
          ],
          [
            22.198373,
            52.149538
          ],
          [
            22.202814,
            52.147024
          ],
          [
            22.20728,
            52.145421
          ],
          [
            22.213377,
            52.143839
          ],
          [
            22.218315,
            52.143083
          ],
          [
            22.218315,
            52.143083
          ]
        ]
      }
    },
    {
      "type": "Feature",
      "properties": {
        "geometryRef": "siedlce-poludnie-malinowiec",
        "_source": "OSM"
      },
      "geometry": {
        "type": "LineString",
        "coordinates": [
          [
            22.218315,
            52.143083
          ],
          [
            22.218315,
            52.143083
          ],
          [
            22.223484,
            52.14282
          ],
          [
            22.229133,
            52.142972
          ],
          [
            22.233182,
            52.143098
          ],
          [
            22.239216,
            52.143174
          ],
          [
            22.244087,
            52.142895
          ],
          [
            22.248999,
            52.142258
          ],
          [
            22.25401,
            52.141319
          ],
          [
            22.259357,
            52.140014
          ],
          [
            22.263629,
            52.138565
          ],
          [
            22.26824,
            52.136695
          ],
          [
            22.274126,
            52.134303
          ],
          [
            22.278265,
            52.132302
          ],
          [
            22.282472,
            52.12979
          ],
          [
            22.286607,
            52.127084
          ],
          [
            22.29207,
            52.124087
          ],
          [
            22.296017,
            52.122394
          ],
          [
            22.300025,
            52.121071
          ],
          [
            22.305314,
            52.119726
          ],
          [
            22.310211,
            52.118893
          ],
          [
            22.315939,
            52.118396
          ],
          [
            22.321075,
            52.118324
          ],
          [
            22.326228,
            52.118585
          ],
          [
            22.330917,
            52.118935
          ],
          [
            22.336472,
            52.119361
          ],
          [
            22.341285,
            52.119712
          ],
          [
            22.347035,
            52.120194
          ],
          [
            22.351397,
            52.1207
          ],
          [
            22.356883,
            52.121596
          ],
          [
            22.363104,
            52.122974
          ],
          [
            22.367631,
            52.123976
          ],
          [
            22.373238,
            52.124898
          ],
          [
            22.377869,
            52.125411
          ],
          [
            22.381855,
            52.125743
          ],
          [
            22.387347,
            52.125989
          ],
          [
            22.392994,
            52.126134
          ],
          [
            22.398834,
            52.126264
          ],
          [
            22.403782,
            52.12637
          ],
          [
            22.409032,
            52.12646
          ],
          [
            22.413602,
            52.126496
          ],
          [
            22.418849,
            52.126366
          ],
          [
            22.42348,
            52.126028
          ],
          [
            22.427841,
            52.125563
          ],
          [
            22.43236,
            52.125002
          ],
          [
            22.438613,
            52.124153
          ],
          [
            22.443406,
            52.123556
          ],
          [
            22.448189,
            52.122902
          ],
          [
            22.451345,
            52.122507
          ],
          [
            22.457545,
            52.121662
          ],
          [
            22.468168,
            52.120122
          ],
          [
            22.472566,
            52.119632
          ],
          [
            22.477449,
            52.119301
          ],
          [
            22.481105,
            52.11924
          ]
        ]
      }
    },
    {
      "type": "Feature",
      "properties": {
        "geometryRef": "malinowiec-lukowisko",
        "_source": "OSM"
      },
      "geometry": {
        "type": "LineString",
        "coordinates": [
          [
            22.481105,
            52.11924
          ],
          [
            22.482858,
            52.119211
          ],
          [
            22.487142,
            52.11938
          ],
          [
            22.493058,
            52.119773
          ],
          [
            22.497563,
            52.120021
          ],
          [
            22.503033,
            52.120213
          ],
          [
            22.508724,
            52.120121
          ],
          [
            22.512221,
            52.119841
          ],
          [
            22.517838,
            52.119136
          ],
          [
            22.523329,
            52.118235
          ],
          [
            22.527897,
            52.116998
          ],
          [
            22.532383,
            52.115677
          ],
          [
            22.537091,
            52.114031
          ],
          [
            22.542383,
            52.11176
          ],
          [
            22.546925,
            52.109621
          ],
          [
            22.550958,
            52.107535
          ],
          [
            22.556481,
            52.104896
          ],
          [
            22.56206,
            52.102139
          ],
          [
            22.565694,
            52.100346
          ],
          [
            22.570925,
            52.097731
          ],
          [
            22.575156,
            52.095695
          ],
          [
            22.578477,
            52.094021
          ],
          [
            22.582818,
            52.091878
          ],
          [
            22.589501,
            52.088502
          ],
          [
            22.593318,
            52.086682
          ],
          [
            22.599615,
            52.084141
          ],
          [
            22.60384,
            52.082763
          ],
          [
            22.608783,
            52.081313
          ],
          [
            22.612798,
            52.080456
          ],
          [
            22.618187,
            52.079447
          ],
          [
            22.623477,
            52.078756
          ],
          [
            22.628304,
            52.078359
          ],
          [
            22.633813,
            52.078042
          ],
          [
            22.644096,
            52.077607
          ],
          [
            22.653301,
            52.077182
          ],
          [
            22.658238,
            52.076867
          ],
          [
            22.66598,
            52.076609
          ],
          [
            22.667106,
            52.076564
          ],
          [
            22.676881,
            52.076254
          ],
          [
            22.681684,
            52.076043
          ],
          [
            22.688084,
            52.075711
          ],
          [
            22.694135,
            52.075432
          ],
          [
            22.7012,
            52.075124
          ],
          [
            22.706363,
            52.074888
          ],
          [
            22.711787,
            52.074591
          ],
          [
            22.71938,
            52.074279
          ],
          [
            22.723808,
            52.074074
          ],
          [
            22.723808,
            52.074074
          ]
        ]
      }
    },
    {
      "type": "Feature",
      "properties": {
        "geometryRef": "lukowisko-biala-podlaska",
        "_source": "OSM"
      },
      "geometry": {
        "type": "LineString",
        "coordinates": [
          [
            22.723808,
            52.074074
          ],
          [
            22.723808,
            52.074074
          ],
          [
            22.72828,
            52.07385
          ],
          [
            22.734602,
            52.073568
          ],
          [
            22.739525,
            52.073384
          ],
          [
            22.743588,
            52.073237
          ],
          [
            22.749405,
            52.073315
          ],
          [
            22.753849,
            52.073498
          ],
          [
            22.759035,
            52.073964
          ],
          [
            22.764405,
            52.07459
          ],
          [
            22.767858,
            52.075105
          ],
          [
            22.774361,
            52.076056
          ],
          [
            22.780665,
            52.07698
          ],
          [
            22.783443,
            52.077392
          ],
          [
            22.788741,
            52.078179
          ],
          [
            22.792283,
            52.078592
          ],
          [
            22.799078,
            52.079242
          ],
          [
            22.805068,
            52.079592
          ],
          [
            22.80688,
            52.079651
          ],
          [
            22.814255,
            52.079696
          ],
          [
            22.818712,
            52.079536
          ],
          [
            22.822726,
            52.079288
          ],
          [
            22.828004,
            52.078851
          ],
          [
            22.833777,
            52.078154
          ],
          [
            22.839546,
            52.077265
          ],
          [
            22.844339,
            52.076323
          ],
          [
            22.848302,
            52.075441
          ],
          [
            22.852805,
            52.074334
          ],
          [
            22.856832,
            52.07332
          ],
          [
            22.86387,
            52.071707
          ],
          [
            22.868152,
            52.070972
          ],
          [
            22.872826,
            52.070343
          ],
          [
            22.878242,
            52.069832
          ],
          [
            22.883378,
            52.069614
          ],
          [
            22.887892,
            52.069601
          ],
          [
            22.893545,
            52.069816
          ],
          [
            22.898834,
            52.070183
          ],
          [
            22.904335,
            52.070531
          ],
          [
            22.907273,
            52.070739
          ],
          [
            22.913802,
            52.071117
          ],
          [
            22.920004,
            52.071337
          ],
          [
            22.923234,
            52.071345
          ],
          [
            22.929021,
            52.07118
          ],
          [
            22.933707,
            52.070838
          ],
          [
            22.938668,
            52.070325
          ],
          [
            22.94279,
            52.069788
          ],
          [
            22.949305,
            52.06885
          ],
          [
            22.953468,
            52.068273
          ],
          [
            22.958742,
            52.067674
          ],
          [
            22.963872,
            52.06717
          ],
          [
            22.969204,
            52.066745
          ],
          [
            22.97356,
            52.066477
          ],
          [
            22.978537,
            52.066253
          ],
          [
            22.983083,
            52.066114
          ],
          [
            22.988161,
            52.066039
          ],
          [
            22.992211,
            52.065962
          ],
          [
            22.997364,
            52.065892
          ],
          [
            23.008667,
            52.065728
          ],
          [
            23.013596,
            52.065675
          ],
          [
            23.019828,
            52.065726
          ],
          [
            23.023804,
            52.065853
          ],
          [
            23.029273,
            52.066142
          ],
          [
            23.03307,
            52.066434
          ],
          [
            23.038516,
            52.066964
          ],
          [
            23.043669,
            52.067598
          ],
          [
            23.047624,
            52.068151
          ],
          [
            23.054306,
            52.06916
          ],
          [
            23.058827,
            52.069835
          ],
          [
            23.063571,
            52.070432
          ],
          [
            23.068359,
            52.070859
          ],
          [
            23.073647,
            52.071095
          ],
          [
            23.078432,
            52.071113
          ],
          [
            23.083905,
            52.070991
          ],
          [
            23.088977,
            52.070849
          ],
          [
            23.093691,
            52.070717
          ],
          [
            23.099219,
            52.070575
          ],
          [
            23.10359,
            52.070549
          ],
          [
            23.108751,
            52.070774
          ],
          [
            23.112308,
            52.07108
          ],
          [
            23.118766,
            52.071867
          ],
          [
            23.122343,
            52.072318
          ]
        ]
      }
    },
    {
      "type": "Feature",
      "properties": {
        "geometryRef": "biala-podlaska-kijowiec",
        "_source": "OSM"
      },
      "geometry": {
        "type": "LineString",
        "coordinates": [
          [
            23.13486,
            52.073181
          ],
          [
            23.138595,
            52.073068
          ],
          [
            23.143645,
            52.072727
          ],
          [
            23.15115,
            52.071543
          ],
          [
            23.160008,
            52.070777
          ],
          [
            23.169462,
            52.070457
          ],
          [
            23.174745,
            52.070762
          ],
          [
            23.179022,
            52.070537
          ],
          [
            23.185225,
            52.071021
          ],
          [
            23.189838,
            52.071175
          ],
          [
            23.193086,
            52.071174
          ],
          [
            23.197594,
            52.071141
          ],
          [
            23.202301,
            52.071008
          ],
          [
            23.208303,
            52.070778
          ],
          [
            23.213905,
            52.070409
          ],
          [
            23.228243,
            52.069097
          ],
          [
            23.241173,
            52.067482
          ],
          [
            23.249167,
            52.066558
          ],
          [
            23.253753,
            52.066257
          ],
          [
            23.261048,
            52.06609
          ],
          [
            23.268246,
            52.066219
          ],
          [
            23.2742,
            52.066537
          ],
          [
            23.279748,
            52.066991
          ],
          [
            23.28515,
            52.067477
          ],
          [
            23.289361,
            52.067913
          ],
          [
            23.294432,
            52.068554
          ],
          [
            23.300669,
            52.069417
          ],
          [
            23.307878,
            52.070526
          ],
          [
            23.317669,
            52.072399
          ],
          [
            23.326217,
            52.073759
          ],
          [
            23.334407,
            52.074798
          ],
          [
            23.338044,
            52.075208
          ],
          [
            23.343879,
            52.075419
          ],
          [
            23.352492,
            52.075349
          ],
          [
            23.357761,
            52.074727
          ],
          [
            23.366038,
            52.074288
          ]
        ]
      }
    },
    {
      "type": "Feature",
      "properties": {
        "geometryRef": "kijowiec-dobryn",
        "_source": "OSM"
      },
      "geometry": {
        "type": "LineString",
        "coordinates": [
          [
            23.366038,
            52.074288
          ],
          [
            23.367396,
            52.074216
          ],
          [
            23.371961,
            52.073879
          ],
          [
            23.37661,
            52.0735
          ],
          [
            23.380806,
            52.073189
          ],
          [
            23.384517,
            52.072971
          ],
          [
            23.390154,
            52.072755
          ],
          [
            23.394528,
            52.072712
          ],
          [
            23.400354,
            52.072782
          ],
          [
            23.405583,
            52.072853
          ],
          [
            23.410451,
            52.072812
          ],
          [
            23.414436,
            52.072726
          ],
          [
            23.420191,
            52.072451
          ],
          [
            23.425275,
            52.072146
          ],
          [
            23.429932,
            52.071739
          ],
          [
            23.433506,
            52.071366
          ],
          [
            23.441959,
            52.070415
          ],
          [
            23.447765,
            52.069759
          ],
          [
            23.450768,
            52.069422
          ],
          [
            23.453351,
            52.069132
          ],
          [
            23.461257,
            52.068249
          ],
          [
            23.466389,
            52.067773
          ],
          [
            23.470756,
            52.067519
          ],
          [
            23.475762,
            52.067408
          ],
          [
            23.479823,
            52.067462
          ],
          [
            23.485647,
            52.067783
          ],
          [
            23.490558,
            52.068241
          ],
          [
            23.495829,
            52.068984
          ],
          [
            23.50085,
            52.069892
          ]
        ]
      }
    },
    {
      "type": "Feature",
      "properties": {
        "geometryRef": "dobryn-kukuryki",
        "_source": "OSM"
      },
      "geometry": {
        "type": "LineString",
        "coordinates": [
          [
            23.50085,
            52.069892
          ],
          [
            23.501025,
            52.069923
          ],
          [
            23.506362,
            52.071166
          ],
          [
            23.510713,
            52.072385
          ],
          [
            23.514723,
            52.073677
          ],
          [
            23.520545,
            52.075911
          ],
          [
            23.525535,
            52.078212
          ],
          [
            23.530287,
            52.080777
          ],
          [
            23.535065,
            52.083859
          ],
          [
            23.540121,
            52.087795
          ],
          [
            23.543568,
            52.090942
          ],
          [
            23.548767,
            52.095981
          ],
          [
            23.552647,
            52.10047
          ],
          [
            23.558381,
            52.107344
          ],
          [
            23.560376,
            52.109779
          ]
        ]
      }
    }
  ]
}
