{
  "type": "FeatureCollection",
  "features": [
    {
      "type": "Feature",
      "properties": {
        "geometryRef": "jedrzychowice-krzyzowa",
        "_source": "OSM"
      },
      "geometry": {
        "type": "LineString",
        "coordinates": [
          [
            15.009526,
            51.180425
          ],
          [
            15.01582,
            51.177815
          ],
          [
            15.022033,
            51.175214
          ],
          [
            15.026744,
            51.173468
          ],
          [
            15.031704,
            51.172325
          ],
          [
            15.037328,
            51.171714
          ],
          [
            15.040519,
            51.171407
          ],
          [
            15.059162,
            51.169977
          ],
          [
            15.063159,
            51.169871
          ],
          [
            15.068365,
            51.170392
          ],
          [
            15.073146,
            51.171634
          ],
          [
            15.077373,
            51.173478
          ],
          [
            15.087137,
            51.178276
          ],
          [
            15.094794,
            51.181943
          ],
          [
            15.103022,
            51.186122
          ],
          [
            15.105439,
            51.187257
          ],
          [
            15.109409,
            51.189159
          ],
          [
            15.114654,
            51.191734
          ],
          [
            15.120189,
            51.194442
          ],
          [
            15.123791,
            51.19611
          ],
          [
            15.128819,
            51.198097
          ],
          [
            15.133676,
            51.199552
          ],
          [
            15.138253,
            51.200632
          ],
          [
            15.148048,
            51.202599
          ],
          [
            15.152296,
            51.203537
          ],
          [
            15.155579,
            51.204212
          ],
          [
            15.160841,
            51.205358
          ],
          [
            15.168012,
            51.206835
          ],
          [
            15.174372,
            51.208085
          ],
          [
            15.177907,
            51.208832
          ],
          [
            15.181386,
            51.209558
          ],
          [
            15.18766,
            51.210821
          ],
          [
            15.190725,
            51.211452
          ],
          [
            15.19645,
            51.212634
          ],
          [
            15.206265,
            51.214651
          ],
          [
            15.211611,
            51.215685
          ],
          [
            15.216734,
            51.216325
          ],
          [
            15.22149,
            51.216606
          ],
          [
            15.225461,
            51.216636
          ],
          [
            15.2306,
            51.216695
          ],
          [
            15.23649,
            51.216728
          ],
          [
            15.242124,
            51.216777
          ],
          [
            15.247853,
            51.216805
          ],
          [
            15.252711,
            51.216864
          ],
          [
            15.257342,
            51.21702
          ],
          [
            15.262372,
            51.2174
          ],
          [
            15.267147,
            51.217971
          ],
          [
            15.272497,
            51.218874
          ],
          [
            15.276732,
            51.219784
          ],
          [
            15.281138,
            51.220918
          ],
          [
            15.285468,
            51.222196
          ],
          [
            15.29228,
            51.224257
          ],
          [
            15.295699,
            51.225289
          ],
          [
            15.306897,
            51.228598
          ],
          [
            15.310755,
            51.22982
          ],
          [
            15.317213,
            51.231778
          ],
          [
            15.320938,
            51.233051
          ],
          [
            15.325145,
            51.234708
          ],
          [
            15.329525,
            51.236843
          ],
          [
            15.334115,
            51.239587
          ],
          [
            15.339753,
            51.243662
          ],
          [
            15.342984,
            51.245981
          ],
          [
            15.347986,
            51.249737
          ],
          [
            15.351298,
            51.252125
          ],
          [
            15.355936,
            51.255578
          ],
          [
            15.360965,
            51.259307
          ],
          [
            15.365304,
            51.262361
          ],
          [
            15.369445,
            51.264763
          ],
          [
            15.374217,
            51.266848
          ],
          [
            15.379444,
            51.268535
          ],
          [
            15.383934,
            51.269571
          ],
          [
            15.388899,
            51.270307
          ],
          [
            15.393905,
            51.270679
          ],
          [
            15.3994,
            51.27066
          ],
          [
            15.403693,
            51.270343
          ],
          [
            15.409871,
            51.269581
          ],
          [
            15.415093,
            51.268919
          ],
          [
            15.420558,
            51.268275
          ],
          [
            15.425383,
            51.268191
          ],
          [
            15.430449,
            51.268815
          ],
          [
            15.434715,
            51.269954
          ],
          [
            15.440651,
            51.272062
          ],
          [
            15.46454,
            51.28066
          ],
          [
            15.472863,
            51.283614
          ],
          [
            15.478093,
            51.285558
          ],
          [
            15.482833,
            51.287463
          ],
          [
            15.48705,
            51.28952
          ],
          [
            15.491784,
            51.291996
          ],
          [
            15.49467,
            51.293585
          ],
          [
            15.499666,
            51.296254
          ],
          [
            15.506409,
            51.299825
          ],
          [
            15.510067,
            51.301616
          ],
          [
            15.514504,
            51.303501
          ],
          [
            15.518723,
            51.304951
          ],
          [
            15.522191,
            51.305995
          ],
          [
            15.530238,
            51.308352
          ],
          [
            15.532779,
            51.309045
          ],
          [
            15.538591,
            51.310634
          ],
          [
            15.543642,
            51.311393
          ],
          [
            15.548365,
            51.31153
          ],
          [
            15.55503,
            51.31117
          ],
          [
            15.558352,
            51.311011
          ],
          [
            15.563816,
            51.311037
          ],
          [
            15.569189,
            51.3116
          ],
          [
            15.574702,
            51.31227
          ],
          [
            15.580022,
            51.31295
          ],
          [
            15.584096,
            51.313775
          ],
          [
            15.588811,
            51.315231
          ],
          [
            15.593247,
            51.316753
          ],
          [
            15.598009,
            51.318416
          ],
          [
            15.603622,
            51.320338
          ],
          [
            15.60831,
            51.321786
          ],
          [
            15.613034,
            51.323018
          ],
          [
            15.616833,
            51.323899
          ],
          [
            15.62289,
            51.32513
          ],
          [
            15.629228,
            51.326354
          ],
          [
            15.634318,
            51.32741
          ],
          [
            15.638627,
            51.328219
          ],
          [
            15.642309,
            51.328534
          ]
        ]
      }
    },
    {
      "type": "Feature",
      "properties": {
        "geometryRef": "krzyzowa-bielany-wroclawskie",
        "_source": "OSM"
      },
      "geometry": {
        "type": "LineString",
        "coordinates": [
          [
            15.642309,
            51.328534
          ],
          [
            15.651883,
            51.3261
          ],
          [
            15.656335,
            51.322912
          ],
          [
            15.660049,
            51.320725
          ],
          [
            15.66315,
            51.319131
          ],
          [
            15.669307,
            51.316197
          ],
          [
            15.674945,
            51.313464
          ],
          [
            15.679558,
            51.31125
          ],
          [
            15.683544,
            51.30969
          ],
          [
            15.687486,
            51.308619
          ],
          [
            15.694375,
            51.307368
          ],
          [
            15.695979,
            51.306949
          ],
          [
            15.704066,
            51.305497
          ],
          [
            15.707813,
            51.304838
          ],
          [
            15.711874,
            51.304019
          ],
          [
            15.717832,
            51.302897
          ],
          [
            15.723431,
            51.301844
          ],
          [
            15.728968,
            51.300791
          ],
          [
            15.733764,
            51.299898
          ],
          [
            15.740507,
            51.29863
          ],
          [
            15.744238,
            51.297911
          ],
          [
            15.74819,
            51.29701
          ],
          [
            15.753699,
            51.295479
          ],
          [
            15.758245,
            51.29395
          ],
          [
            15.762299,
            51.292331
          ],
          [
            15.766854,
            51.290187
          ],
          [
            15.770742,
            51.288098
          ],
          [
            15.77518,
            51.285399
          ],
          [
            15.781562,
            51.28148
          ],
          [
            15.785836,
            51.278841
          ],
          [
            15.78892,
            51.27697
          ],
          [
            15.793178,
            51.274621
          ],
          [
            15.797346,
            51.272662
          ],
          [
            15.802839,
            51.270394
          ],
          [
            15.806401,
            51.268942
          ],
          [
            15.811615,
            51.266843
          ],
          [
            15.816209,
            51.26499
          ],
          [
            15.822611,
            51.262313
          ],
          [
            15.830803,
            51.258977
          ],
          [
            15.835502,
            51.257077
          ],
          [
            15.838753,
            51.256009
          ],
          [
            15.845668,
            51.254198
          ],
          [
            15.849924,
            51.253075
          ],
          [
            15.85313,
            51.252273
          ],
          [
            15.856824,
            51.251264
          ],
          [
            15.868176,
            51.248319
          ],
          [
            15.872684,
            51.247136
          ],
          [
            15.87767,
            51.245696
          ],
          [
            15.886542,
            51.242743
          ],
          [
            15.893564,
            51.240355
          ],
          [
            15.895454,
            51.239738
          ],
          [
            15.901864,
            51.237552
          ],
          [
            15.907825,
            51.235539
          ],
          [
            15.911039,
            51.234453
          ],
          [
            15.915657,
            51.232876
          ],
          [
            15.920228,
            51.231456
          ],
          [
            15.926078,
            51.230277
          ],
          [
            15.931534,
            51.229595
          ],
          [
            15.934538,
            51.22923
          ],
          [
            15.940659,
            51.228488
          ],
          [
            15.946147,
            51.227833
          ],
          [
            15.955564,
            51.226704
          ],
          [
            15.961117,
            51.225988
          ],
          [
            15.96602,
            51.224949
          ],
          [
            15.969596,
            51.223741
          ],
          [
            15.976087,
            51.22089
          ],
          [
            15.980248,
            51.219069
          ],
          [
            15.984236,
            51.216895
          ],
          [
            15.987904,
            51.213973
          ],
          [
            15.992091,
            51.209809
          ],
          [
            15.99601,
            51.20607
          ],
          [
            16.00067,
            51.203077
          ],
          [
            16.005897,
            51.200892
          ],
          [
            16.009935,
            51.199438
          ],
          [
            16.015077,
            51.197485
          ],
          [
            16.018679,
            51.195732
          ],
          [
            16.022908,
            51.193251
          ],
          [
            16.029022,
            51.189617
          ],
          [
            16.036296,
            51.185292
          ],
          [
            16.042195,
            51.181786
          ],
          [
            16.0453,
            51.179959
          ],
          [
            16.05072,
            51.177331
          ],
          [
            16.054932,
            51.176042
          ],
          [
            16.059804,
            51.175038
          ],
          [
            16.065559,
            51.173978
          ],
          [
            16.071665,
            51.172855
          ],
          [
            16.080923,
            51.171149
          ],
          [
            16.085522,
            51.170289
          ],
          [
            16.090304,
            51.169423
          ],
          [
            16.09478,
            51.16858
          ],
          [
            16.099003,
            51.167793
          ],
          [
            16.103653,
            51.166954
          ],
          [
            16.107764,
            51.166195
          ],
          [
            16.116254,
            51.164569
          ],
          [
            16.120876,
            51.163774
          ],
          [
            16.125989,
            51.162841
          ],
          [
            16.130129,
            51.162208
          ],
          [
            16.133622,
            51.161948
          ],
          [
            16.138208,
            51.16181
          ],
          [
            16.150266,
            51.161451
          ],
          [
            16.156223,
            51.161271
          ],
          [
            16.161627,
            51.161093
          ],
          [
            16.166462,
            51.160939
          ],
          [
            16.170402,
            51.160856
          ],
          [
            16.175209,
            51.160687
          ],
          [
            16.182846,
            51.160475
          ],
          [
            16.185894,
            51.160342
          ],
          [
            16.19108,
            51.15982
          ],
          [
            16.195442,
            51.15912
          ],
          [
            16.200777,
            51.158207
          ],
          [
            16.206398,
            51.157265
          ],
          [
            16.212958,
            51.156229
          ],
          [
            16.21645,
            51.155583
          ],
          [
            16.220434,
            51.15495
          ],
          [
            16.225522,
            51.154088
          ],
          [
            16.230809,
            51.15324
          ],
          [
            16.236523,
            51.152228
          ],
          [
            16.241755,
            51.151315
          ],
          [
            16.246312,
            51.150567
          ],
          [
            16.251315,
            51.149731
          ],
          [
            16.256064,
            51.148956
          ],
          [
            16.260569,
            51.148156
          ],
          [
            16.265198,
            51.146919
          ],
          [
            16.268943,
            51.145556
          ],
          [
            16.274336,
            51.143405
          ],
          [
            16.279186,
            51.1414
          ],
          [
            16.284093,
            51.139473
          ],
          [
            16.288926,
            51.137574
          ],
          [
            16.302703,
            51.13212
          ],
          [
            16.307325,
            51.130665
          ],
          [
            16.313241,
            51.129643
          ],
          [
            16.317736,
            51.129326
          ],
          [
            16.328102,
            51.128824
          ],
          [
            16.338449,
            51.128313
          ],
          [
            16.342184,
            51.128104
          ],
          [
            16.348673,
            51.12776
          ],
          [
            16.353921,
            51.127136
          ],
          [
            16.356394,
            51.126622
          ],
          [
            16.362274,
            51.125148
          ],
          [
            16.368021,
            51.123294
          ],
          [
            16.373272,
            51.120831
          ],
          [
            16.38103,
            51.117077
          ],
          [
            16.391734,
            51.111716
          ],
          [
            16.395381,
            51.109716
          ],
          [
            16.398656,
            51.107235
          ],
          [
            16.403276,
            51.102475
          ],
          [
            16.406819,
            51.096954
          ],
          [
            16.409729,
            51.093026
          ],
          [
            16.412136,
            51.090839
          ],
          [
            16.417966,
            51.086639
          ],
          [
            16.422371,
            51.084291
          ],
          [
            16.42768,
            51.08245
          ],
          [
            16.431357,
            51.081397
          ],
          [
            16.438607,
            51.079274
          ],
          [
            16.441438,
            51.078522
          ],
          [
            16.444912,
            51.077534
          ],
          [
            16.451707,
            51.07565
          ],
          [
            16.455991,
            51.074313
          ],
          [
            16.461472,
            51.072419
          ],
          [
            16.465642,
            51.070903
          ],
          [
            16.470019,
            51.069305
          ],
          [
            16.47498,
            51.067668
          ],
          [
            16.47918,
            51.066728
          ],
          [
            16.483461,
            51.066145
          ],
          [
            16.490407,
            51.06528
          ],
          [
            16.500314,
            51.064076
          ],
          [
            16.506308,
            51.063286
          ],
          [
            16.511096,
            51.062525
          ],
          [
            16.515461,
            51.061463
          ],
          [
            16.520888,
            51.060137
          ],
          [
            16.524421,
            51.059254
          ],
          [
            16.530561,
            51.057733
          ],
          [
            16.535552,
            51.056496
          ],
          [
            16.544245,
            51.05431
          ],
          [
            16.549694,
            51.052957
          ],
          [
            16.554355,
            51.051775
          ],
          [
            16.559416,
            51.050653
          ],
          [
            16.564547,
            51.04967
          ],
          [
            16.56906,
            51.048812
          ],
          [
            16.574127,
            51.047845
          ],
          [
            16.578653,
            51.046982
          ],
          [
            16.583459,
            51.045965
          ],
          [
            16.588063,
            51.044747
          ],
          [
            16.594438,
            51.042992
          ],
          [
            16.597804,
            51.042048
          ],
          [
            16.602457,
            51.04078
          ],
          [
            16.608186,
            51.03915
          ],
          [
            16.61133,
            51.038316
          ],
          [
            16.617021,
            51.036711
          ],
          [
            16.622551,
            51.035189
          ],
          [
            16.626522,
            51.034286
          ],
          [
            16.633213,
            51.033093
          ],
          [
            16.636578,
            51.032538
          ],
          [
            16.643288,
            51.031259
          ],
          [
            16.647349,
            51.030556
          ],
          [
            16.652861,
            51.029528
          ],
          [
            16.658194,
            51.028497
          ],
          [
            16.661849,
            51.027657
          ],
          [
            16.666153,
            51.026501
          ],
          [
            16.669516,
            51.025547
          ],
          [
            16.676311,
            51.023558
          ],
          [
            16.682111,
            51.021965
          ],
          [
            16.686168,
            51.020866
          ],
          [
            16.690758,
            51.019868
          ],
          [
            16.695784,
            51.01938
          ],
          [
            16.701928,
            51.019361
          ],
          [
            16.704572,
            51.019384
          ],
          [
            16.712191,
            51.019438
          ],
          [
            16.719642,
            51.019508
          ],
          [
            16.7288,
            51.019585
          ],
          [
            16.732497,
            51.019613
          ],
          [
            16.738189,
            51.019672
          ],
          [
            16.742046,
            51.019814
          ],
          [
            16.748066,
            51.020242
          ],
          [
            16.752992,
            51.020699
          ],
          [
            16.757801,
            51.021114
          ],
          [
            16.762303,
            51.021539
          ],
          [
            16.767154,
            51.021939
          ],
          [
            16.772776,
            51.022442
          ],
          [
            16.777579,
            51.023154
          ],
          [
            16.78163,
            51.024212
          ],
          [
            16.785837,
            51.025896
          ],
          [
            16.79174,
            51.029204
          ],
          [
            16.796177,
            51.031607
          ],
          [
            16.800856,
            51.033349
          ],
          [
            16.805549,
            51.034424
          ],
          [
            16.810505,
            51.034965
          ],
          [
            16.816264,
            51.035036
          ],
          [
            16.825139,
            51.03501
          ],
          [
            16.830811,
            51.034993
          ],
          [
            16.83581,
            51.034928
          ],
          [
            16.840495,
            51.035027
          ],
          [
            16.847207,
            51.034898
          ],
          [
            16.849453,
            51.035005
          ],
          [
            16.856282,
            51.034952
          ],
          [
            16.861778,
            51.035095
          ],
          [
            16.865477,
            51.035348
          ],
          [
            16.869509,
            51.035713
          ],
          [
            16.874613,
            51.036114
          ],
          [
            16.880899,
            51.036756
          ],
          [
            16.886177,
            51.037232
          ],
          [
            16.891623,
            51.037761
          ],
          [
            16.894988,
            51.03807
          ],
          [
            16.900806,
            51.038622
          ],
          [
            16.906533,
            51.039154
          ],
          [
            16.910518,
            51.039625
          ],
          [
            16.915877,
            51.040514
          ],
          [
            16.919854,
            51.041357
          ],
          [
            16.92497,
            51.042563
          ],
          [
            16.931665,
            51.044153
          ],
          [
            16.937074,
            51.045433
          ],
          [
            16.939305,
            51.045919
          ],
          [
            16.945579,
            51.04745
          ],
          [
            16.949361,
            51.048334
          ],
          [
            16.954606,
            51.049532
          ],
          [
            16.959774,
            51.050254
          ],
          [
            16.965154,
            51.050361
          ],
          [
            16.970323,
            51.04983
          ]
        ]
      }
    },
    {
      "type": "Feature",
      "properties": {
        "geometryRef": "bielany-nogowczyce",
        "_source": "OSM"
      },
      "geometry": {
        "type": "LineString",
        "coordinates": [
          [
            16.970323,
            51.04983
          ],
          [
            16.97993,
            51.047003
          ],
          [
            16.984711,
            51.04429
          ],
          [
            16.988449,
            51.041734
          ],
          [
            16.994276,
            51.037731
          ],
          [
            16.996355,
            51.036281
          ],
          [
            17.000915,
            51.033103
          ],
          [
            17.005304,
            51.030058
          ],
          [
            17.008867,
            51.027681
          ],
          [
            17.012775,
            51.024965
          ],
          [
            17.018743,
            51.020746
          ],
          [
            17.021595,
            51.01837
          ],
          [
            17.025452,
            51.014337
          ],
          [
            17.028718,
            51.010287
          ],
          [
            17.031685,
            51.006938
          ],
          [
            17.035838,
            51.003344
          ],
          [
            17.039282,
            51.00079
          ],
          [
            17.043986,
            50.997338
          ],
          [
            17.047554,
            50.994785
          ],
          [
            17.051861,
            50.991562
          ],
          [
            17.055824,
            50.988235
          ],
          [
            17.058474,
            50.984659
          ],
          [
            17.061316,
            50.97773
          ],
          [
            17.062591,
            50.974562
          ],
          [
            17.064714,
            50.969207
          ],
          [
            17.066863,
            50.965248
          ],
          [
            17.071522,
            50.960759
          ],
          [
            17.075315,
            50.957916
          ],
          [
            17.079053,
            50.955054
          ],
          [
            17.082012,
            50.952817
          ],
          [
            17.087505,
            50.948642
          ],
          [
            17.091445,
            50.946077
          ],
          [
            17.095306,
            50.943801
          ],
          [
            17.101288,
            50.94066
          ],
          [
            17.105035,
            50.938709
          ],
          [
            17.109965,
            50.936079
          ],
          [
            17.114072,
            50.93356
          ],
          [
            17.118226,
            50.931063
          ],
          [
            17.126558,
            50.925692
          ],
          [
            17.129641,
            50.923939
          ],
          [
            17.133502,
            50.921531
          ],
          [
            17.137639,
            50.918947
          ],
          [
            17.142963,
            50.915638
          ],
          [
            17.147912,
            50.912877
          ],
          [
            17.151086,
            50.911219
          ],
          [
            17.156197,
            50.908496
          ],
          [
            17.160676,
            50.906109
          ],
          [
            17.165077,
            50.903704
          ],
          [
            17.167296,
            50.90244
          ],
          [
            17.17444,
            50.898801
          ],
          [
            17.178345,
            50.896618
          ],
          [
            17.1824,
            50.894071
          ],
          [
            17.187003,
            50.890671
          ],
          [
            17.190009,
            50.888444
          ],
          [
            17.194513,
            50.884948
          ],
          [
            17.19815,
            50.88217
          ],
          [
            17.202624,
            50.87873
          ],
          [
            17.206535,
            50.875736
          ],
          [
            17.210209,
            50.872901
          ],
          [
            17.21426,
            50.869528
          ],
          [
            17.217273,
            50.86657
          ],
          [
            17.22191,
            50.861966
          ],
          [
            17.22466,
            50.859356
          ],
          [
            17.229474,
            50.854783
          ],
          [
            17.233394,
            50.852032
          ],
          [
            17.23754,
            50.85014
          ],
          [
            17.243114,
            50.848294
          ],
          [
            17.246673,
            50.847228
          ],
          [
            17.252712,
            50.84534
          ],
          [
            17.257267,
            50.843451
          ],
          [
            17.262666,
            50.841114
          ],
          [
            17.266173,
            50.839973
          ],
          [
            17.270707,
            50.838829
          ],
          [
            17.278615,
            50.836769
          ],
          [
            17.281914,
            50.835525
          ],
          [
            17.28622,
            50.833183
          ],
          [
            17.289535,
            50.830723
          ],
          [
            17.294257,
            50.827044
          ],
          [
            17.30385,
            50.819671
          ],
          [
            17.306148,
            50.817892
          ],
          [
            17.308928,
            50.815454
          ],
          [
            17.312837,
            50.811289
          ],
          [
            17.317132,
            50.806671
          ],
          [
            17.320293,
            50.80321
          ],
          [
            17.325304,
            50.797744
          ],
          [
            17.328586,
            50.794203
          ],
          [
            17.331097,
            50.792076
          ],
          [
            17.33339,
            50.79052
          ],
          [
            17.344565,
            50.784331
          ],
          [
            17.349191,
            50.781752
          ],
          [
            17.352942,
            50.779709
          ],
          [
            17.356707,
            50.777879
          ],
          [
            17.361839,
            50.775716
          ],
          [
            17.366441,
            50.774116
          ],
          [
            17.371066,
            50.772731
          ],
          [
            17.37591,
            50.771622
          ],
          [
            17.381318,
            50.77061
          ],
          [
            17.387182,
            50.769867
          ],
          [
            17.391416,
            50.769512
          ],
          [
            17.397268,
            50.769215
          ],
          [
            17.401747,
            50.76875
          ],
          [
            17.406856,
            50.767575
          ],
          [
            17.410605,
            50.766257
          ],
          [
            17.415418,
            50.763928
          ],
          [
            17.422011,
            50.760843
          ],
          [
            17.424785,
            50.759509
          ],
          [
            17.429419,
            50.757267
          ],
          [
            17.43381,
            50.755046
          ],
          [
            17.438516,
            50.75251
          ],
          [
            17.442094,
            50.750556
          ],
          [
            17.445846,
            50.748533
          ],
          [
            17.451137,
            50.74563
          ],
          [
            17.456307,
            50.743019
          ],
          [
            17.460321,
            50.741355
          ],
          [
            17.465622,
            50.739621
          ],
          [
            17.470453,
            50.738424
          ],
          [
            17.475785,
            50.737418
          ],
          [
            17.48032,
            50.736839
          ],
          [
            17.486769,
            50.736152
          ],
          [
            17.490217,
            50.735646
          ],
          [
            17.495704,
            50.734477
          ],
          [
            17.500231,
            50.733068
          ],
          [
            17.504583,
            50.731325
          ],
          [
            17.509836,
            50.729024
          ],
          [
            17.514345,
            50.727106
          ],
          [
            17.518808,
            50.725454
          ],
          [
            17.523564,
            50.723967
          ],
          [
            17.527908,
            50.722863
          ],
          [
            17.533404,
            50.721698
          ],
          [
            17.543896,
            50.719484
          ],
          [
            17.548057,
            50.718666
          ],
          [
            17.553377,
            50.717677
          ],
          [
            17.558433,
            50.716771
          ],
          [
            17.562265,
            50.716177
          ],
          [
            17.570935,
            50.714612
          ],
          [
            17.587104,
            50.711805
          ],
          [
            17.59475,
            50.710482
          ],
          [
            17.598426,
            50.709838
          ],
          [
            17.603237,
            50.708951
          ],
          [
            17.607989,
            50.707589
          ],
          [
            17.61202,
            50.705833
          ],
          [
            17.61643,
            50.703007
          ],
          [
            17.620865,
            50.699058
          ],
          [
            17.625189,
            50.695313
          ],
          [
            17.629264,
            50.6921
          ],
          [
            17.633831,
            50.688817
          ],
          [
            17.637701,
            50.686188
          ],
          [
            17.641628,
            50.683783
          ],
          [
            17.646549,
            50.680851
          ],
          [
            17.651064,
            50.678466
          ],
          [
            17.655474,
            50.676228
          ],
          [
            17.659543,
            50.67437
          ],
          [
            17.66456,
            50.672205
          ],
          [
            17.669293,
            50.670303
          ],
          [
            17.673847,
            50.668641
          ],
          [
            17.678346,
            50.667097
          ],
          [
            17.682663,
            50.665727
          ],
          [
            17.689232,
            50.663788
          ],
          [
            17.692521,
            50.662802
          ],
          [
            17.697979,
            50.6612
          ],
          [
            17.703135,
            50.659664
          ],
          [
            17.707525,
            50.658188
          ],
          [
            17.712385,
            50.656235
          ],
          [
            17.716831,
            50.654052
          ],
          [
            17.720968,
            50.651634
          ],
          [
            17.725355,
            50.648517
          ],
          [
            17.728389,
            50.645928
          ],
          [
            17.73319,
            50.641289
          ],
          [
            17.736614,
            50.638197
          ],
          [
            17.740616,
            50.634845
          ],
          [
            17.744357,
            50.631998
          ],
          [
            17.748085,
            50.629402
          ],
          [
            17.752192,
            50.626735
          ],
          [
            17.75688,
            50.623694
          ],
          [
            17.761016,
            50.621094
          ],
          [
            17.766147,
            50.617785
          ],
          [
            17.771337,
            50.614454
          ],
          [
            17.777483,
            50.610443
          ],
          [
            17.783283,
            50.606805
          ],
          [
            17.78595,
            50.605021
          ],
          [
            17.790088,
            50.602449
          ],
          [
            17.795014,
            50.599321
          ],
          [
            17.799776,
            50.596263
          ],
          [
            17.803546,
            50.594024
          ],
          [
            17.808548,
            50.59129
          ],
          [
            17.812339,
            50.589335
          ],
          [
            17.816036,
            50.587596
          ],
          [
            17.821354,
            50.585261
          ],
          [
            17.826129,
            50.583378
          ],
          [
            17.83298,
            50.58086
          ],
          [
            17.836366,
            50.579695
          ],
          [
            17.840393,
            50.578158
          ],
          [
            17.846843,
            50.575807
          ],
          [
            17.850116,
            50.574496
          ],
          [
            17.854381,
            50.572573
          ],
          [
            17.858412,
            50.570472
          ],
          [
            17.862434,
            50.568124
          ],
          [
            17.866979,
            50.565483
          ],
          [
            17.876903,
            50.559778
          ],
          [
            17.88115,
            50.557262
          ],
          [
            17.884552,
            50.555164
          ],
          [
            17.888851,
            50.552101
          ],
          [
            17.892638,
            50.548862
          ],
          [
            17.895164,
            50.546319
          ],
          [
            17.900346,
            50.540504
          ],
          [
            17.903507,
            50.537219
          ],
          [
            17.907282,
            50.534153
          ],
          [
            17.911397,
            50.531654
          ],
          [
            17.916056,
            50.529508
          ],
          [
            17.920517,
            50.527924
          ],
          [
            17.925567,
            50.526483
          ],
          [
            17.932337,
            50.524688
          ],
          [
            17.9363,
            50.523501
          ],
          [
            17.940507,
            50.522074
          ],
          [
            17.944939,
            50.520233
          ],
          [
            17.949779,
            50.518025
          ],
          [
            17.955166,
            50.515425
          ],
          [
            17.959524,
            50.513393
          ],
          [
            17.963449,
            50.5109
          ],
          [
            17.966127,
            50.508137
          ],
          [
            17.969834,
            50.50291
          ],
          [
            17.973936,
            50.496975
          ],
          [
            17.97643,
            50.494177
          ],
          [
            17.980948,
            50.491142
          ],
          [
            17.984907,
            50.489621
          ],
          [
            17.989746,
            50.488347
          ],
          [
            17.995083,
            50.486988
          ],
          [
            17.999831,
            50.48575
          ],
          [
            18.006263,
            50.484086
          ],
          [
            18.010654,
            50.482987
          ],
          [
            18.014635,
            50.482311
          ],
          [
            18.019696,
            50.481978
          ],
          [
            18.024801,
            50.48223
          ],
          [
            18.030123,
            50.482915
          ],
          [
            18.035026,
            50.483413
          ],
          [
            18.039896,
            50.483547
          ],
          [
            18.045138,
            50.483298
          ],
          [
            18.049887,
            50.482709
          ],
          [
            18.054202,
            50.481847
          ],
          [
            18.060308,
            50.480312
          ],
          [
            18.064637,
            50.479231
          ],
          [
            18.069623,
            50.478246
          ],
          [
            18.074929,
            50.47764
          ],
          [
            18.07974,
            50.477454
          ],
          [
            18.084607,
            50.477627
          ],
          [
            18.089532,
            50.478158
          ],
          [
            18.094767,
            50.478941
          ],
          [
            18.11141,
            50.481473
          ],
          [
            18.11542,
            50.481648
          ],
          [
            18.120209,
            50.480841
          ],
          [
            18.124648,
            50.480097
          ],
          [
            18.130321,
            50.479481
          ],
          [
            18.135071,
            50.477436
          ],
          [
            18.139944,
            50.47267
          ],
          [
            18.143131,
            50.47064
          ],
          [
            18.149488,
            50.467776
          ],
          [
            18.153966,
            50.464479
          ],
          [
            18.158435,
            50.462441
          ],
          [
            18.163631,
            50.462108
          ],
          [
            18.168365,
            50.463439
          ],
          [
            18.17366,
            50.465923
          ],
          [
            18.178534,
            50.466885
          ],
          [
            18.183057,
            50.466928
          ],
          [
            18.187448,
            50.466724
          ],
          [
            18.203967,
            50.466336
          ],
          [
            18.210056,
            50.466113
          ],
          [
            18.214382,
            50.465694
          ],
          [
            18.218998,
            50.464786
          ],
          [
            18.224858,
            50.462942
          ],
          [
            18.228948,
            50.461636
          ],
          [
            18.233826,
            50.460362
          ],
          [
            18.238559,
            50.459493
          ],
          [
            18.24341,
            50.458936
          ],
          [
            18.248608,
            50.458685
          ],
          [
            18.251618,
            50.458683
          ],
          [
            18.259231,
            50.458866
          ],
          [
            18.262501,
            50.458939
          ],
          [
            18.267997,
            50.459033
          ],
          [
            18.274289,
            50.459166
          ],
          [
            18.27877,
            50.458896
          ],
          [
            18.283501,
            50.458045
          ],
          [
            18.288984,
            50.456481
          ],
          [
            18.293114,
            50.455275
          ],
          [
            18.298426,
            50.453852
          ],
          [
            18.303377,
            50.452803
          ],
          [
            18.307009,
            50.452182
          ],
          [
            18.31157,
            50.451556
          ],
          [
            18.317561,
            50.450596
          ],
          [
            18.322177,
            50.449914
          ],
          [
            18.328815,
            50.448921
          ],
          [
            18.334228,
            50.448083
          ],
          [
            18.338415,
            50.44746
          ]
        ]
      }
    },
    {
      "type": "Feature",
      "properties": {
        "geometryRef": "nogowczyce-murckowska",
        "_source": "OSM"
      },
      "geometry": {
        "type": "LineString",
        "coordinates": [
          [
            18.338415,
            50.44746
          ],
          [
            18.347932,
            50.445891
          ],
          [
            18.352788,
            50.444478
          ],
          [
            18.357423,
            50.442343
          ],
          [
            18.361407,
            50.439549
          ],
          [
            18.366024,
            50.435563
          ],
          [
            18.369513,
            50.432967
          ],
          [
            18.373363,
            50.431087
          ],
          [
            18.380261,
            50.428685
          ],
          [
            18.383365,
            50.427622
          ],
          [
            18.38805,
            50.425975
          ],
          [
            18.39302,
            50.423749
          ],
          [
            18.397216,
            50.421269
          ],
          [
            18.39995,
            50.419243
          ],
          [
            18.405969,
            50.41445
          ],
          [
            18.408698,
            50.412449
          ],
          [
            18.415458,
            50.407743
          ],
          [
            18.417086,
            50.406497
          ],
          [
            18.422007,
            50.403261
          ],
          [
            18.425371,
            50.401648
          ],
          [
            18.429559,
            50.399901
          ],
          [
            18.433248,
            50.398367
          ],
          [
            18.439238,
            50.395895
          ],
          [
            18.444864,
            50.393542
          ],
          [
            18.44981,
            50.391468
          ],
          [
            18.453739,
            50.389427
          ],
          [
            18.458101,
            50.38625
          ],
          [
            18.462276,
            50.382961
          ],
          [
            18.466252,
            50.380625
          ],
          [
            18.471761,
            50.378391
          ],
          [
            18.47543,
            50.377046
          ],
          [
            18.490819,
            50.371327
          ],
          [
            18.493461,
            50.370333
          ],
          [
            18.500448,
            50.367743
          ],
          [
            18.504932,
            50.366142
          ],
          [
            18.509684,
            50.364261
          ],
          [
            18.513663,
            50.362236
          ],
          [
            18.516938,
            50.359895
          ],
          [
            18.52103,
            50.356279
          ],
          [
            18.52517,
            50.352956
          ],
          [
            18.529448,
            50.350634
          ],
          [
            18.534413,
            50.348863
          ],
          [
            18.539078,
            50.346853
          ],
          [
            18.542527,
            50.343356
          ],
          [
            18.545319,
            50.333782
          ],
          [
            18.546358,
            50.329538
          ],
          [
            18.548396,
            50.321429
          ],
          [
            18.54989,
            50.315432
          ],
          [
            18.552143,
            50.307166
          ],
          [
            18.554769,
            50.301501
          ],
          [
            18.557548,
            50.297295
          ],
          [
            18.565847,
            50.286906
          ],
          [
            18.568153,
            50.284033
          ],
          [
            18.571778,
            50.279529
          ],
          [
            18.575672,
            50.27476
          ],
          [
            18.578831,
            50.271865
          ],
          [
            18.58323,
            50.269205
          ],
          [
            18.588108,
            50.26731
          ],
          [
            18.592962,
            50.266159
          ],
          [
            18.59759,
            50.265563
          ],
          [
            18.608621,
            50.264447
          ],
          [
            18.620934,
            50.263254
          ],
          [
            18.626676,
            50.262616
          ],
          [
            18.62904,
            50.262388
          ],
          [
            18.634978,
            50.261773
          ],
          [
            18.641545,
            50.261107
          ],
          [
            18.645536,
            50.260702
          ],
          [
            18.652363,
            50.260008
          ],
          [
            18.657379,
            50.259491
          ],
          [
            18.662321,
            50.259102
          ],
          [
            18.668105,
            50.258903
          ],
          [
            18.673417,
            50.258924
          ],
          [
            18.679162,
            50.258931
          ],
          [
            18.683538,
            50.258952
          ],
          [
            18.69647,
            50.258977
          ],
          [
            18.701348,
            50.258983
          ],
          [
            18.707461,
            50.259181
          ],
          [
            18.712301,
            50.259615
          ],
          [
            18.717052,
            50.260357
          ],
          [
            18.721721,
            50.261343
          ],
          [
            18.727799,
            50.262784
          ],
          [
            18.73269,
            50.263924
          ],
          [
            18.73746,
            50.265146
          ],
          [
            18.743381,
            50.266488
          ],
          [
            18.747083,
            50.267373
          ],
          [
            18.752988,
            50.268706
          ],
          [
            18.757176,
            50.26934
          ],
          [
            18.762677,
            50.269517
          ],
          [
            18.767552,
            50.269068
          ],
          [
            18.772782,
            50.267922
          ],
          [
            18.776722,
            50.266526
          ],
          [
            18.782982,
            50.263925
          ],
          [
            18.787214,
            50.262589
          ],
          [
            18.792345,
            50.261557
          ],
          [
            18.796654,
            50.261136
          ],
          [
            18.802766,
            50.260742
          ],
          [
            18.807464,
            50.260422
          ],
          [
            18.814858,
            50.259939
          ],
          [
            18.820663,
            50.259468
          ],
          [
            18.827499,
            50.259104
          ],
          [
            18.832089,
            50.258784
          ],
          [
            18.837384,
            50.258177
          ],
          [
            18.841226,
            50.257698
          ],
          [
            18.846758,
            50.256946
          ],
          [
            18.851478,
            50.256326
          ],
          [
            18.856341,
            50.25566
          ],
          [
            18.861725,
            50.254962
          ],
          [
            18.865862,
            50.254401
          ],
          [
            18.872274,
            50.253531
          ],
          [
            18.877397,
            50.252863
          ],
          [
            18.882358,
            50.251803
          ],
          [
            18.886945,
            50.249716
          ],
          [
            18.891809,
            50.247812
          ],
          [
            18.896919,
            50.247274
          ],
          [
            18.902918,
            50.247973
          ],
          [
            18.907119,
            50.248666
          ],
          [
            18.912815,
            50.249615
          ],
          [
            18.918356,
            50.250502
          ],
          [
            18.921177,
            50.251021
          ],
          [
            18.927189,
            50.251908
          ],
          [
            18.932911,
            50.252926
          ],
          [
            18.937137,
            50.253606
          ],
          [
            18.942647,
            50.254413
          ],
          [
            18.946999,
            50.254843
          ],
          [
            18.952864,
            50.25523
          ],
          [
            18.957565,
            50.25557
          ],
          [
            18.963168,
            50.255922
          ],
          [
            18.967694,
            50.255744
          ],
          [
            18.971957,
            50.255166
          ],
          [
            18.979587,
            50.253779
          ],
          [
            18.983015,
            50.253201
          ],
          [
            18.988394,
            50.252308
          ],
          [
            18.993065,
            50.25144
          ],
          [
            18.99747,
            50.250557
          ],
          [
            19.002149,
            50.248754
          ],
          [
            19.006042,
            50.247531
          ],
          [
            19.011435,
            50.247066
          ],
          [
            19.015593,
            50.246771
          ],
          [
            19.022209,
            50.246366
          ],
          [
            19.026659,
            50.246063
          ],
          [
            19.031983,
            50.245549
          ],
          [
            19.036664,
            50.244744
          ],
          [
            19.041268,
            50.243869
          ]
        ]
      }
    },
    {
      "type": "Feature",
      "properties": {
        "geometryRef": "murckowska-balice",
        "_source": "OSM"
      },
      "geometry": {
        "type": "LineString",
        "coordinates": [
          [
            19.041268,
            50.243869
          ],
          [
            19.05206,
            50.241608
          ],
          [
            19.056248,
            50.24013
          ],
          [
            19.060262,
            50.236968
          ],
          [
            19.063852,
            50.232969
          ],
          [
            19.067851,
            50.230757
          ],
          [
            19.073824,
            50.228759
          ],
          [
            19.078467,
            50.227344
          ],
          [
            19.083222,
            50.225838
          ],
          [
            19.085688,
            50.225063
          ],
          [
            19.090948,
            50.223491
          ],
          [
            19.097984,
            50.221201
          ],
          [
            19.102221,
            50.220094
          ],
          [
            19.106489,
            50.219356
          ],
          [
            19.11206,
            50.218671
          ],
          [
            19.11733,
            50.218088
          ],
          [
            19.122487,
            50.217421
          ],
          [
            19.127543,
            50.216544
          ],
          [
            19.133214,
            50.215282
          ],
          [
            19.136975,
            50.214475
          ],
          [
            19.143279,
            50.213058
          ],
          [
            19.148734,
            50.211839
          ],
          [
            19.151992,
            50.211138
          ],
          [
            19.157373,
            50.209886
          ],
          [
            19.162192,
            50.208766
          ],
          [
            19.167407,
            50.207613
          ],
          [
            19.172489,
            50.206244
          ],
          [
            19.176991,
            50.204375
          ],
          [
            19.181659,
            50.201314
          ],
          [
            19.185281,
            50.197417
          ],
          [
            19.187739,
            50.193257
          ],
          [
            19.19114,
            50.187444
          ],
          [
            19.195228,
            50.182688
          ],
          [
            19.198468,
            50.179982
          ],
          [
            19.203706,
            50.176309
          ],
          [
            19.205472,
            50.175118
          ],
          [
            19.211523,
            50.170995
          ],
          [
            19.214716,
            50.169015
          ],
          [
            19.219301,
            50.165787
          ],
          [
            19.223999,
            50.162744
          ],
          [
            19.228836,
            50.159229
          ],
          [
            19.232475,
            50.156949
          ],
          [
            19.236459,
            50.154722
          ],
          [
            19.241315,
            50.152716
          ],
          [
            19.246419,
            50.15135
          ],
          [
            19.251519,
            50.150518
          ],
          [
            19.256196,
            50.150185
          ],
          [
            19.262558,
            50.150036
          ],
          [
            19.26765,
            50.149992
          ],
          [
            19.272913,
            50.149932
          ],
          [
            19.277525,
            50.149833
          ],
          [
            19.281833,
            50.149687
          ],
          [
            19.28821,
            50.149221
          ],
          [
            19.291942,
            50.148912
          ],
          [
            19.298329,
            50.148492
          ],
          [
            19.302998,
            50.14813
          ],
          [
            19.307548,
            50.147861
          ],
          [
            19.312834,
            50.147768
          ],
          [
            19.317814,
            50.147946
          ],
          [
            19.322214,
            50.148255
          ],
          [
            19.326296,
            50.14877
          ],
          [
            19.332315,
            50.149549
          ],
          [
            19.337715,
            50.15043
          ],
          [
            19.343318,
            50.151275
          ],
          [
            19.347341,
            50.151912
          ],
          [
            19.352928,
            50.15269
          ],
          [
            19.35769,
            50.153239
          ],
          [
            19.36202,
            50.153523
          ],
          [
            19.367293,
            50.153626
          ],
          [
            19.372182,
            50.153513
          ],
          [
            19.377464,
            50.153199
          ],
          [
            19.382168,
            50.152886
          ],
          [
            19.387821,
            50.152536
          ],
          [
            19.393228,
            50.152108
          ],
          [
            19.3979,
            50.151841
          ],
          [
            19.402664,
            50.151502
          ],
          [
            19.407432,
            50.151138
          ],
          [
            19.411924,
            50.150869
          ],
          [
            19.417306,
            50.150275
          ],
          [
            19.422406,
            50.149388
          ],
          [
            19.426701,
            50.148334
          ],
          [
            19.431083,
            50.147179
          ],
          [
            19.437423,
            50.145492
          ],
          [
            19.441276,
            50.144457
          ],
          [
            19.445768,
            50.14325
          ],
          [
            19.450493,
            50.142
          ],
          [
            19.455445,
            50.140581
          ],
          [
            19.461627,
            50.139003
          ],
          [
            19.466083,
            50.137544
          ],
          [
            19.470653,
            50.135656
          ],
          [
            19.474914,
            50.133423
          ],
          [
            19.479196,
            50.130696
          ],
          [
            19.48441,
            50.127325
          ],
          [
            19.487128,
            50.125508
          ],
          [
            19.495104,
            50.120479
          ],
          [
            19.501308,
            50.116179
          ],
          [
            19.505868,
            50.11331
          ],
          [
            19.509388,
            50.111226
          ],
          [
            19.514164,
            50.108899
          ],
          [
            19.518701,
            50.107185
          ],
          [
            19.523585,
            50.105747
          ],
          [
            19.528147,
            50.104715
          ],
          [
            19.534245,
            50.103378
          ],
          [
            19.540263,
            50.102258
          ],
          [
            19.541886,
            50.10194
          ],
          [
            19.548756,
            50.100467
          ],
          [
            19.553044,
            50.099593
          ],
          [
            19.558161,
            50.098197
          ],
          [
            19.563223,
            50.096375
          ],
          [
            19.568473,
            50.094175
          ],
          [
            19.572604,
            50.092653
          ],
          [
            19.577491,
            50.091328
          ],
          [
            19.582562,
            50.090397
          ],
          [
            19.587944,
            50.089861
          ],
          [
            19.592493,
            50.089775
          ],
          [
            19.597853,
            50.090092
          ],
          [
            19.602911,
            50.090786
          ],
          [
            19.608531,
            50.091936
          ],
          [
            19.612899,
            50.092673
          ],
          [
            19.617428,
            50.093087
          ],
          [
            19.622632,
            50.093101
          ],
          [
            19.628142,
            50.092697
          ],
          [
            19.632954,
            50.092421
          ],
          [
            19.63771,
            50.092539
          ],
          [
            19.643771,
            50.093118
          ],
          [
            19.647106,
            50.093532
          ],
          [
            19.651217,
            50.093949
          ],
          [
            19.65902,
            50.094842
          ],
          [
            19.663565,
            50.095199
          ],
          [
            19.6683,
            50.095219
          ],
          [
            19.673045,
            50.094814
          ],
          [
            19.677893,
            50.09393
          ],
          [
            19.683355,
            50.092299
          ],
          [
            19.687273,
            50.090647
          ],
          [
            19.6921,
            50.088099
          ],
          [
            19.703365,
            50.082461
          ],
          [
            19.708516,
            50.079807
          ],
          [
            19.712307,
            50.078065
          ],
          [
            19.71714,
            50.076537
          ],
          [
            19.721996,
            50.075672
          ],
          [
            19.727155,
            50.075407
          ],
          [
            19.732205,
            50.075735
          ],
          [
            19.736559,
            50.076516
          ],
          [
            19.743083,
            50.078316
          ],
          [
            19.747381,
            50.079197
          ],
          [
            19.751916,
            50.079639
          ],
          [
            19.756812,
            50.079662
          ],
          [
            19.763012,
            50.079727
          ],
          [
            19.767287,
            50.079944
          ],
          [
            19.77216,
            50.080472
          ],
          [
            19.777841,
            50.081358
          ],
          [
            19.782922,
            50.081898
          ],
          [
            19.787915,
            50.082728
          ],
          [
            19.792348,
            50.083361
          ],
          [
            19.798008,
            50.084766
          ]
        ]
      }
    },
    {
      "type": "Feature",
      "properties": {
        "geometryRef": "balice-krakow-wielicka",
        "_source": "OSM"
      },
      "geometry": {
        "type": "LineString",
        "coordinates": [
          [
            19.798008,
            50.084766
          ],
          [
            19.808265,
            50.081317
          ],
          [
            19.809114,
            50.076754
          ],
          [
            19.810394,
            50.071192
          ],
          [
            19.81034,
            50.066764
          ],
          [
            19.80953,
            50.061294
          ],
          [
            19.809719,
            50.055509
          ],
          [
            19.808074,
            50.050273
          ],
          [
            19.806907,
            50.04511
          ],
          [
            19.808782,
            50.041153
          ],
          [
            19.813053,
            50.036637
          ],
          [
            19.81698,
            50.032565
          ],
          [
            19.819532,
            50.029927
          ],
          [
            19.82399,
            50.025261
          ],
          [
            19.827276,
            50.022086
          ],
          [
            19.831686,
            50.019308
          ],
          [
            19.836438,
            50.017622
          ],
          [
            19.84201,
            50.015953
          ],
          [
            19.846434,
            50.013499
          ],
          [
            19.849749,
            50.009644
          ],
          [
            19.851639,
            50.003864
          ],
          [
            19.853381,
            49.999509
          ],
          [
            19.857327,
            49.996524
          ],
          [
            19.860884,
            49.995289
          ],
          [
            19.876487,
            49.992244
          ],
          [
            19.882178,
            49.991365
          ],
          [
            19.886897,
            49.990884
          ],
          [
            19.892112,
            49.990598
          ],
          [
            19.897135,
            49.990556
          ],
          [
            19.902588,
            49.990777
          ],
          [
            19.907255,
            49.991194
          ],
          [
            19.913031,
            49.991875
          ],
          [
            19.917408,
            49.992588
          ],
          [
            19.922298,
            49.994221
          ],
          [
            19.926505,
            49.996711
          ],
          [
            19.930919,
            49.999607
          ],
          [
            19.935662,
            50.00112
          ],
          [
            19.94046,
            50.001412
          ],
          [
            19.945684,
            50.000933
          ],
          [
            19.950387,
            50.000446
          ],
          [
            19.9555,
            50.000377
          ],
          [
            19.96013,
            50.000772
          ],
          [
            19.96606,
            50.001637
          ],
          [
            19.969801,
            50.001743
          ],
          [
            19.975507,
            50.001542
          ],
          [
            19.980588,
            50.001214
          ],
          [
            19.986678,
            50.000871
          ],
          [
            19.990913,
            50.00071
          ],
          [
            19.995767,
            50.00081
          ],
          [
            20.000235,
            50.001359
          ],
          [
            20.005142,
            50.002214
          ],
          [
            20.010228,
            50.00308
          ]
        ]
      }
    },
    {
      "type": "Feature",
      "properties": {
        "geometryRef": "krakow-wielicka-targowisko",
        "_source": "OSM"
      },
      "geometry": {
        "type": "LineString",
        "coordinates": [
          [
            20.010228,
            50.00308
          ],
          [
            20.021304,
            50.005092
          ],
          [
            20.025551,
            50.005675
          ],
          [
            20.030794,
            50.00605
          ],
          [
            20.034593,
            50.006099
          ],
          [
            20.040926,
            50.006046
          ],
          [
            20.045737,
            50.006078
          ],
          [
            20.050624,
            50.006535
          ],
          [
            20.055556,
            50.008022
          ],
          [
            20.060065,
            50.01088
          ],
          [
            20.065297,
            50.014473
          ],
          [
            20.070197,
            50.016345
          ],
          [
            20.075282,
            50.017253
          ],
          [
            20.081511,
            50.017513
          ],
          [
            20.084015,
            50.01754
          ],
          [
            20.092314,
            50.017829
          ],
          [
            20.098991,
            50.017932
          ],
          [
            20.106716,
            50.018133
          ],
          [
            20.110865,
            50.018229
          ],
          [
            20.113588,
            50.018291
          ],
          [
            20.120136,
            50.018399
          ],
          [
            20.12544,
            50.018547
          ],
          [
            20.130656,
            50.018609
          ],
          [
            20.13519,
            50.018196
          ],
          [
            20.140054,
            50.017176
          ],
          [
            20.144857,
            50.015563
          ],
          [
            20.149334,
            50.013784
          ],
          [
            20.155142,
            50.011488
          ],
          [
            20.159624,
            50.009744
          ],
          [
            20.16431,
            50.007875
          ],
          [
            20.169418,
            50.005872
          ],
          [
            20.174447,
            50.004139
          ],
          [
            20.179222,
            50.002777
          ],
          [
            20.184078,
            50.001663
          ],
          [
            20.190584,
            50.000477
          ],
          [
            20.194274,
            49.999763
          ],
          [
            20.209327,
            49.997193
          ],
          [
            20.213344,
            49.996446
          ],
          [
            20.218277,
            49.995454
          ],
          [
            20.221922,
            49.994607
          ],
          [
            20.228164,
            49.993006
          ],
          [
            20.233026,
            49.991787
          ],
          [
            20.237981,
            49.990679
          ],
          [
            20.242652,
            49.989984
          ],
          [
            20.24772,
            49.98964
          ],
          [
            20.252347,
            49.989662
          ],
          [
            20.259968,
            49.990064
          ],
          [
            20.261301,
            49.990107
          ],
          [
            20.269195,
            49.990545
          ],
          [
            20.273508,
            49.990707
          ]
        ]
      }
    },
    {
      "type": "Feature",
      "properties": {
        "geometryRef": "targowisko-tarnow-polnoc",
        "_source": "OSM"
      },
      "geometry": {
        "type": "LineString",
        "coordinates": [
          [
            20.273508,
            49.990707
          ],
          [
            20.28403,
            49.989979
          ],
          [
            20.288763,
            49.989037
          ],
          [
            20.293403,
            49.98778
          ],
          [
            20.304296,
            49.984862
          ],
          [
            20.309308,
            49.983557
          ],
          [
            20.314247,
            49.982794
          ],
          [
            20.319265,
            49.982665
          ],
          [
            20.324233,
            49.983188
          ],
          [
            20.32848,
            49.984178
          ],
          [
            20.334144,
            49.985977
          ],
          [
            20.338085,
            49.987209
          ],
          [
            20.34419,
            49.989168
          ],
          [
            20.349026,
            49.990722
          ],
          [
            20.353283,
            49.991837
          ],
          [
            20.358496,
            49.992765
          ],
          [
            20.364583,
            49.993488
          ],
          [
            20.370177,
            49.994163
          ],
          [
            20.375043,
            49.99467
          ],
          [
            20.37895,
            49.995262
          ],
          [
            20.383357,
            49.996227
          ],
          [
            20.387034,
            49.997271
          ],
          [
            20.394309,
            49.999568
          ],
          [
            20.400298,
            50.001418
          ],
          [
            20.404233,
            50.002575
          ],
          [
            20.408259,
            50.003597
          ],
          [
            20.413369,
            50.004526
          ],
          [
            20.417803,
            50.004978
          ],
          [
            20.423238,
            50.005141
          ],
          [
            20.428032,
            50.004898
          ],
          [
            20.431682,
            50.004564
          ],
          [
            20.438502,
            50.003783
          ],
          [
            20.442734,
            50.00328
          ],
          [
            20.447947,
            50.002827
          ],
          [
            20.452608,
            50.002663
          ],
          [
            20.458604,
            50.002686
          ],
          [
            20.462941,
            50.002663
          ],
          [
            20.468199,
            50.002668
          ],
          [
            20.47519,
            50.002695
          ],
          [
            20.478353,
            50.002789
          ],
          [
            20.483119,
            50.003232
          ],
          [
            20.488489,
            50.004302
          ],
          [
            20.493051,
            50.005576
          ],
          [
            20.498613,
            50.007215
          ],
          [
            20.503683,
            50.008356
          ],
          [
            20.508869,
            50.009124
          ],
          [
            20.513768,
            50.009498
          ],
          [
            20.519054,
            50.009532
          ],
          [
            20.524143,
            50.009205
          ],
          [
            20.529083,
            50.00854
          ],
          [
            20.533505,
            50.007629
          ],
          [
            20.538732,
            50.006116
          ],
          [
            20.543177,
            50.004441
          ],
          [
            20.546892,
            50.002822
          ],
          [
            20.552382,
            50.000341
          ],
          [
            20.559089,
            49.997337
          ],
          [
            20.563647,
            49.99536
          ],
          [
            20.567915,
            49.99386
          ],
          [
            20.57307,
            49.99264
          ],
          [
            20.577825,
            49.992046
          ],
          [
            20.582911,
            49.991895
          ],
          [
            20.587843,
            49.992247
          ],
          [
            20.592656,
            49.993009
          ],
          [
            20.597285,
            49.994025
          ],
          [
            20.603098,
            49.995338
          ],
          [
            20.607609,
            49.996268
          ],
          [
            20.611851,
            49.99707
          ],
          [
            20.616938,
            49.998007
          ],
          [
            20.623229,
            49.999113
          ],
          [
            20.627408,
            49.99973
          ],
          [
            20.631378,
            50.000148
          ],
          [
            20.634998,
            50.000404
          ],
          [
            20.643307,
            50.000927
          ],
          [
            20.648137,
            50.001255
          ],
          [
            20.652017,
            50.001687
          ],
          [
            20.656206,
            50.002347
          ],
          [
            20.662424,
            50.003424
          ],
          [
            20.667277,
            50.004065
          ],
          [
            20.672316,
            50.004405
          ],
          [
            20.677198,
            50.004417
          ],
          [
            20.682651,
            50.004179
          ],
          [
            20.692101,
            50.003699
          ],
          [
            20.697616,
            50.003442
          ],
          [
            20.702075,
            50.00337
          ],
          [
            20.707254,
            50.00352
          ],
          [
            20.712085,
            50.003884
          ],
          [
            20.717136,
            50.004492
          ],
          [
            20.722842,
            50.00535
          ],
          [
            20.727314,
            50.006029
          ],
          [
            20.732496,
            50.00679
          ],
          [
            20.737362,
            50.007361
          ],
          [
            20.741935,
            50.007676
          ],
          [
            20.747129,
            50.007788
          ],
          [
            20.752457,
            50.00763
          ],
          [
            20.756874,
            50.007293
          ],
          [
            20.763214,
            50.006655
          ],
          [
            20.767802,
            50.006198
          ],
          [
            20.772066,
            50.005919
          ],
          [
            20.776866,
            50.005811
          ],
          [
            20.780053,
            50.005839
          ],
          [
            20.78975,
            50.006137
          ],
          [
            20.791534,
            50.006203
          ],
          [
            20.816604,
            50.00696
          ],
          [
            20.820913,
            50.007093
          ],
          [
            20.828595,
            50.007385
          ],
          [
            20.830962,
            50.007398
          ],
          [
            20.839759,
            50.007727
          ],
          [
            20.848206,
            50.007931
          ],
          [
            20.85251,
            50.008229
          ],
          [
            20.857468,
            50.009093
          ],
          [
            20.862112,
            50.010628
          ],
          [
            20.866896,
            50.013241
          ],
          [
            20.8709,
            50.016979
          ],
          [
            20.873793,
            50.021372
          ],
          [
            20.879492,
            50.030814
          ],
          [
            20.881815,
            50.034065
          ],
          [
            20.885869,
            50.03844
          ],
          [
            20.89031,
            50.042146
          ],
          [
            20.894092,
            50.044716
          ],
          [
            20.898935,
            50.047429
          ],
          [
            20.903631,
            50.049595
          ],
          [
            20.907889,
            50.051315
          ],
          [
            20.912291,
            50.05304
          ],
          [
            20.917667,
            50.055109
          ],
          [
            20.922512,
            50.05664
          ],
          [
            20.927108,
            50.05755
          ],
          [
            20.931925,
            50.058062
          ],
          [
            20.938152,
            50.058301
          ],
          [
            20.942545,
            50.058694
          ],
          [
            20.947329,
            50.059583
          ],
          [
            20.95187,
            50.060899
          ],
          [
            20.956844,
            50.062573
          ],
          [
            20.961802,
            50.063768
          ],
          [
            20.966808,
            50.064458
          ],
          [
            20.972009,
            50.06463
          ],
          [
            20.977288,
            50.064275
          ],
          [
            20.982828,
            50.063285
          ],
          [
            20.987942,
            50.061734
          ],
          [
            20.995121,
            50.058648
          ],
          [
            21.00004,
            50.056606
          ],
          [
            21.005799,
            50.05494
          ],
          [
            21.010911,
            50.054104
          ]
        ]
      }
    },
    {
      "type": "Feature",
      "properties": {
        "geometryRef": "tarnow-polnoc-debica-wschod",
        "_source": "OSM"
      },
      "geometry": {
        "type": "LineString",
        "coordinates": [
          [
            21.010911,
            50.054104
          ],
          [
            21.021872,
            50.053827
          ],
          [
            21.026368,
            50.054421
          ],
          [
            21.031111,
            50.055831
          ],
          [
            21.036174,
            50.05823
          ],
          [
            21.041428,
            50.060778
          ],
          [
            21.045655,
            50.062289
          ],
          [
            21.050534,
            50.063195
          ],
          [
            21.055834,
            50.063562
          ],
          [
            21.060896,
            50.063983
          ],
          [
            21.065496,
            50.065006
          ],
          [
            21.069965,
            50.066684
          ],
          [
            21.075895,
            50.069133
          ],
          [
            21.080682,
            50.071181
          ],
          [
            21.084994,
            50.072871
          ],
          [
            21.0911,
            50.075354
          ],
          [
            21.094941,
            50.076668
          ],
          [
            21.100051,
            50.077872
          ],
          [
            21.104546,
            50.078482
          ],
          [
            21.108251,
            50.078717
          ],
          [
            21.115915,
            50.078909
          ],
          [
            21.120084,
            50.079156
          ],
          [
            21.12485,
            50.079936
          ],
          [
            21.130145,
            50.08147
          ],
          [
            21.135048,
            50.083562
          ],
          [
            21.139048,
            50.085115
          ],
          [
            21.144629,
            50.086443
          ],
          [
            21.149585,
            50.087652
          ],
          [
            21.153881,
            50.089455
          ],
          [
            21.159247,
            50.092088
          ],
          [
            21.164431,
            50.093931
          ],
          [
            21.169155,
            50.095024
          ],
          [
            21.173643,
            50.095697
          ],
          [
            21.17918,
            50.096179
          ],
          [
            21.184576,
            50.096578
          ],
          [
            21.18892,
            50.096662
          ],
          [
            21.193308,
            50.096414
          ],
          [
            21.198492,
            50.095802
          ],
          [
            21.204366,
            50.095172
          ],
          [
            21.209257,
            50.095103
          ],
          [
            21.2137,
            50.095447
          ],
          [
            21.218971,
            50.096513
          ],
          [
            21.223588,
            50.098066
          ],
          [
            21.228377,
            50.099898
          ],
          [
            21.233296,
            50.101
          ],
          [
            21.237991,
            50.101343
          ],
          [
            21.244052,
            50.10119
          ],
          [
            21.24961,
            50.101034
          ],
          [
            21.252841,
            50.10095
          ],
          [
            21.256542,
            50.100896
          ],
          [
            21.262276,
            50.100719
          ],
          [
            21.268931,
            50.100437
          ],
          [
            21.274394,
            50.10023
          ],
          [
            21.278903,
            50.099808
          ],
          [
            21.28418,
            50.098706
          ],
          [
            21.288659,
            50.097089
          ],
          [
            21.29271,
            50.095133
          ],
          [
            21.301059,
            50.090856
          ],
          [
            21.304737,
            50.089432
          ],
          [
            21.309671,
            50.088247
          ],
          [
            21.314842,
            50.087761
          ],
          [
            21.319417,
            50.087935
          ],
          [
            21.324632,
            50.088552
          ],
          [
            21.330533,
            50.089251
          ],
          [
            21.334868,
            50.089522
          ],
          [
            21.340063,
            50.089205
          ],
          [
            21.344862,
            50.088263
          ],
          [
            21.348552,
            50.087082
          ],
          [
            21.361012,
            50.082034
          ],
          [
            21.365398,
            50.080394
          ],
          [
            21.370259,
            50.079269
          ],
          [
            21.375569,
            50.078715
          ],
          [
            21.380648,
            50.078765
          ],
          [
            21.385712,
            50.078963
          ],
          [
            21.390359,
            50.079231
          ],
          [
            21.395047,
            50.079578
          ],
          [
            21.400648,
            50.080277
          ],
          [
            21.405382,
            50.081114
          ],
          [
            21.4105,
            50.082263
          ],
          [
            21.415683,
            50.083561
          ],
          [
            21.421937,
            50.085118
          ],
          [
            21.42591,
            50.086063
          ],
          [
            21.430398,
            50.086778
          ],
          [
            21.435518,
            50.087023
          ],
          [
            21.440264,
            50.086694
          ],
          [
            21.44542,
            50.085725
          ],
          [
            21.449897,
            50.084385
          ],
          [
            21.456802,
            50.082141
          ],
          [
            21.460233,
            50.081095
          ],
          [
            21.465433,
            50.079946
          ]
        ]
      }
    },
    {
      "type": "Feature",
      "properties": {
        "geometryRef": "debica-wschod-rzeszow-zachod",
        "_source": "OSM"
      },
      "geometry": {
        "type": "LineString",
        "coordinates": [
          [
            21.465433,
            50.079946
          ],
          [
            21.475896,
            50.079694
          ],
          [
            21.480431,
            50.08038
          ],
          [
            21.48502,
            50.081652
          ],
          [
            21.489865,
            50.08377
          ],
          [
            21.493186,
            50.085695
          ],
          [
            21.500584,
            50.090132
          ],
          [
            21.504095,
            50.092173
          ],
          [
            21.508711,
            50.094301
          ],
          [
            21.513921,
            50.095998
          ],
          [
            21.518647,
            50.096981
          ],
          [
            21.523301,
            50.09749
          ],
          [
            21.528782,
            50.097878
          ],
          [
            21.53149,
            50.098026
          ],
          [
            21.539752,
            50.098582
          ],
          [
            21.543085,
            50.098988
          ],
          [
            21.546972,
            50.099516
          ],
          [
            21.552509,
            50.10066
          ],
          [
            21.55698,
            50.101438
          ],
          [
            21.565354,
            50.102698
          ],
          [
            21.56814,
            50.103276
          ],
          [
            21.574604,
            50.104394
          ],
          [
            21.577242,
            50.104832
          ],
          [
            21.584794,
            50.10625
          ],
          [
            21.587611,
            50.10665
          ],
          [
            21.59287,
            50.107344
          ],
          [
            21.597711,
            50.107511
          ],
          [
            21.603133,
            50.107176
          ],
          [
            21.609535,
            50.106545
          ],
          [
            21.614064,
            50.106197
          ],
          [
            21.61817,
            50.106075
          ],
          [
            21.623136,
            50.106423
          ],
          [
            21.626913,
            50.106933
          ],
          [
            21.632843,
            50.108004
          ],
          [
            21.638072,
            50.109036
          ],
          [
            21.642916,
            50.109569
          ],
          [
            21.647514,
            50.109617
          ],
          [
            21.652153,
            50.109432
          ],
          [
            21.65754,
            50.108956
          ],
          [
            21.662854,
            50.108645
          ],
          [
            21.668921,
            50.108192
          ],
          [
            21.673238,
            50.108077
          ],
          [
            21.678242,
            50.108313
          ],
          [
            21.683437,
            50.109028
          ],
          [
            21.687189,
            50.109837
          ],
          [
            21.6934,
            50.111347
          ],
          [
            21.696509,
            50.112149
          ],
          [
            21.703884,
            50.11397
          ],
          [
            21.708265,
            50.114785
          ],
          [
            21.713416,
            50.11534
          ],
          [
            21.717906,
            50.115464
          ],
          [
            21.722904,
            50.115232
          ],
          [
            21.729357,
            50.114417
          ],
          [
            21.732578,
            50.114046
          ],
          [
            21.744319,
            50.112541
          ],
          [
            21.748459,
            50.112179
          ],
          [
            21.753384,
            50.112183
          ],
          [
            21.757999,
            50.112549
          ],
          [
            21.763188,
            50.113352
          ],
          [
            21.77094,
            50.114768
          ],
          [
            21.771026,
            50.114597
          ],
          [
            21.777898,
            50.115891
          ],
          [
            21.783347,
            50.116792
          ],
          [
            21.788745,
            50.117706
          ],
          [
            21.793455,
            50.118274
          ],
          [
            21.79785,
            50.118442
          ],
          [
            21.803271,
            50.118202
          ],
          [
            21.807981,
            50.117554
          ],
          [
            21.813725,
            50.116452
          ],
          [
            21.818917,
            50.115391
          ],
          [
            21.822893,
            50.114599
          ],
          [
            21.827816,
            50.11361
          ],
          [
            21.834368,
            50.112346
          ],
          [
            21.83827,
            50.111467
          ],
          [
            21.841847,
            50.110809
          ],
          [
            21.848626,
            50.109454
          ],
          [
            21.853781,
            50.108412
          ],
          [
            21.858464,
            50.107628
          ],
          [
            21.862929,
            50.107253
          ],
          [
            21.869144,
            50.10705
          ],
          [
            21.874563,
            50.106924
          ],
          [
            21.879195,
            50.106783
          ],
          [
            21.882051,
            50.106577
          ],
          [
            21.887258,
            50.106508
          ],
          [
            21.895533,
            50.106259
          ],
          [
            21.896029,
            50.106244
          ],
          [
            21.905095,
            50.105965
          ],
          [
            21.913141,
            50.105721
          ]
        ]
      }
    },
    {
      "type": "Feature",
      "properties": {
        "geometryRef": "rzeszow-zachod-wschod",
        "_source": "OSM"
      },
      "geometry": {
        "type": "LineString",
        "coordinates": [
          [
            21.913141,
            50.105721
          ],
          [
            21.923509,
            50.105406
          ],
          [
            21.927839,
            50.105244
          ],
          [
            21.933819,
            50.105117
          ],
          [
            21.938434,
            50.105158
          ],
          [
            21.94349,
            50.10546
          ],
          [
            21.948687,
            50.105826
          ],
          [
            21.95472,
            50.10625
          ],
          [
            21.969074,
            50.107262
          ],
          [
            21.974931,
            50.107709
          ],
          [
            21.978976,
            50.107843
          ],
          [
            21.983928,
            50.107746
          ],
          [
            21.988752,
            50.107196
          ],
          [
            21.99297,
            50.106336
          ],
          [
            21.998364,
            50.104893
          ],
          [
            22.009067,
            50.101915
          ],
          [
            22.015708,
            50.099968
          ],
          [
            22.018528,
            50.099299
          ],
          [
            22.021871,
            50.098348
          ],
          [
            22.027989,
            50.096652
          ],
          [
            22.03284,
            50.09549
          ],
          [
            22.037685,
            50.094746
          ],
          [
            22.041938,
            50.094392
          ],
          [
            22.047405,
            50.094108
          ],
          [
            22.053111,
            50.093782
          ]
        ]
      }
    },
    {
      "type": "Feature",
      "properties": {
        "geometryRef": "rzeszow-wschod-jaroslaw-zachod",
        "_source": "OSM"
      },
      "geometry": {
        "type": "LineString",
        "coordinates": [
          [
            22.053111,
            50.093782
          ],
          [
            22.062893,
            50.093251
          ],
          [
            22.067647,
            50.092978
          ],
          [
            22.073001,
            50.092685
          ],
          [
            22.078194,
            50.09248
          ],
          [
            22.082768,
            50.092621
          ],
          [
            22.088464,
            50.093134
          ],
          [
            22.091733,
            50.093479
          ],
          [
            22.097296,
            50.09407
          ],
          [
            22.104182,
            50.094796
          ],
          [
            22.109334,
            50.09534
          ],
          [
            22.112861,
            50.095681
          ],
          [
            22.117686,
            50.095929
          ],
          [
            22.122694,
            50.0958
          ],
          [
            22.126823,
            50.09543
          ],
          [
            22.133213,
            50.094585
          ],
          [
            22.138862,
            50.09382
          ],
          [
            22.147721,
            50.092615
          ],
          [
            22.154602,
            50.09168
          ],
          [
            22.156887,
            50.091466
          ],
          [
            22.162785,
            50.090585
          ],
          [
            22.168194,
            50.090021
          ],
          [
            22.172972,
            50.089946
          ],
          [
            22.178704,
            50.089992
          ],
          [
            22.183517,
            50.090439
          ],
          [
            22.188021,
            50.091077
          ],
          [
            22.192893,
            50.091975
          ],
          [
            22.198341,
            50.09304
          ],
          [
            22.203007,
            50.094232
          ],
          [
            22.208111,
            50.096197
          ],
          [
            22.213217,
            50.097972
          ],
          [
            22.217764,
            50.098908
          ],
          [
            22.222823,
            50.099327
          ],
          [
            22.227422,
            50.0992
          ],
          [
            22.23269,
            50.098691
          ],
          [
            22.237735,
            50.098424
          ],
          [
            22.242673,
            50.098624
          ],
          [
            22.246405,
            50.098993
          ],
          [
            22.25233,
            50.09981
          ],
          [
            22.257171,
            50.100448
          ],
          [
            22.267921,
            50.101863
          ],
          [
            22.273038,
            50.102551
          ],
          [
            22.278168,
            50.10329
          ],
          [
            22.282966,
            50.104211
          ],
          [
            22.287823,
            50.105455
          ],
          [
            22.29288,
            50.107159
          ],
          [
            22.296082,
            50.108368
          ],
          [
            22.30376,
            50.111441
          ],
          [
            22.309146,
            50.11344
          ],
          [
            22.313605,
            50.114666
          ],
          [
            22.31851,
            50.115643
          ],
          [
            22.32295,
            50.116142
          ],
          [
            22.328296,
            50.116341
          ],
          [
            22.333435,
            50.116113
          ],
          [
            22.338057,
            50.115637
          ],
          [
            22.342463,
            50.115119
          ],
          [
            22.348758,
            50.114381
          ],
          [
            22.354005,
            50.113738
          ],
          [
            22.356245,
            50.113505
          ],
          [
            22.367532,
            50.11218
          ],
          [
            22.374204,
            50.111403
          ],
          [
            22.378868,
            50.110973
          ],
          [
            22.383269,
            50.110745
          ],
          [
            22.388491,
            50.110785
          ],
          [
            22.393206,
            50.111082
          ],
          [
            22.400473,
            50.111759
          ],
          [
            22.403633,
            50.111987
          ],
          [
            22.408898,
            50.112459
          ],
          [
            22.413541,
            50.112653
          ],
          [
            22.41825,
            50.112503
          ],
          [
            22.423574,
            50.111919
          ],
          [
            22.428701,
            50.110901
          ],
          [
            22.433621,
            50.109504
          ],
          [
            22.438015,
            50.108018
          ],
          [
            22.443042,
            50.106257
          ],
          [
            22.448028,
            50.104103
          ],
          [
            22.453281,
            50.101053
          ],
          [
            22.456753,
            50.098814
          ],
          [
            22.461956,
            50.095584
          ],
          [
            22.468731,
            50.091251
          ],
          [
            22.472866,
            50.088578
          ],
          [
            22.477406,
            50.085917
          ],
          [
            22.481566,
            50.084116
          ],
          [
            22.486345,
            50.082758
          ],
          [
            22.491535,
            50.081887
          ],
          [
            22.497666,
            50.081081
          ],
          [
            22.502861,
            50.080344
          ],
          [
            22.507176,
            50.079756
          ],
          [
            22.511503,
            50.079167
          ],
          [
            22.515452,
            50.078629
          ],
          [
            22.522987,
            50.077603
          ],
          [
            22.529048,
            50.076777
          ],
          [
            22.532112,
            50.076359
          ],
          [
            22.538246,
            50.075499
          ],
          [
            22.543346,
            50.074528
          ],
          [
            22.547949,
            50.073221
          ],
          [
            22.552052,
            50.071692
          ],
          [
            22.555795,
            50.069852
          ],
          [
            22.560238,
            50.067077
          ],
          [
            22.565216,
            50.062606
          ],
          [
            22.568685,
            50.05746
          ],
          [
            22.570808,
            50.050459
          ]
        ]
      }
    },
    {
      "type": "Feature",
      "properties": {
        "geometryRef": "jaroslaw-zachod-korczowa",
        "_source": "OSM"
      },
      "geometry": {
        "type": "LineString",
        "coordinates": [
          [
            22.570808,
            50.050459
          ],
          [
            22.572959,
            50.037054
          ],
          [
            22.574358,
            50.031819
          ],
          [
            22.576733,
            50.027446
          ],
          [
            22.580161,
            50.023491
          ],
          [
            22.583608,
            50.020608
          ],
          [
            22.588535,
            50.017067
          ],
          [
            22.592032,
            50.014263
          ],
          [
            22.595361,
            50.010631
          ],
          [
            22.597961,
            50.006779
          ],
          [
            22.601143,
            50.001883
          ],
          [
            22.604179,
            49.997704
          ],
          [
            22.606838,
            49.994743
          ],
          [
            22.61099,
            49.990731
          ],
          [
            22.615777,
            49.986947
          ],
          [
            22.619363,
            49.984468
          ],
          [
            22.623257,
            49.982175
          ],
          [
            22.628341,
            49.979505
          ],
          [
            22.632593,
            49.977569
          ],
          [
            22.638477,
            49.975011
          ],
          [
            22.642958,
            49.973081
          ],
          [
            22.647953,
            49.970616
          ],
          [
            22.651513,
            49.968365
          ],
          [
            22.655918,
            49.96444
          ],
          [
            22.659286,
            49.959578
          ],
          [
            22.662475,
            49.952032
          ],
          [
            22.665572,
            49.94739
          ],
          [
            22.669655,
            49.943536
          ],
          [
            22.674067,
            49.94067
          ],
          [
            22.678625,
            49.938535
          ],
          [
            22.683366,
            49.936937
          ],
          [
            22.687494,
            49.935935
          ],
          [
            22.697825,
            49.934091
          ],
          [
            22.704969,
            49.932841
          ],
          [
            22.708501,
            49.932185
          ],
          [
            22.713199,
            49.931109
          ],
          [
            22.717923,
            49.929652
          ],
          [
            22.722241,
            49.927956
          ],
          [
            22.726881,
            49.925657
          ],
          [
            22.731566,
            49.923222
          ],
          [
            22.735873,
            49.921316
          ],
          [
            22.740815,
            49.919622
          ],
          [
            22.745661,
            49.918402
          ],
          [
            22.750617,
            49.917516
          ],
          [
            22.75634,
            49.916887
          ],
          [
            22.760684,
            49.916584
          ],
          [
            22.766105,
            49.916205
          ],
          [
            22.771435,
            49.915866
          ],
          [
            22.775831,
            49.915562
          ],
          [
            22.78252,
            49.915076
          ],
          [
            22.786714,
            49.914813
          ],
          [
            22.791635,
            49.914342
          ],
          [
            22.797235,
            49.913583
          ],
          [
            22.802725,
            49.91267
          ],
          [
            22.807186,
            49.911903
          ],
          [
            22.812962,
            49.91092
          ],
          [
            22.817739,
            49.910433
          ],
          [
            22.822881,
            49.910292
          ],
          [
            22.827343,
            49.910497
          ],
          [
            22.832309,
            49.911094
          ],
          [
            22.836786,
            49.911823
          ],
          [
            22.843163,
            49.912891
          ],
          [
            22.846648,
            49.913478
          ],
          [
            22.850574,
            49.914138
          ],
          [
            22.857362,
            49.915321
          ],
          [
            22.861398,
            49.915933
          ],
          [
            22.866919,
            49.91688
          ],
          [
            22.872819,
            49.91795
          ],
          [
            22.876483,
            49.918792
          ],
          [
            22.881926,
            49.920424
          ],
          [
            22.886538,
            49.922103
          ],
          [
            22.892086,
            49.924232
          ],
          [
            22.896292,
            49.925743
          ],
          [
            22.901462,
            49.927222
          ],
          [
            22.905742,
            49.928112
          ],
          [
            22.9112,
            49.92897
          ],
          [
            22.915617,
            49.929622
          ],
          [
            22.9204,
            49.930448
          ],
          [
            22.925449,
            49.931737
          ],
          [
            22.929684,
            49.933209
          ],
          [
            22.934329,
            49.935191
          ],
          [
            22.93957,
            49.937401
          ],
          [
            22.944471,
            49.939033
          ],
          [
            22.949567,
            49.940212
          ],
          [
            22.954052,
            49.940862
          ],
          [
            22.958067,
            49.941217
          ],
          [
            22.963583,
            49.941549
          ],
          [
            22.968926,
            49.94178
          ],
          [
            22.974384,
            49.942197
          ],
          [
            22.979861,
            49.942491
          ],
          [
            22.984393,
            49.94272
          ],
          [
            22.990399,
            49.94311
          ],
          [
            22.996057,
            49.94341
          ],
          [
            22.999689,
            49.943681
          ],
          [
            23.004532,
            49.94417
          ],
          [
            23.009424,
            49.944859
          ],
          [
            23.015003,
            49.945878
          ],
          [
            23.019596,
            49.946981
          ],
          [
            23.024562,
            49.948356
          ],
          [
            23.028334,
            49.949555
          ],
          [
            23.032801,
            49.951193
          ],
          [
            23.038694,
            49.953583
          ],
          [
            23.041596,
            49.954784
          ],
          [
            23.048065,
            49.957478
          ],
          [
            23.052678,
            49.959393
          ],
          [
            23.057425,
            49.961113
          ],
          [
            23.062556,
            49.962262
          ],
          [
            23.067179,
            49.962718
          ],
          [
            23.08374,
            49.961215
          ]
        ]
      }
    }
  ]
}
