{
  "type": "FeatureCollection",
  "features": [
    {
      "type": "Feature",
      "properties": {
        "geometryRef": "kuznica-sokolka-polnoc",
        "_source": "OSM"
      },
      "geometry": {
        "type": "LineString",
        "coordinates": [
          [
            23.617173,
            53.495799
          ],
          [
            23.615982,
            53.493558
          ],
          [
            23.614032,
            53.490686
          ],
          [
            23.611266,
            53.487386
          ],
          [
            23.608819,
            53.485005
          ],
          [
            23.604482,
            53.481424
          ],
          [
            23.601656,
            53.479112
          ],
          [
            23.597496,
            53.475822
          ],
          [
            23.588519,
            53.468653
          ],
          [
            23.58546,
            53.46624
          ],
          [
            23.582092,
            53.464068
          ],
          [
            23.579622,
            53.462749
          ],
          [
            23.576314,
            53.46131
          ],
          [
            23.571576,
            53.459581
          ],
          [
            23.570062,
            53.459022
          ],
          [
            23.567158,
            53.457827
          ],
          [
            23.564374,
            53.456405
          ],
          [
            23.561935,
            53.45492
          ],
          [
            23.558727,
            53.452477
          ],
          [
            23.55831,
            53.452099
          ],
          [
            23.555767,
            53.449465
          ],
          [
            23.550484,
            53.443657
          ],
          [
            23.548054,
            53.441328
          ],
          [
            23.546561,
            53.440061
          ],
          [
            23.544376,
            53.438349
          ],
          [
            23.541194,
            53.436183
          ],
          [
            23.536434,
            53.433439
          ]
        ]
      }
    },
    {
      "type": "Feature",
      "properties": {
        "geometryRef": "sokolka-polnoc-czarna-bialostocka",
        "_source": "OSM"
      },
      "geometry": {
        "type": "LineString",
        "coordinates": [
          [
            23.536434,
            53.433439
          ],
          [
            23.52569,
            53.428902
          ],
          [
            23.522633,
            53.427358
          ],
          [
            23.518688,
            53.42576
          ],
          [
            23.516758,
            53.425221
          ],
          [
            23.513269,
            53.424809
          ],
          [
            23.507148,
            53.424508
          ],
          [
            23.499638,
            53.424086
          ],
          [
            23.495287,
            53.423536
          ],
          [
            23.490438,
            53.422507
          ],
          [
            23.48885,
            53.421996
          ],
          [
            23.485116,
            53.420436
          ],
          [
            23.483078,
            53.41954
          ],
          [
            23.480417,
            53.418134
          ],
          [
            23.478099,
            53.416586
          ],
          [
            23.47619,
            53.414809
          ],
          [
            23.474877,
            53.413128
          ],
          [
            23.474003,
            53.411604
          ],
          [
            23.472559,
            53.408786
          ],
          [
            23.47169,
            53.407123
          ],
          [
            23.471116,
            53.405594
          ],
          [
            23.470226,
            53.401603
          ],
          [
            23.469625,
            53.398571
          ],
          [
            23.469228,
            53.397253
          ],
          [
            23.467619,
            53.394688
          ],
          [
            23.466278,
            53.393089
          ],
          [
            23.464486,
            53.391342
          ],
          [
            23.461916,
            53.389408
          ],
          [
            23.457584,
            53.387135
          ],
          [
            23.452949,
            53.384732
          ],
          [
            23.448025,
            53.382189
          ],
          [
            23.443003,
            53.379558
          ],
          [
            23.442698,
            53.379357
          ],
          [
            23.439195,
            53.376731
          ],
          [
            23.437395,
            53.375222
          ],
          [
            23.434423,
            53.372259
          ],
          [
            23.432331,
            53.370101
          ],
          [
            23.42981,
            53.367951
          ],
          [
            23.426709,
            53.36578
          ],
          [
            23.422847,
            53.363162
          ],
          [
            23.422096,
            53.362547
          ],
          [
            23.419042,
            53.359447
          ],
          [
            23.416875,
            53.357001
          ],
          [
            23.414451,
            53.353992
          ],
          [
            23.410899,
            53.349586
          ],
          [
            23.407552,
            53.345602
          ],
          [
            23.405867,
            53.343607
          ],
          [
            23.404183,
            53.34132
          ],
          [
            23.401651,
            53.338693
          ],
          [
            23.400481,
            53.33804
          ],
          [
            23.396169,
            53.336546
          ],
          [
            23.395804,
            53.336426
          ],
          [
            23.393497,
            53.335779
          ],
          [
            23.391651,
            53.335497
          ],
          [
            23.386915,
            53.335401
          ],
          [
            23.381653,
            53.335981
          ],
          [
            23.380665,
            53.33606
          ],
          [
            23.3739,
            53.336008
          ],
          [
            23.370141,
            53.335537
          ],
          [
            23.366073,
            53.334664
          ],
          [
            23.364467,
            53.334144
          ],
          [
            23.362051,
            53.333097
          ],
          [
            23.357866,
            53.330759
          ]
        ]
      }
    },
    {
      "type": "Feature",
      "properties": {
        "geometryRef": "czarna-bialostocka-bialystok-polnoc",
        "_source": "OSM"
      },
      "geometry": {
        "type": "LineString",
        "coordinates": [
          [
            23.284108,
            53.28641
          ],
          [
            23.279615,
            53.282555
          ],
          [
            23.273345,
            53.277221
          ],
          [
            23.268594,
            53.273165
          ],
          [
            23.265496,
            53.270488
          ],
          [
            23.262213,
            53.267748
          ],
          [
            23.258684,
            53.264693
          ],
          [
            23.255733,
            53.262133
          ],
          [
            23.25319,
            53.25997
          ],
          [
            23.250045,
            53.257138
          ],
          [
            23.247469,
            53.254728
          ],
          [
            23.24477,
            53.251971
          ],
          [
            23.243897,
            53.251052
          ],
          [
            23.240728,
            53.247402
          ],
          [
            23.237293,
            53.243069
          ],
          [
            23.234992,
            53.240239
          ],
          [
            23.232789,
            53.237545
          ],
          [
            23.230774,
            53.235051
          ],
          [
            23.227572,
            53.231056
          ],
          [
            23.225805,
            53.228766
          ],
          [
            23.223907,
            53.226599
          ],
          [
            23.22301,
            53.225704
          ],
          [
            23.217537,
            53.223057
          ]
        ]
      }
    },
    {
      "type": "Feature",
      "properties": {
        "geometryRef": "bialystok-polnoc-dobrzyniewo",
        "_source": "OSM"
      },
      "geometry": {
        "type": "LineString",
        "coordinates": [
          [
            23.217537,
            53.223057
          ],
          [
            23.209533,
            53.219187
          ],
          [
            23.206164,
            53.2186
          ],
          [
            23.203506,
            53.218316
          ],
          [
            23.200197,
            53.218162
          ],
          [
            23.197735,
            53.218232
          ],
          [
            23.192617,
            53.218691
          ],
          [
            23.187872,
            53.219174
          ],
          [
            23.182505,
            53.219751
          ],
          [
            23.178791,
            53.220127
          ],
          [
            23.173462,
            53.220338
          ],
          [
            23.170764,
            53.220226
          ],
          [
            23.16748,
            53.219902
          ],
          [
            23.162665,
            53.219073
          ],
          [
            23.153665,
            53.217406
          ],
          [
            23.152665,
            53.21712
          ],
          [
            23.150425,
            53.2161
          ],
          [
            23.147256,
            53.213775
          ],
          [
            23.145083,
            53.211346
          ],
          [
            23.142835,
            53.208542
          ],
          [
            23.140711,
            53.20609
          ],
          [
            23.139043,
            53.204991
          ],
          [
            23.137251,
            53.204236
          ],
          [
            23.131881,
            53.202585
          ],
          [
            23.128357,
            53.201736
          ],
          [
            23.121369,
            53.200682
          ],
          [
            23.105665,
            53.198436
          ],
          [
            23.10476,
            53.198321
          ]
        ]
      }
    },
    {
      "type": "Feature",
      "properties": {
        "geometryRef": "krynice-bialystok-zachod",
        "_source": "OSM"
      },
      "geometry": {
        "type": "LineString",
        "coordinates": [
          [
            23.10476,
            53.198321
          ],
          [
            23.100676,
            53.197916
          ],
          [
            23.093488,
            53.197723
          ],
          [
            23.092662,
            53.197691
          ],
          [
            23.087169,
            53.197761
          ],
          [
            23.072578,
            53.198128
          ],
          [
            23.065894,
            53.198263
          ],
          [
            23.057611,
            53.198423
          ],
          [
            23.052558,
            53.198584
          ],
          [
            23.051603,
            53.198635
          ],
          [
            23.04391,
            53.19927
          ],
          [
            23.040123,
            53.199945
          ],
          [
            23.034038,
            53.198575
          ],
          [
            23.032135,
            53.19451
          ],
          [
            23.031031,
            53.192029
          ],
          [
            23.030472,
            53.189658
          ],
          [
            23.030494,
            53.188187
          ],
          [
            23.03077,
            53.18668
          ],
          [
            23.032305,
            53.183191
          ],
          [
            23.032948,
            53.181704
          ],
          [
            23.033337,
            53.180098
          ],
          [
            23.033434,
            53.178921
          ],
          [
            23.033189,
            53.176902
          ],
          [
            23.032221,
            53.174271
          ],
          [
            23.030542,
            53.170355
          ],
          [
            23.028678,
            53.165974
          ],
          [
            23.026786,
            53.161536
          ],
          [
            23.025606,
            53.158801
          ]
        ]
      }
    },
    {
      "type": "Feature",
      "properties": {
        "geometryRef": "bialystok-zachod-deniski",
        "_source": "OSM"
      },
      "geometry": {
        "type": "LineString",
        "coordinates": [
          [
            23.025606,
            53.158801
          ],
          [
            23.020594,
            53.146008
          ],
          [
            23.020307,
            53.142352
          ],
          [
            23.020525,
            53.140002
          ],
          [
            23.021182,
            53.137957
          ],
          [
            23.02242,
            53.134809
          ],
          [
            23.024069,
            53.130856
          ],
          [
            23.025744,
            53.12654
          ],
          [
            23.026633,
            53.12412
          ],
          [
            23.028373,
            53.114053
          ],
          [
            23.028896,
            53.110463
          ],
          [
            23.028848,
            53.106867
          ],
          [
            23.028456,
            53.104371
          ],
          [
            23.02667,
            53.09732
          ],
          [
            23.024828,
            53.090663
          ],
          [
            23.024604,
            53.08739
          ],
          [
            23.025974,
            53.081928
          ],
          [
            23.028313,
            53.07743
          ],
          [
            23.035884,
            53.068987
          ],
          [
            23.038256,
            53.065994
          ],
          [
            23.040355,
            53.063784
          ],
          [
            23.042332,
            53.061878
          ],
          [
            23.046392,
            53.058478
          ],
          [
            23.049814,
            53.056221
          ],
          [
            23.050415,
            53.055848
          ],
          [
            23.054143,
            53.05387
          ],
          [
            23.05676,
            53.052712
          ],
          [
            23.061269,
            53.051243
          ],
          [
            23.068782,
            53.048733
          ],
          [
            23.077322,
            53.047049
          ],
          [
            23.08646,
            53.046146
          ],
          [
            23.101415,
            53.044508
          ],
          [
            23.11687,
            53.041572
          ],
          [
            23.122717,
            53.040835
          ],
          [
            23.126406,
            53.040388
          ],
          [
            23.136572,
            53.040076
          ],
          [
            23.144589,
            53.039244
          ],
          [
            23.154759,
            53.037431
          ],
          [
            23.162008,
            53.036688
          ],
          [
            23.168413,
            53.036665
          ],
          [
            23.178201,
            53.036653
          ],
          [
            23.185374,
            53.036559
          ],
          [
            23.192386,
            53.035494
          ],
          [
            23.195057,
            53.034791
          ],
          [
            23.201052,
            53.032536
          ],
          [
            23.204387,
            53.030628
          ],
          [
            23.206858,
            53.028898
          ],
          [
            23.20838,
            53.027647
          ],
          [
            23.209734,
            53.026025
          ],
          [
            23.210943,
            53.023568
          ],
          [
            23.212276,
            53.019373
          ],
          [
            23.212946,
            53.016992
          ],
          [
            23.212454,
            53.011871
          ],
          [
            23.211786,
            53.008737
          ],
          [
            23.209514,
            53.000127
          ],
          [
            23.207995,
            52.994155
          ],
          [
            23.206778,
            52.989303
          ],
          [
            23.205142,
            52.982681
          ],
          [
            23.204178,
            52.978814
          ],
          [
            23.203323,
            52.975176
          ],
          [
            23.202982,
            52.972504
          ],
          [
            23.203256,
            52.968257
          ],
          [
            23.203881,
            52.96559
          ],
          [
            23.204526,
            52.963741
          ],
          [
            23.207887,
            52.957851
          ],
          [
            23.209942,
            52.95537
          ],
          [
            23.218207,
            52.948144
          ],
          [
            23.222938,
            52.944107
          ],
          [
            23.225795,
            52.940931
          ],
          [
            23.228038,
            52.938036
          ],
          [
            23.229531,
            52.935468
          ],
          [
            23.231252,
            52.930871
          ],
          [
            23.23166,
            52.928126
          ],
          [
            23.231739,
            52.925094
          ],
          [
            23.231771,
            52.914819
          ],
          [
            23.231769,
            52.914223
          ],
          [
            23.23159,
            52.90957
          ],
          [
            23.230716,
            52.906039
          ],
          [
            23.230162,
            52.904193
          ],
          [
            23.228023,
            52.899661
          ],
          [
            23.226477,
            52.897462
          ],
          [
            23.223251,
            52.894139
          ],
          [
            23.218488,
            52.890232
          ],
          [
            23.212619,
            52.885394
          ],
          [
            23.205079,
            52.879657
          ],
          [
            23.200646,
            52.875877
          ]
        ]
      }
    },
    {
      "type": "Feature",
      "properties": {
        "geometryRef": "deniski-hacki",
        "_source": "OSM"
      },
      "geometry": {
        "type": "LineString",
        "coordinates": [
          [
            23.200646,
            52.875877
          ],
          [
            23.197899,
            52.87373
          ],
          [
            23.194602,
            52.871137
          ],
          [
            23.190576,
            52.867978
          ],
          [
            23.187832,
            52.865809
          ],
          [
            23.186309,
            52.864564
          ],
          [
            23.183096,
            52.861726
          ],
          [
            23.181899,
            52.86054
          ],
          [
            23.179393,
            52.857605
          ],
          [
            23.176952,
            52.854058
          ],
          [
            23.175611,
            52.851447
          ],
          [
            23.175122,
            52.850318
          ],
          [
            23.174248,
            52.847953
          ],
          [
            23.173572,
            52.845215
          ],
          [
            23.173252,
            52.843375
          ],
          [
            23.173086,
            52.840728
          ],
          [
            23.173282,
            52.837305
          ],
          [
            23.17393,
            52.834009
          ],
          [
            23.174767,
            52.831418
          ],
          [
            23.177059,
            52.826529
          ],
          [
            23.177679,
            52.825102
          ],
          [
            23.178595,
            52.822455
          ]
        ]
      }
    },
    {
      "type": "Feature",
      "properties": {
        "geometryRef": "hacki-bocki",
        "_source": "OSM"
      },
      "geometry": {
        "type": "LineString",
        "coordinates": [
          [
            23.178595,
            52.822455
          ],
          [
            23.179356,
            52.819288
          ],
          [
            23.179616,
            52.817411
          ],
          [
            23.179787,
            52.814065
          ],
          [
            23.179682,
            52.812232
          ],
          [
            23.179166,
            52.808718
          ],
          [
            23.178898,
            52.807553
          ],
          [
            23.177828,
            52.804216
          ],
          [
            23.176643,
            52.801528
          ],
          [
            23.175198,
            52.798952
          ],
          [
            23.174016,
            52.797084
          ],
          [
            23.171177,
            52.793465
          ],
          [
            23.168566,
            52.790682
          ],
          [
            23.162762,
            52.785609
          ],
          [
            23.161771,
            52.78468
          ],
          [
            23.158223,
            52.780891
          ],
          [
            23.156283,
            52.778357
          ],
          [
            23.155621,
            52.777374
          ],
          [
            23.153412,
            52.773733
          ],
          [
            23.152175,
            52.771842
          ],
          [
            23.149908,
            52.768941
          ],
          [
            23.147055,
            52.765655
          ],
          [
            23.14638,
            52.764801
          ],
          [
            23.144131,
            52.761452
          ],
          [
            23.142615,
            52.758466
          ],
          [
            23.141514,
            52.755442
          ],
          [
            23.140793,
            52.752222
          ],
          [
            23.14015,
            52.74824
          ],
          [
            23.139855,
            52.746835
          ],
          [
            23.138869,
            52.74343
          ],
          [
            23.137916,
            52.740799
          ],
          [
            23.136286,
            52.737183
          ],
          [
            23.134162,
            52.73263
          ],
          [
            23.130624,
            52.725027
          ],
          [
            23.129725,
            52.723104
          ],
          [
            23.127717,
            52.719527
          ],
          [
            23.124346,
            52.714986
          ],
          [
            23.121838,
            52.712287
          ],
          [
            23.120096,
            52.710636
          ],
          [
            23.116343,
            52.707539
          ],
          [
            23.112015,
            52.704243
          ],
          [
            23.109138,
            52.702069
          ],
          [
            23.104445,
            52.6985
          ],
          [
            23.100117,
            52.695199
          ],
          [
            23.097719,
            52.693286
          ],
          [
            23.094269,
            52.690182
          ],
          [
            23.089029,
            52.685318
          ],
          [
            23.085079,
            52.681664
          ],
          [
            23.083812,
            52.680494
          ],
          [
            23.081062,
            52.677803
          ],
          [
            23.079119,
            52.67553
          ],
          [
            23.076957,
            52.672515
          ],
          [
            23.075187,
            52.669374
          ],
          [
            23.074859,
            52.668687
          ],
          [
            23.073755,
            52.665867
          ],
          [
            23.073338,
            52.664468
          ],
          [
            23.072679,
            52.661033
          ],
          [
            23.072558,
            52.659804
          ]
        ]
      }
    },
    {
      "type": "Feature",
      "properties": {
        "geometryRef": "bocki-chlebczyn",
        "_source": "OSM"
      },
      "geometry": {
        "type": "LineString",
        "coordinates": [
          [
            23.072558,
            52.659804
          ],
          [
            23.072142,
            52.656344
          ],
          [
            23.072058,
            52.655869
          ],
          [
            23.071355,
            52.65317
          ],
          [
            23.071008,
            52.652115
          ],
          [
            23.069792,
            52.649271
          ],
          [
            23.069046,
            52.647813
          ],
          [
            23.067342,
            52.645091
          ],
          [
            23.065156,
            52.642237
          ],
          [
            23.063899,
            52.640812
          ],
          [
            23.060078,
            52.636927
          ],
          [
            23.057522,
            52.63428
          ],
          [
            23.054213,
            52.630104
          ],
          [
            23.052493,
            52.62737
          ],
          [
            23.050748,
            52.624452
          ],
          [
            23.047546,
            52.619078
          ],
          [
            23.045308,
            52.615338
          ],
          [
            23.043589,
            52.612419
          ],
          [
            23.0408,
            52.608165
          ],
          [
            23.037502,
            52.603133
          ],
          [
            23.034614,
            52.598777
          ],
          [
            23.033148,
            52.596522
          ],
          [
            23.030887,
            52.593595
          ],
          [
            23.030122,
            52.592703
          ],
          [
            23.026522,
            52.58906
          ],
          [
            23.023557,
            52.586591
          ],
          [
            23.020698,
            52.584516
          ],
          [
            23.019114,
            52.583443
          ],
          [
            23.014699,
            52.580839
          ],
          [
            23.009917,
            52.578488
          ],
          [
            23.005997,
            52.576834
          ],
          [
            23.00464,
            52.576318
          ],
          [
            22.999271,
            52.574457
          ],
          [
            22.995355,
            52.573106
          ],
          [
            22.97437,
            52.565914
          ],
          [
            22.970535,
            52.56456
          ],
          [
            22.966762,
            52.563067
          ],
          [
            22.964577,
            52.56214
          ],
          [
            22.961002,
            52.56039
          ],
          [
            22.957499,
            52.55845
          ],
          [
            22.953675,
            52.556028
          ],
          [
            22.950444,
            52.553889
          ],
          [
            22.94557,
            52.550687
          ],
          [
            22.941855,
            52.548246
          ],
          [
            22.938508,
            52.546025
          ],
          [
            22.933755,
            52.542891
          ],
          [
            22.931755,
            52.541572
          ],
          [
            22.928699,
            52.539482
          ],
          [
            22.925986,
            52.537368
          ],
          [
            22.922939,
            52.534647
          ],
          [
            22.92184,
            52.533545
          ],
          [
            22.918973,
            52.530122
          ],
          [
            22.917107,
            52.527355
          ],
          [
            22.916631,
            52.526599
          ],
          [
            22.91492,
            52.523339
          ],
          [
            22.914289,
            52.522212
          ],
          [
            22.912988,
            52.520162
          ],
          [
            22.907278,
            52.512151
          ],
          [
            22.905506,
            52.509661
          ],
          [
            22.902806,
            52.505893
          ],
          [
            22.900461,
            52.502543
          ],
          [
            22.899501,
            52.501046
          ],
          [
            22.898131,
            52.498467
          ],
          [
            22.897382,
            52.496826
          ],
          [
            22.896193,
            52.493135
          ],
          [
            22.895668,
            52.490432
          ],
          [
            22.89537,
            52.487157
          ],
          [
            22.895072,
            52.484774
          ],
          [
            22.894373,
            52.481872
          ],
          [
            22.893842,
            52.480334
          ],
          [
            22.892617,
            52.477557
          ],
          [
            22.89139,
            52.475279
          ],
          [
            22.889723,
            52.472775
          ],
          [
            22.887773,
            52.470327
          ],
          [
            22.885078,
            52.467506
          ],
          [
            22.882513,
            52.465259
          ],
          [
            22.881586,
            52.464469
          ],
          [
            22.879253,
            52.462717
          ],
          [
            22.875773,
            52.460484
          ],
          [
            22.872409,
            52.458602
          ],
          [
            22.869221,
            52.457006
          ],
          [
            22.864069,
            52.454833
          ],
          [
            22.861721,
            52.453824
          ],
          [
            22.857627,
            52.451819
          ],
          [
            22.854122,
            52.449884
          ],
          [
            22.850603,
            52.447518
          ],
          [
            22.848201,
            52.445741
          ],
          [
            22.845076,
            52.443075
          ],
          [
            22.844041,
            52.44208
          ],
          [
            22.842569,
            52.440589
          ],
          [
            22.839862,
            52.437363
          ],
          [
            22.839341,
            52.436677
          ],
          [
            22.837493,
            52.433664
          ],
          [
            22.835884,
            52.43051
          ],
          [
            22.834712,
            52.427091
          ],
          [
            22.833945,
            52.42358
          ],
          [
            22.833836,
            52.422778
          ],
          [
            22.83367,
            52.419591
          ],
          [
            22.834021,
            52.415925
          ],
          [
            22.834126,
            52.415186
          ],
          [
            22.834783,
            52.412458
          ],
          [
            22.835193,
            52.411166
          ],
          [
            22.836312,
            52.408365
          ],
          [
            22.837794,
            52.405634
          ],
          [
            22.840102,
            52.402159
          ],
          [
            22.841889,
            52.399982
          ],
          [
            22.844393,
            52.397309
          ],
          [
            22.8471,
            52.394921
          ],
          [
            22.847947,
            52.394217
          ],
          [
            22.850367,
            52.392436
          ],
          [
            22.852197,
            52.391183
          ],
          [
            22.858012,
            52.387687
          ],
          [
            22.86278,
            52.384691
          ],
          [
            22.864372,
            52.383625
          ],
          [
            22.868148,
            52.380708
          ],
          [
            22.871177,
            52.377822
          ],
          [
            22.873763,
            52.374952
          ],
          [
            22.874659,
            52.37389
          ],
          [
            22.875915,
            52.372158
          ],
          [
            22.877317,
            52.369491
          ],
          [
            22.878571,
            52.366804
          ],
          [
            22.8796,
            52.363673
          ],
          [
            22.88006,
            52.361749
          ],
          [
            22.880444,
            52.35806
          ],
          [
            22.880521,
            52.356358
          ],
          [
            22.879965,
            52.352002
          ],
          [
            22.879829,
            52.351333
          ]
        ]
      }
    },
    {
      "type": "Feature",
      "properties": {
        "geometryRef": "chlebczyn-lubelskie-border",
        "_source": "OSM"
      },
      "geometry": {
        "type": "LineString",
        "coordinates": [
          [
            22.879829,
            52.351333
          ],
          [
            22.879261,
            52.349436
          ],
          [
            22.877754,
            52.345686
          ],
          [
            22.876292,
            52.342716
          ],
          [
            22.87529,
            52.340943
          ],
          [
            22.872871,
            52.337688
          ],
          [
            22.871747,
            52.336423
          ],
          [
            22.868255,
            52.333201
          ],
          [
            22.866229,
            52.331412
          ],
          [
            22.864709,
            52.329613
          ],
          [
            22.862162,
            52.325629
          ],
          [
            22.861595,
            52.324336
          ],
          [
            22.860734,
            52.320989
          ],
          [
            22.860495,
            52.318628
          ],
          [
            22.86075,
            52.315821
          ],
          [
            22.860849,
            52.312469
          ],
          [
            22.860402,
            52.309669
          ],
          [
            22.860219,
            52.308731
          ],
          [
            22.859184,
            52.305823
          ],
          [
            22.858207,
            52.303134
          ],
          [
            22.856526,
            52.299291
          ],
          [
            22.853902,
            52.292732
          ],
          [
            22.85227,
            52.289671
          ],
          [
            22.850878,
            52.28753
          ],
          [
            22.847775,
            52.284252
          ],
          [
            22.845699,
            52.282608
          ],
          [
            22.84179,
            52.279983
          ],
          [
            22.836069,
            52.277186
          ],
          [
            22.829509,
            52.274916
          ],
          [
            22.827743,
            52.274284
          ],
          [
            22.825637,
            52.273326
          ],
          [
            22.82126,
            52.270916
          ],
          [
            22.816497,
            52.267226
          ],
          [
            22.81397,
            52.264545
          ],
          [
            22.812416,
            52.262302
          ],
          [
            22.809803,
            52.257693
          ],
          [
            22.806166,
            52.250794
          ],
          [
            22.804717,
            52.247953
          ],
          [
            22.803067,
            52.24438
          ],
          [
            22.800829,
            52.239294
          ],
          [
            22.800125,
            52.237959
          ],
          [
            22.798014,
            52.23449
          ],
          [
            22.795576,
            52.231641
          ],
          [
            22.793585,
            52.229896
          ],
          [
            22.790646,
            52.22763
          ],
          [
            22.788444,
            52.226266
          ],
          [
            22.780273,
            52.221691
          ],
          [
            22.774305,
            52.218307
          ],
          [
            22.770283,
            52.216023
          ],
          [
            22.766729,
            52.213698
          ],
          [
            22.763862,
            52.211248
          ],
          [
            22.762455,
            52.209754
          ],
          [
            22.76,
            52.20664
          ],
          [
            22.758507,
            52.203884
          ],
          [
            22.757254,
            52.200423
          ],
          [
            22.756121,
            52.196014
          ],
          [
            22.755176,
            52.192836
          ],
          [
            22.754318,
            52.189122
          ],
          [
            22.753717,
            52.186533
          ],
          [
            22.751675,
            52.179681
          ],
          [
            22.75111,
            52.178221
          ],
          [
            22.749529,
            52.175228
          ],
          [
            22.742645,
            52.165732
          ],
          [
            22.738063,
            52.159284
          ],
          [
            22.736788,
            52.157536
          ],
          [
            22.735637,
            52.155506
          ],
          [
            22.734863,
            52.153543
          ],
          [
            22.734503,
            52.150952
          ],
          [
            22.734926,
            52.148482
          ],
          [
            22.735602,
            52.146703
          ],
          [
            22.736432,
            52.145149
          ],
          [
            22.737051,
            52.144205
          ],
          [
            22.73963,
            52.141772
          ],
          [
            22.741571,
            52.140309
          ],
          [
            22.743586,
            52.139127
          ],
          [
            22.752207,
            52.134928
          ],
          [
            22.757679,
            52.132315
          ],
          [
            22.760971,
            52.130529
          ],
          [
            22.76474,
            52.128066
          ],
          [
            22.767405,
            52.125584
          ],
          [
            22.768806,
            52.123572
          ],
          [
            22.769709,
            52.121196
          ],
          [
            22.769936,
            52.119233
          ]
        ]
      }
    },
    {
      "type": "Feature",
      "properties": {
        "geometryRef": "lubelskie-border-miedzyrzec",
        "_source": "OSM"
      },
      "geometry": {
        "type": "LineString",
        "coordinates": [
          [
            22.769936,
            52.119233
          ],
          [
            22.769974,
            52.117498
          ],
          [
            22.769775,
            52.115982
          ],
          [
            22.769199,
            52.114201
          ],
          [
            22.767223,
            52.11093
          ],
          [
            22.764754,
            52.107206
          ],
          [
            22.761617,
            52.102172
          ],
          [
            22.759139,
            52.098343
          ],
          [
            22.757559,
            52.096457
          ],
          [
            22.754614,
            52.093936
          ],
          [
            22.751555,
            52.092139
          ],
          [
            22.744642,
            52.088777
          ],
          [
            22.742178,
            52.087592
          ],
          [
            22.739449,
            52.085915
          ],
          [
            22.738176,
            52.084882
          ],
          [
            22.735628,
            52.082247
          ],
          [
            22.734425,
            52.080492
          ],
          [
            22.733981,
            52.079513
          ],
          [
            22.733084,
            52.076146
          ],
          [
            22.732991,
            52.07336
          ],
          [
            22.733008,
            52.073032
          ],
          [
            22.73365,
            52.070482
          ],
          [
            22.738331,
            52.060414
          ],
          [
            22.740099,
            52.056979
          ],
          [
            22.741473,
            52.054003
          ],
          [
            22.742949,
            52.051098
          ],
          [
            22.743817,
            52.04859
          ],
          [
            22.744452,
            52.044979
          ],
          [
            22.74423,
            52.042055
          ],
          [
            22.744032,
            52.039758
          ],
          [
            22.744171,
            52.038612
          ],
          [
            22.745054,
            52.036042
          ],
          [
            22.74808,
            52.02943
          ],
          [
            22.750976,
            52.02371
          ],
          [
            22.752374,
            52.02081
          ],
          [
            22.752934,
            52.019738
          ],
          [
            22.754784,
            52.015806
          ],
          [
            22.75553,
            52.014058
          ],
          [
            22.756129,
            52.010642
          ],
          [
            22.755528,
            52.007527
          ],
          [
            22.754228,
            52.005403
          ]
        ]
      }
    },
    {
      "type": "Feature",
      "properties": {
        "geometryRef": "miedzyrzec-bypass",
        "_source": "OSM"
      },
      "geometry": {
        "type": "LineString",
        "coordinates": [
          [
            22.754228,
            52.005403
          ],
          [
            22.752334,
            52.002902
          ],
          [
            22.751911,
            52.002352
          ],
          [
            22.751036,
            52.000395
          ],
          [
            22.75102,
            51.998563
          ],
          [
            22.751854,
            51.994802
          ],
          [
            22.75213,
            51.993472
          ],
          [
            22.751801,
            51.991783
          ],
          [
            22.751182,
            51.990647
          ],
          [
            22.749272,
            51.988194
          ],
          [
            22.746864,
            51.985207
          ],
          [
            22.745395,
            51.983325
          ],
          [
            22.744644,
            51.98187
          ],
          [
            22.744153,
            51.979465
          ],
          [
            22.743925,
            51.976729
          ],
          [
            22.743468,
            51.971934
          ],
          [
            22.743232,
            51.96994
          ],
          [
            22.742717,
            51.967491
          ],
          [
            22.741868,
            51.964967
          ],
          [
            22.740854,
            51.962887
          ],
          [
            22.739494,
            51.960832
          ],
          [
            22.732564,
            51.951683
          ],
          [
            22.730484,
            51.949086
          ]
        ]
      }
    },
    {
      "type": "Feature",
      "properties": {
        "geometryRef": "miedzyrzec-kock",
        "_source": "OSM"
      },
      "geometry": {
        "type": "LineString",
        "coordinates": [
          [
            22.730484,
            51.949086
          ],
          [
            22.728251,
            51.945871
          ],
          [
            22.724732,
            51.941493
          ],
          [
            22.721874,
            51.938644
          ],
          [
            22.719253,
            51.936786
          ],
          [
            22.716653,
            51.935528
          ],
          [
            22.714174,
            51.934582
          ],
          [
            22.708604,
            51.932888
          ],
          [
            22.70321,
            51.931269
          ],
          [
            22.699904,
            51.930134
          ],
          [
            22.697491,
            51.929035
          ],
          [
            22.694689,
            51.927178
          ],
          [
            22.69231,
            51.92486
          ],
          [
            22.690123,
            51.921656
          ],
          [
            22.68758,
            51.918012
          ],
          [
            22.685393,
            51.915599
          ],
          [
            22.684237,
            51.914492
          ],
          [
            22.68134,
            51.912152
          ],
          [
            22.677937,
            51.909673
          ],
          [
            22.674568,
            51.907069
          ],
          [
            22.672803,
            51.905691
          ],
          [
            22.668013,
            51.902395
          ],
          [
            22.663973,
            51.899537
          ],
          [
            22.65911,
            51.896028
          ],
          [
            22.656724,
            51.893907
          ],
          [
            22.654392,
            51.891483
          ],
          [
            22.651978,
            51.888277
          ],
          [
            22.650519,
            51.885703
          ],
          [
            22.648658,
            51.88226
          ],
          [
            22.64718,
            51.879386
          ],
          [
            22.64697,
            51.877088
          ],
          [
            22.647704,
            51.874616
          ],
          [
            22.648827,
            51.87313
          ],
          [
            22.650783,
            51.871393
          ],
          [
            22.652651,
            51.870358
          ],
          [
            22.659465,
            51.867362
          ],
          [
            22.66142,
            51.866249
          ],
          [
            22.663869,
            51.86448
          ],
          [
            22.666145,
            51.862088
          ],
          [
            22.666687,
            51.861283
          ],
          [
            22.667681,
            51.858988
          ],
          [
            22.668024,
            51.857108
          ],
          [
            22.668317,
            51.846819
          ],
          [
            22.66722,
            51.843629
          ],
          [
            22.666801,
            51.842211
          ],
          [
            22.665932,
            51.840577
          ],
          [
            22.663728,
            51.837505
          ],
          [
            22.661206,
            51.834196
          ],
          [
            22.659151,
            51.831233
          ],
          [
            22.656335,
            51.827453
          ],
          [
            22.653814,
            51.823839
          ],
          [
            22.652215,
            51.821744
          ],
          [
            22.648034,
            51.817852
          ],
          [
            22.645124,
            51.814865
          ],
          [
            22.642663,
            51.812503
          ],
          [
            22.637642,
            51.807546
          ],
          [
            22.63398,
            51.803914
          ],
          [
            22.631151,
            51.801231
          ],
          [
            22.6291,
            51.799257
          ],
          [
            22.626596,
            51.797262
          ],
          [
            22.623849,
            51.79575
          ],
          [
            22.620969,
            51.794635
          ],
          [
            22.619346,
            51.794196
          ],
          [
            22.61482,
            51.793351
          ],
          [
            22.611358,
            51.792708
          ],
          [
            22.607438,
            51.791475
          ],
          [
            22.604843,
            51.790274
          ],
          [
            22.603534,
            51.789519
          ],
          [
            22.600955,
            51.787561
          ],
          [
            22.598493,
            51.785262
          ],
          [
            22.595312,
            51.782234
          ],
          [
            22.592129,
            51.779226
          ],
          [
            22.587919,
            51.775274
          ],
          [
            22.585353,
            51.772918
          ],
          [
            22.58016,
            51.768033
          ],
          [
            22.576837,
            51.764937
          ],
          [
            22.573994,
            51.762235
          ],
          [
            22.571262,
            51.759659
          ],
          [
            22.566579,
            51.755199
          ],
          [
            22.560603,
            51.749577
          ],
          [
            22.553238,
            51.742544
          ],
          [
            22.548504,
            51.738011
          ],
          [
            22.546213,
            51.735857
          ],
          [
            22.542465,
            51.732204
          ],
          [
            22.539616,
            51.729361
          ],
          [
            22.536866,
            51.726623
          ],
          [
            22.533023,
            51.722924
          ],
          [
            22.529114,
            51.719263
          ],
          [
            22.526578,
            51.71691
          ],
          [
            22.525845,
            51.716234
          ],
          [
            22.522281,
            51.712733
          ],
          [
            22.515561,
            51.706165
          ],
          [
            22.506212,
            51.697095
          ],
          [
            22.503236,
            51.694226
          ],
          [
            22.499962,
            51.691165
          ],
          [
            22.495487,
            51.686789
          ],
          [
            22.491301,
            51.6828
          ],
          [
            22.488678,
            51.680239
          ],
          [
            22.485582,
            51.67729
          ],
          [
            22.48293,
            51.675012
          ],
          [
            22.478075,
            51.671396
          ]
        ]
      }
    },
    {
      "type": "Feature",
      "properties": {
        "geometryRef": "kock-bypass",
        "_source": "OSM"
      },
      "geometry": {
        "type": "LineString",
        "coordinates": [
          [
            22.478075,
            51.671396
          ],
          [
            22.473248,
            51.667772
          ],
          [
            22.470187,
            51.665493
          ],
          [
            22.465933,
            51.661867
          ],
          [
            22.464634,
            51.660053
          ],
          [
            22.464214,
            51.659002
          ],
          [
            22.463862,
            51.657241
          ],
          [
            22.463907,
            51.654286
          ],
          [
            22.463966,
            51.651416
          ],
          [
            22.463981,
            51.649535
          ],
          [
            22.463647,
            51.646813
          ],
          [
            22.463436,
            51.645933
          ],
          [
            22.462399,
            51.643091
          ],
          [
            22.462212,
            51.6427
          ],
          [
            22.460777,
            51.640112
          ],
          [
            22.458833,
            51.636688
          ],
          [
            22.457982,
            51.63502
          ],
          [
            22.457288,
            51.633115
          ],
          [
            22.456902,
            51.631294
          ],
          [
            22.456777,
            51.629446
          ],
          [
            22.456958,
            51.627364
          ],
          [
            22.457405,
            51.625523
          ],
          [
            22.458117,
            51.623713
          ],
          [
            22.459705,
            51.620899
          ],
          [
            22.461259,
            51.618346
          ],
          [
            22.463051,
            51.615388
          ],
          [
            22.464896,
            51.61235
          ],
          [
            22.466431,
            51.609817
          ],
          [
            22.468155,
            51.606975
          ],
          [
            22.469282,
            51.60514
          ]
        ]
      }
    },
    {
      "type": "Feature",
      "properties": {
        "geometryRef": "kock-lubartow-polnoc",
        "_source": "OSM"
      },
      "geometry": {
        "type": "LineString",
        "coordinates": [
          [
            22.469282,
            51.60514
          ],
          [
            22.470884,
            51.602485
          ],
          [
            22.471626,
            51.60138
          ],
          [
            22.473701,
            51.598837
          ],
          [
            22.47387,
            51.598651
          ],
          [
            22.473581,
            51.598728
          ],
          [
            22.477241,
            51.594652
          ],
          [
            22.48069,
            51.590786
          ],
          [
            22.483555,
            51.587612
          ],
          [
            22.487606,
            51.58307
          ],
          [
            22.491747,
            51.578455
          ],
          [
            22.494743,
            51.575122
          ],
          [
            22.496767,
            51.573088
          ],
          [
            22.498422,
            51.571784
          ],
          [
            22.501969,
            51.569788
          ],
          [
            22.504011,
            51.568945
          ],
          [
            22.50614,
            51.568266
          ],
          [
            22.508451,
            51.567691
          ],
          [
            22.514187,
            51.566647
          ],
          [
            22.519446,
            51.565709
          ],
          [
            22.520955,
            51.565381
          ],
          [
            22.522633,
            51.564953
          ],
          [
            22.526009,
            51.563835
          ],
          [
            22.528546,
            51.562681
          ],
          [
            22.532109,
            51.5606
          ],
          [
            22.533689,
            51.559412
          ],
          [
            22.535513,
            51.557728
          ],
          [
            22.538398,
            51.554601
          ],
          [
            22.541108,
            51.551619
          ],
          [
            22.541677,
            51.550984
          ],
          [
            22.542847,
            51.549518
          ],
          [
            22.544076,
            51.547155
          ],
          [
            22.544671,
            51.544747
          ],
          [
            22.544659,
            51.543046
          ],
          [
            22.544122,
            51.540639
          ],
          [
            22.542949,
            51.538331
          ],
          [
            22.541078,
            51.535417
          ],
          [
            22.54039,
            51.53423
          ],
          [
            22.539393,
            51.53193
          ],
          [
            22.539016,
            51.529384
          ],
          [
            22.539234,
            51.526983
          ],
          [
            22.540505,
            51.524313
          ],
          [
            22.541718,
            51.522782
          ],
          [
            22.543476,
            51.521081
          ],
          [
            22.547762,
            51.517405
          ],
          [
            22.563378,
            51.504002
          ],
          [
            22.567269,
            51.500795
          ],
          [
            22.570044,
            51.498558
          ],
          [
            22.573644,
            51.495489
          ],
          [
            22.584266,
            51.486356
          ],
          [
            22.585691,
            51.485052
          ]
        ]
      }
    },
    {
      "type": "Feature",
      "properties": {
        "geometryRef": "lubartow-polnoc-lublin-rudnik",
        "_source": "OSM"
      },
      "geometry": {
        "type": "LineString",
        "coordinates": [
          [
            22.585691,
            51.485052
          ],
          [
            22.587524,
            51.483057
          ],
          [
            22.588481,
            51.481329
          ],
          [
            22.58869,
            51.480379
          ],
          [
            22.588495,
            51.477852
          ],
          [
            22.587824,
            51.476317
          ],
          [
            22.586846,
            51.475007
          ],
          [
            22.584605,
            51.472441
          ],
          [
            22.581104,
            51.468538
          ],
          [
            22.578314,
            51.465458
          ],
          [
            22.577405,
            51.464274
          ],
          [
            22.57665,
            51.462908
          ],
          [
            22.575998,
            51.461276
          ],
          [
            22.575647,
            51.45842
          ],
          [
            22.576104,
            51.455989
          ],
          [
            22.577018,
            51.453977
          ],
          [
            22.578047,
            51.452514
          ],
          [
            22.579724,
            51.450645
          ],
          [
            22.582005,
            51.448329
          ],
          [
            22.586362,
            51.443769
          ],
          [
            22.589017,
            51.441012
          ],
          [
            22.591654,
            51.43826
          ],
          [
            22.593736,
            51.435978
          ],
          [
            22.595228,
            51.434032
          ],
          [
            22.597056,
            51.431271
          ],
          [
            22.59989,
            51.42702
          ],
          [
            22.602959,
            51.422363
          ],
          [
            22.604783,
            51.419587
          ],
          [
            22.607122,
            51.41675
          ],
          [
            22.609422,
            51.414839
          ],
          [
            22.613967,
            51.411742
          ],
          [
            22.617408,
            51.409409
          ],
          [
            22.617822,
            51.409129
          ],
          [
            22.620818,
            51.407304
          ],
          [
            22.624741,
            51.405262
          ],
          [
            22.628023,
            51.403481
          ],
          [
            22.62971,
            51.402268
          ],
          [
            22.630938,
            51.401076
          ],
          [
            22.631846,
            51.399785
          ],
          [
            22.632539,
            51.398257
          ],
          [
            22.633727,
            51.39362
          ],
          [
            22.634493,
            51.390681
          ],
          [
            22.634687,
            51.390095
          ],
          [
            22.636154,
            51.386756
          ],
          [
            22.637659,
            51.383484
          ],
          [
            22.63907,
            51.380462
          ],
          [
            22.640947,
            51.376444
          ],
          [
            22.641361,
            51.375622
          ],
          [
            22.64324,
            51.373003
          ],
          [
            22.646357,
            51.369985
          ],
          [
            22.648557,
            51.36801
          ],
          [
            22.650415,
            51.365983
          ],
          [
            22.651283,
            51.364606
          ],
          [
            22.651643,
            51.363534
          ],
          [
            22.651858,
            51.361897
          ],
          [
            22.651763,
            51.361053
          ],
          [
            22.65127,
            51.359593
          ],
          [
            22.650426,
            51.358229
          ],
          [
            22.649475,
            51.357137
          ],
          [
            22.647666,
            51.3555
          ],
          [
            22.644288,
            51.352753
          ],
          [
            22.641832,
            51.350757
          ],
          [
            22.639048,
            51.348764
          ],
          [
            22.636977,
            51.347788
          ],
          [
            22.634776,
            51.347117
          ],
          [
            22.629766,
            51.346394
          ],
          [
            22.628171,
            51.346165
          ],
          [
            22.625158,
            51.345446
          ],
          [
            22.622636,
            51.344369
          ],
          [
            22.621165,
            51.343417
          ],
          [
            22.620114,
            51.342499
          ],
          [
            22.618631,
            51.340402
          ],
          [
            22.618097,
            51.338859
          ],
          [
            22.617425,
            51.335918
          ],
          [
            22.615718,
            51.332756
          ],
          [
            22.612466,
            51.327588
          ],
          [
            22.610337,
            51.324166
          ],
          [
            22.607821,
            51.320175
          ],
          [
            22.606186,
            51.317612
          ],
          [
            22.604972,
            51.316224
          ],
          [
            22.603049,
            51.3146
          ],
          [
            22.600315,
            51.312494
          ],
          [
            22.597239,
            51.310105
          ],
          [
            22.596195,
            51.309294
          ],
          [
            22.581532,
            51.302995
          ],
          [
            22.578541,
            51.303123
          ]
        ]
      }
    },
    {
      "type": "Feature",
      "properties": {
        "geometryRef": "lublin-slawinek-weglin",
        "_source": "OSM"
      },
      "geometry": {
        "type": "LineString",
        "coordinates": [
          [
            22.461192,
            51.288932
          ],
          [
            22.456872,
            51.286749
          ],
          [
            22.452625,
            51.284604
          ],
          [
            22.448684,
            51.282609
          ],
          [
            22.444948,
            51.28072
          ],
          [
            22.440046,
            51.278238
          ],
          [
            22.436689,
            51.276534
          ],
          [
            22.433996,
            51.275035
          ],
          [
            22.431949,
            51.273677
          ],
          [
            22.429268,
            51.271486
          ],
          [
            22.428883,
            51.27112
          ],
          [
            22.426742,
            51.268769
          ],
          [
            22.426081,
            51.267968
          ],
          [
            22.423633,
            51.264984
          ],
          [
            22.421598,
            51.262494
          ],
          [
            22.420944,
            51.261614
          ],
          [
            22.42014,
            51.260238
          ],
          [
            22.419497,
            51.258529
          ],
          [
            22.4192,
            51.256557
          ],
          [
            22.419364,
            51.254587
          ],
          [
            22.419999,
            51.252613
          ],
          [
            22.421067,
            51.25076
          ],
          [
            22.423146,
            51.248441
          ],
          [
            22.425792,
            51.245964
          ],
          [
            22.428276,
            51.24364
          ],
          [
            22.430752,
            51.241324
          ],
          [
            22.433591,
            51.238652
          ],
          [
            22.434334,
            51.237905
          ],
          [
            22.435862,
            51.236052
          ],
          [
            22.437076,
            51.234024
          ],
          [
            22.438041,
            51.231356
          ],
          [
            22.438135,
            51.230935
          ],
          [
            22.438682,
            51.228045
          ],
          [
            22.439237,
            51.225047
          ],
          [
            22.439819,
            51.221902
          ],
          [
            22.440409,
            51.218717
          ],
          [
            22.44097,
            51.215697
          ],
          [
            22.440979,
            51.215647
          ]
        ]
      }
    },
    {
      "type": "Feature",
      "properties": {
        "geometryRef": "weglin-niedrzwica",
        "_source": "OSM"
      },
      "geometry": {
        "type": "LineString",
        "coordinates": [
          [
            22.440979,
            51.215647
          ],
          [
            22.441473,
            51.213559
          ],
          [
            22.442483,
            51.210619
          ],
          [
            22.443393,
            51.207966
          ],
          [
            22.443437,
            51.207827
          ],
          [
            22.443827,
            51.206083
          ],
          [
            22.443778,
            51.203502
          ],
          [
            22.442871,
            51.200827
          ],
          [
            22.441319,
            51.198447
          ],
          [
            22.438892,
            51.195191
          ],
          [
            22.437068,
            51.192741
          ],
          [
            22.434441,
            51.189196
          ],
          [
            22.433683,
            51.188268
          ],
          [
            22.43053,
            51.184763
          ],
          [
            22.428399,
            51.182417
          ],
          [
            22.42556,
            51.179291
          ],
          [
            22.422735,
            51.17618
          ],
          [
            22.420602,
            51.173828
          ],
          [
            22.417766,
            51.170703
          ],
          [
            22.416783,
            51.169516
          ],
          [
            22.415173,
            51.167011
          ],
          [
            22.413426,
            51.164083
          ],
          [
            22.41191,
            51.161547
          ],
          [
            22.410373,
            51.158956
          ],
          [
            22.40943,
            51.157395
          ],
          [
            22.407961,
            51.154341
          ],
          [
            22.407803,
            51.153906
          ],
          [
            22.407101,
            51.151208
          ],
          [
            22.407031,
            51.150806
          ],
          [
            22.406825,
            51.147617
          ],
          [
            22.407119,
            51.144919
          ],
          [
            22.407981,
            51.141835
          ],
          [
            22.408882,
            51.139834
          ],
          [
            22.409955,
            51.137982
          ],
          [
            22.411693,
            51.135507
          ],
          [
            22.413462,
            51.133044
          ],
          [
            22.41523,
            51.130582
          ],
          [
            22.417176,
            51.127746
          ],
          [
            22.417442,
            51.127278
          ],
          [
            22.418295,
            51.12507
          ],
          [
            22.418536,
            51.122643
          ],
          [
            22.418072,
            51.120205
          ],
          [
            22.417044,
            51.118069
          ],
          [
            22.415051,
            51.115181
          ],
          [
            22.409808,
            51.107806
          ],
          [
            22.40805,
            51.105338
          ],
          [
            22.405723,
            51.102062
          ]
        ]
      }
    },
    {
      "type": "Feature",
      "properties": {
        "geometryRef": "niedrzwica-krasnik-polnoc",
        "_source": "OSM"
      },
      "geometry": {
        "type": "LineString",
        "coordinates": [
          [
            22.405723,
            51.102062
          ],
          [
            22.404014,
            51.099589
          ],
          [
            22.403233,
            51.098109
          ],
          [
            22.402632,
            51.096098
          ],
          [
            22.402503,
            51.094289
          ],
          [
            22.402978,
            51.091608
          ],
          [
            22.40441,
            51.086762
          ],
          [
            22.405335,
            51.08368
          ],
          [
            22.406136,
            51.081003
          ],
          [
            22.407197,
            51.077469
          ],
          [
            22.407717,
            51.075486
          ],
          [
            22.407881,
            51.073918
          ],
          [
            22.407786,
            51.072482
          ],
          [
            22.40737,
            51.070843
          ],
          [
            22.406789,
            51.069501
          ],
          [
            22.405872,
            51.068035
          ],
          [
            22.404757,
            51.066647
          ],
          [
            22.402292,
            51.063928
          ],
          [
            22.39519,
            51.056136
          ],
          [
            22.392336,
            51.053024
          ],
          [
            22.389488,
            51.049912
          ],
          [
            22.387109,
            51.047333
          ],
          [
            22.385538,
            51.045639
          ],
          [
            22.381993,
            51.042338
          ],
          [
            22.37925,
            51.039836
          ],
          [
            22.372216,
            51.033407
          ],
          [
            22.369165,
            51.03061
          ],
          [
            22.368634,
            51.030116
          ],
          [
            22.3662,
            51.027662
          ],
          [
            22.364806,
            51.026075
          ],
          [
            22.362741,
            51.02339
          ],
          [
            22.360952,
            51.020604
          ],
          [
            22.359489,
            51.017901
          ],
          [
            22.355935,
            51.01107
          ],
          [
            22.353955,
            51.007249
          ],
          [
            22.352666,
            51.004797
          ],
          [
            22.35105,
            51.002434
          ],
          [
            22.349592,
            51.000954
          ],
          [
            22.348443,
            51.000024
          ],
          [
            22.346781,
            50.998947
          ],
          [
            22.344995,
            50.997999
          ],
          [
            22.336877,
            50.994633
          ],
          [
            22.329893,
            50.991799
          ],
          [
            22.324878,
            50.989764
          ],
          [
            22.323559,
            50.989211
          ],
          [
            22.319927,
            50.987508
          ],
          [
            22.316691,
            50.985729
          ],
          [
            22.313634,
            50.983774
          ],
          [
            22.312418,
            50.982902
          ],
          [
            22.309088,
            50.980449
          ],
          [
            22.305773,
            50.977989
          ],
          [
            22.301146,
            50.974568
          ],
          [
            22.29651,
            50.971153
          ],
          [
            22.293361,
            50.96883
          ],
          [
            22.287859,
            50.964801
          ],
          [
            22.285056,
            50.962581
          ],
          [
            22.282599,
            50.960357
          ],
          [
            22.28051,
            50.958198
          ],
          [
            22.278524,
            50.955801
          ],
          [
            22.278303,
            50.955516
          ],
          [
            22.276761,
            50.953317
          ],
          [
            22.275269,
            50.950776
          ],
          [
            22.275113,
            50.950487
          ],
          [
            22.273807,
            50.947622
          ],
          [
            22.27369,
            50.94733
          ],
          [
            22.272831,
            50.94476
          ]
        ]
      }
    },
    {
      "type": "Feature",
      "properties": {
        "geometryRef": "krasnik-obwodnica",
        "_source": "OSM"
      },
      "geometry": {
        "type": "LineString",
        "coordinates": [
          [
            22.272831,
            50.94476
          ],
          [
            22.270809,
            50.93553
          ],
          [
            22.270222,
            50.932781
          ],
          [
            22.269815,
            50.931314
          ],
          [
            22.267837,
            50.926416
          ],
          [
            22.267184,
            50.92486
          ],
          [
            22.2659,
            50.922399
          ],
          [
            22.263723,
            50.919428
          ],
          [
            22.260934,
            50.916649
          ],
          [
            22.258886,
            50.915022
          ],
          [
            22.255881,
            50.912918
          ],
          [
            22.252176,
            50.910344
          ],
          [
            22.250306,
            50.909003
          ],
          [
            22.248119,
            50.907046
          ],
          [
            22.24685,
            50.905426
          ]
        ]
      }
    },
    {
      "type": "Feature",
      "properties": {
        "geometryRef": "krasnik-poludnie-janow-poludnie",
        "_source": "OSM"
      },
      "geometry": {
        "type": "LineString",
        "coordinates": [
          [
            22.24685,
            50.905426
          ],
          [
            22.245932,
            50.903718
          ],
          [
            22.245385,
            50.901946
          ],
          [
            22.245215,
            50.900144
          ],
          [
            22.245437,
            50.898293
          ],
          [
            22.245885,
            50.896869
          ],
          [
            22.246777,
            50.895151
          ],
          [
            22.247788,
            50.893802
          ],
          [
            22.24901,
            50.892516
          ],
          [
            22.252321,
            50.889477
          ],
          [
            22.259264,
            50.883131
          ],
          [
            22.260893,
            50.881636
          ],
          [
            22.262531,
            50.879981
          ],
          [
            22.267337,
            50.874344
          ],
          [
            22.2693,
            50.871921
          ],
          [
            22.270899,
            50.869935
          ],
          [
            22.274971,
            50.865402
          ],
          [
            22.277192,
            50.862931
          ],
          [
            22.279239,
            50.860562
          ],
          [
            22.281387,
            50.858009
          ],
          [
            22.283928,
            50.855013
          ],
          [
            22.284364,
            50.854513
          ],
          [
            22.287797,
            50.850706
          ],
          [
            22.290291,
            50.847975
          ],
          [
            22.291365,
            50.846791
          ],
          [
            22.292651,
            50.845169
          ],
          [
            22.294115,
            50.842859
          ],
          [
            22.295217,
            50.840433
          ],
          [
            22.2958,
            50.838564
          ],
          [
            22.297112,
            50.831929
          ],
          [
            22.298022,
            50.827221
          ],
          [
            22.298715,
            50.82365
          ],
          [
            22.299235,
            50.82096
          ],
          [
            22.299583,
            50.818956
          ],
          [
            22.299881,
            50.816087
          ],
          [
            22.299898,
            50.813359
          ],
          [
            22.299577,
            50.810218
          ],
          [
            22.299029,
            50.807547
          ],
          [
            22.29822,
            50.804896
          ],
          [
            22.297354,
            50.802693
          ],
          [
            22.295881,
            50.799719
          ],
          [
            22.294307,
            50.796752
          ],
          [
            22.29336,
            50.794617
          ],
          [
            22.292394,
            50.791495
          ],
          [
            22.291905,
            50.788805
          ],
          [
            22.291708,
            50.785662
          ],
          [
            22.291668,
            50.783867
          ],
          [
            22.291619,
            50.780265
          ],
          [
            22.291563,
            50.776557
          ],
          [
            22.291506,
            50.773073
          ],
          [
            22.29129,
            50.75939
          ],
          [
            22.291271,
            50.756176
          ],
          [
            22.29163,
            50.753679
          ],
          [
            22.29273,
            50.751211
          ],
          [
            22.294098,
            50.749398
          ],
          [
            22.296269,
            50.747425
          ],
          [
            22.298706,
            50.74586
          ],
          [
            22.30167,
            50.744494
          ],
          [
            22.303732,
            50.743807
          ],
          [
            22.305947,
            50.74325
          ],
          [
            22.310464,
            50.742366
          ],
          [
            22.330862,
            50.738469
          ],
          [
            22.33401,
            50.737849
          ],
          [
            22.337063,
            50.737149
          ],
          [
            22.340486,
            50.736141
          ],
          [
            22.344019,
            50.734812
          ],
          [
            22.34705,
            50.733398
          ],
          [
            22.350908,
            50.731196
          ],
          [
            22.354409,
            50.729071
          ],
          [
            22.356522,
            50.72784
          ],
          [
            22.360561,
            50.725872
          ],
          [
            22.363373,
            50.724733
          ],
          [
            22.366566,
            50.723641
          ],
          [
            22.370684,
            50.722497
          ],
          [
            22.374646,
            50.72143
          ],
          [
            22.375893,
            50.721011
          ],
          [
            22.378187,
            50.720033
          ],
          [
            22.380626,
            50.718607
          ],
          [
            22.383017,
            50.71656
          ],
          [
            22.38399,
            50.71538
          ],
          [
            22.384926,
            50.713833
          ],
          [
            22.385507,
            50.712325
          ],
          [
            22.385732,
            50.711105
          ],
          [
            22.385783,
            50.709649
          ],
          [
            22.3856,
            50.708414
          ],
          [
            22.385133,
            50.706944
          ],
          [
            22.384195,
            50.705205
          ],
          [
            22.381581,
            50.701445
          ],
          [
            22.379838,
            50.69898
          ],
          [
            22.378725,
            50.69739
          ],
          [
            22.376972,
            50.695205
          ],
          [
            22.375001,
            50.693515
          ]
        ]
      }
    },
    {
      "type": "Feature",
      "properties": {
        "geometryRef": "janow-poludnie-lasy-janowskie",
        "_source": "OSM"
      },
      "geometry": {
        "type": "LineString",
        "coordinates": [
          [
            22.375001,
            50.693515
          ],
          [
            22.37275,
            50.692209
          ],
          [
            22.369827,
            50.691069
          ],
          [
            22.365412,
            50.689895
          ],
          [
            22.35796,
            50.68804
          ],
          [
            22.356236,
            50.687603
          ],
          [
            22.352377,
            50.686446
          ],
          [
            22.351869,
            50.686269
          ],
          [
            22.34803,
            50.684727
          ],
          [
            22.344437,
            50.682877
          ],
          [
            22.341379,
            50.68091
          ],
          [
            22.340436,
            50.680232
          ],
          [
            22.335559,
            50.67661
          ],
          [
            22.330687,
            50.673
          ],
          [
            22.32653,
            50.669907
          ],
          [
            22.318283,
            50.663775
          ],
          [
            22.314634,
            50.661067
          ],
          [
            22.311385,
            50.658783
          ],
          [
            22.308313,
            50.656861
          ],
          [
            22.306218,
            50.655664
          ],
          [
            22.302675,
            50.653824
          ],
          [
            22.298777,
            50.651896
          ],
          [
            22.296464,
            50.650736
          ],
          [
            22.294138,
            50.649322
          ],
          [
            22.29165,
            50.647162
          ],
          [
            22.290612,
            50.645893
          ],
          [
            22.289813,
            50.644607
          ]
        ]
      }
    },
    {
      "type": "Feature",
      "properties": {
        "geometryRef": "lasy-janowskie-zdziary",
        "_source": "OSM"
      },
      "geometry": {
        "type": "LineString",
        "coordinates": [
          [
            22.289813,
            50.644607
          ],
          [
            22.289173,
            50.64313
          ],
          [
            22.288807,
            50.641693
          ],
          [
            22.288688,
            50.638996
          ],
          [
            22.288467,
            50.636321
          ],
          [
            22.287606,
            50.63276
          ],
          [
            22.287085,
            50.630588
          ],
          [
            22.286801,
            50.627389
          ],
          [
            22.286858,
            50.623655
          ],
          [
            22.286908,
            50.620531
          ],
          [
            22.287077,
            50.619225
          ],
          [
            22.287656,
            50.617554
          ],
          [
            22.289055,
            50.614859
          ],
          [
            22.289454,
            50.613979
          ],
          [
            22.290064,
            50.611684
          ],
          [
            22.290102,
            50.610263
          ],
          [
            22.289892,
            50.608861
          ],
          [
            22.288879,
            50.606388
          ],
          [
            22.287812,
            50.604878
          ],
          [
            22.28614,
            50.603212
          ],
          [
            22.284343,
            50.601901
          ],
          [
            22.282135,
            50.600694
          ],
          [
            22.280313,
            50.599929
          ],
          [
            22.278363,
            50.599301
          ],
          [
            22.274041,
            50.59838
          ],
          [
            22.270534,
            50.597657
          ],
          [
            22.266248,
            50.596332
          ],
          [
            22.264153,
            50.595459
          ],
          [
            22.261516,
            50.594095
          ],
          [
            22.258316,
            50.591866
          ],
          [
            22.258035,
            50.591633
          ],
          [
            22.255481,
            50.589017
          ],
          [
            22.253644,
            50.586142
          ],
          [
            22.252912,
            50.584293
          ],
          [
            22.251297,
            50.578262
          ],
          [
            22.250136,
            50.573861
          ]
        ]
      }
    },
    {
      "type": "Feature",
      "properties": {
        "geometryRef": "zdziary-rudnik",
        "_source": "OSM"
      },
      "geometry": {
        "type": "LineString",
        "coordinates": [
          [
            22.250136,
            50.573861
          ],
          [
            22.24941,
            50.571082
          ],
          [
            22.248501,
            50.567694
          ],
          [
            22.248199,
            50.566721
          ],
          [
            22.247348,
            50.564764
          ],
          [
            22.246507,
            50.563412
          ],
          [
            22.244104,
            50.560727
          ],
          [
            22.240529,
            50.557847
          ],
          [
            22.23754,
            50.555448
          ],
          [
            22.234986,
            50.552988
          ],
          [
            22.232984,
            50.5506
          ],
          [
            22.23247,
            50.549883
          ],
          [
            22.230845,
            50.5472
          ],
          [
            22.230422,
            50.546356
          ],
          [
            22.229214,
            50.543134
          ],
          [
            22.228605,
            50.540147
          ],
          [
            22.228534,
            50.539442
          ],
          [
            22.228511,
            50.536624
          ],
          [
            22.228934,
            50.533183
          ],
          [
            22.229141,
            50.530754
          ],
          [
            22.229021,
            50.528021
          ],
          [
            22.228947,
            50.527476
          ],
          [
            22.22826,
            50.524425
          ],
          [
            22.227955,
            50.523498
          ],
          [
            22.226512,
            50.520308
          ],
          [
            22.226261,
            50.519838
          ],
          [
            22.224335,
            50.516962
          ],
          [
            22.224096,
            50.516637
          ],
          [
            22.221714,
            50.513955
          ],
          [
            22.221005,
            50.513264
          ],
          [
            22.218158,
            50.510832
          ],
          [
            22.215022,
            50.50861
          ],
          [
            22.211943,
            50.506485
          ],
          [
            22.20874,
            50.504286
          ],
          [
            22.204055,
            50.501077
          ],
          [
            22.199699,
            50.498082
          ],
          [
            22.199147,
            50.497696
          ],
          [
            22.196387,
            50.495469
          ]
        ]
      }
    },
    {
      "type": "Feature",
      "properties": {
        "geometryRef": "rudnik-nisko-lowisko",
        "_source": "OSM"
      },
      "geometry": {
        "type": "LineString",
        "coordinates": [
          [
            22.196387,
            50.495469
          ],
          [
            22.19594,
            50.495058
          ],
          [
            22.194064,
            50.493125
          ],
          [
            22.192424,
            50.491005
          ],
          [
            22.190673,
            50.488069
          ],
          [
            22.188733,
            50.48473
          ],
          [
            22.186991,
            50.482033
          ],
          [
            22.18524,
            50.480191
          ],
          [
            22.182422,
            50.478163
          ],
          [
            22.180836,
            50.477319
          ],
          [
            22.17872,
            50.476423
          ],
          [
            22.176438,
            50.475688
          ],
          [
            22.174698,
            50.475268
          ],
          [
            22.171242,
            50.474723
          ],
          [
            22.164711,
            50.473909
          ],
          [
            22.158842,
            50.473179
          ],
          [
            22.158044,
            50.473075
          ],
          [
            22.156028,
            50.472745
          ],
          [
            22.15363,
            50.472166
          ],
          [
            22.151135,
            50.471322
          ],
          [
            22.148746,
            50.470228
          ],
          [
            22.146598,
            50.468923
          ],
          [
            22.144566,
            50.46728
          ],
          [
            22.143158,
            50.465722
          ],
          [
            22.142239,
            50.464315
          ],
          [
            22.141616,
            50.462943
          ],
          [
            22.14118,
            50.46125
          ],
          [
            22.140985,
            50.458319
          ],
          [
            22.140573,
            50.450327
          ],
          [
            22.140273,
            50.444221
          ],
          [
            22.140082,
            50.440935
          ],
          [
            22.139456,
            50.438168
          ],
          [
            22.138636,
            50.436495
          ],
          [
            22.137172,
            50.434572
          ],
          [
            22.133946,
            50.431751
          ],
          [
            22.132544,
            50.430591
          ],
          [
            22.131016,
            50.428987
          ],
          [
            22.129942,
            50.427417
          ],
          [
            22.129064,
            50.425391
          ],
          [
            22.128739,
            50.423906
          ],
          [
            22.128675,
            50.422444
          ],
          [
            22.128895,
            50.420838
          ],
          [
            22.129486,
            50.419105
          ],
          [
            22.130941,
            50.416024
          ],
          [
            22.132785,
            50.412099
          ],
          [
            22.134551,
            50.40834
          ],
          [
            22.136071,
            50.405167
          ],
          [
            22.137536,
            50.402191
          ],
          [
            22.138951,
            50.399976
          ],
          [
            22.140928,
            50.397604
          ],
          [
            22.142863,
            50.39571
          ],
          [
            22.144762,
            50.394148
          ],
          [
            22.14849,
            50.391622
          ],
          [
            22.149053,
            50.391297
          ],
          [
            22.15239,
            50.38956
          ],
          [
            22.157042,
            50.387251
          ],
          [
            22.160847,
            50.38536
          ],
          [
            22.167452,
            50.38208
          ],
          [
            22.172359,
            50.379644
          ],
          [
            22.17572,
            50.377955
          ],
          [
            22.178339,
            50.376441
          ],
          [
            22.18119,
            50.374348
          ],
          [
            22.183807,
            50.37185
          ],
          [
            22.184233,
            50.371387
          ],
          [
            22.186856,
            50.368449
          ],
          [
            22.189025,
            50.366041
          ],
          [
            22.192103,
            50.36262
          ],
          [
            22.193268,
            50.361312
          ],
          [
            22.194883,
            50.3593
          ],
          [
            22.19657,
            50.356724
          ],
          [
            22.198301,
            50.353861
          ],
          [
            22.200066,
            50.350967
          ],
          [
            22.201025,
            50.349364
          ],
          [
            22.201661,
            50.348012
          ],
          [
            22.202103,
            50.346528
          ],
          [
            22.202272,
            50.344062
          ],
          [
            22.201798,
            50.341711
          ],
          [
            22.200844,
            50.339605
          ],
          [
            22.199354,
            50.337561
          ],
          [
            22.196814,
            50.335227
          ],
          [
            22.192336,
            50.331627
          ],
          [
            22.189299,
            50.329177
          ],
          [
            22.18569,
            50.326307
          ],
          [
            22.181515,
            50.32295
          ],
          [
            22.179002,
            50.320936
          ],
          [
            22.175625,
            50.31864
          ],
          [
            22.175103,
            50.318331
          ],
          [
            22.171607,
            50.31652
          ],
          [
            22.170642,
            50.316089
          ],
          [
            22.167469,
            50.314842
          ],
          [
            22.16238,
            50.313073
          ],
          [
            22.158569,
            50.311747
          ],
          [
            22.154973,
            50.310499
          ],
          [
            22.150462,
            50.308933
          ],
          [
            22.142363,
            50.306119
          ],
          [
            22.137058,
            50.304279
          ],
          [
            22.132686,
            50.302761
          ]
        ]
      }
    },
    {
      "type": "Feature",
      "properties": {
        "geometryRef": "lowisko-sokolow-polnoc",
        "_source": "OSM"
      },
      "geometry": {
        "type": "LineString",
        "coordinates": [
          [
            22.132686,
            50.302761
          ],
          [
            22.128692,
            50.301367
          ],
          [
            22.126256,
            50.300506
          ],
          [
            22.124059,
            50.299615
          ],
          [
            22.122034,
            50.298614
          ],
          [
            22.118881,
            50.296613
          ],
          [
            22.116878,
            50.294938
          ],
          [
            22.115832,
            50.29387
          ],
          [
            22.113916,
            50.291297
          ],
          [
            22.113741,
            50.290997
          ],
          [
            22.11247,
            50.287954
          ],
          [
            22.112131,
            50.286215
          ],
          [
            22.112059,
            50.284297
          ],
          [
            22.112517,
            50.281563
          ],
          [
            22.11263,
            50.281182
          ],
          [
            22.113934,
            50.27814
          ],
          [
            22.114687,
            50.276517
          ],
          [
            22.116916,
            50.27178
          ],
          [
            22.118519,
            50.268371
          ],
          [
            22.119552,
            50.266436
          ],
          [
            22.121084,
            50.264357
          ],
          [
            22.123065,
            50.262378
          ],
          [
            22.127413,
            50.259154
          ],
          [
            22.131031,
            50.256599
          ],
          [
            22.131703,
            50.256112
          ],
          [
            22.133852,
            50.254268
          ],
          [
            22.135078,
            50.25279
          ],
          [
            22.135857,
            50.251461
          ],
          [
            22.136785,
            50.248829
          ]
        ]
      }
    },
    {
      "type": "Feature",
      "properties": {
        "geometryRef": "sokolow-stobierna",
        "_source": "OSM"
      },
      "geometry": {
        "type": "LineString",
        "coordinates": [
          [
            22.136785,
            50.248829
          ],
          [
            22.137185,
            50.245388
          ],
          [
            22.137521,
            50.24255
          ],
          [
            22.137671,
            50.241776
          ],
          [
            22.13862,
            50.238639
          ],
          [
            22.139561,
            50.235926
          ],
          [
            22.139894,
            50.234878
          ],
          [
            22.140283,
            50.232972
          ],
          [
            22.140324,
            50.231349
          ],
          [
            22.140097,
            50.229668
          ],
          [
            22.139581,
            50.227971
          ],
          [
            22.138814,
            50.226364
          ],
          [
            22.136761,
            50.223608
          ],
          [
            22.134175,
            50.221316
          ],
          [
            22.130858,
            50.219164
          ],
          [
            22.127297,
            50.216866
          ],
          [
            22.123325,
            50.214337
          ],
          [
            22.119903,
            50.212165
          ],
          [
            22.116359,
            50.209911
          ],
          [
            22.112867,
            50.207696
          ],
          [
            22.110307,
            50.206048
          ],
          [
            22.108131,
            50.204372
          ],
          [
            22.106659,
            50.202785
          ],
          [
            22.10561,
            50.201146
          ],
          [
            22.104961,
            50.199506
          ],
          [
            22.104671,
            50.197907
          ],
          [
            22.104539,
            50.195087
          ],
          [
            22.104509,
            50.194892
          ],
          [
            22.103877,
            50.192994
          ],
          [
            22.102787,
            50.191419
          ],
          [
            22.100596,
            50.189063
          ],
          [
            22.098239,
            50.186626
          ],
          [
            22.096819,
            50.185149
          ],
          [
            22.095469,
            50.183519
          ],
          [
            22.09318,
            50.179747
          ],
          [
            22.091701,
            50.177198
          ],
          [
            22.089952,
            50.174184
          ],
          [
            22.088614,
            50.172051
          ],
          [
            22.087947,
            50.170709
          ],
          [
            22.086994,
            50.167831
          ],
          [
            22.086056,
            50.165066
          ],
          [
            22.085746,
            50.16443
          ],
          [
            22.08394,
            50.16158
          ],
          [
            22.082243,
            50.159005
          ],
          [
            22.080318,
            50.156083
          ],
          [
            22.078651,
            50.153469
          ],
          [
            22.078381,
            50.152918
          ],
          [
            22.077716,
            50.150609
          ],
          [
            22.077765,
            50.148357
          ]
        ]
      }
    },
    {
      "type": "Feature",
      "properties": {
        "geometryRef": "stobierna-rzeszow-wschod",
        "_source": "OSM"
      },
      "geometry": {
        "type": "LineString",
        "coordinates": [
          [
            22.077765,
            50.148357
          ],
          [
            22.078215,
            50.145375
          ],
          [
            22.078724,
            50.141983
          ],
          [
            22.079142,
            50.1392
          ],
          [
            22.079555,
            50.136444
          ],
          [
            22.080262,
            50.131705
          ],
          [
            22.080679,
            50.128897
          ],
          [
            22.080875,
            50.127518
          ],
          [
            22.080937,
            50.125901
          ],
          [
            22.080596,
            50.123904
          ],
          [
            22.079852,
            50.122126
          ],
          [
            22.078945,
            50.120621
          ],
          [
            22.076485,
            50.117167
          ],
          [
            22.074418,
            50.114278
          ],
          [
            22.069805,
            50.107822
          ],
          [
            22.067455,
            50.104531
          ],
          [
            22.065387,
            50.101632
          ],
          [
            22.063395,
            50.098844
          ],
          [
            22.062229,
            50.097151
          ],
          [
            22.06169,
            50.096033
          ],
          [
            22.061382,
            50.094898
          ],
          [
            22.061246,
            50.091933
          ],
          [
            22.061207,
            50.090899
          ]
        ]
      }
    },
    {
      "type": "Feature",
      "properties": {
        "geometryRef": "rzeszow-zachod-swilcza",
        "_source": "OSM"
      },
      "geometry": {
        "type": "LineString",
        "coordinates": [
          [
            21.923037,
            50.105318
          ],
          [
            21.929377,
            50.101672
          ],
          [
            21.930928,
            50.099311
          ],
          [
            21.931941,
            50.09733
          ],
          [
            21.932774,
            50.094859
          ],
          [
            21.933155,
            50.092507
          ],
          [
            21.933145,
            50.089055
          ],
          [
            21.933017,
            50.08534
          ],
          [
            21.932845,
            50.08003
          ],
          [
            21.932826,
            50.079543
          ],
          [
            21.932441,
            50.076529
          ],
          [
            21.932281,
            50.075812
          ],
          [
            21.931502,
            50.073191
          ],
          [
            21.930242,
            50.070388
          ],
          [
            21.929104,
            50.06844
          ],
          [
            21.926961,
            50.065509
          ]
        ]
      }
    },
    {
      "type": "Feature",
      "properties": {
        "geometryRef": "swilcza-rzeszow-poludnie",
        "_source": "OSM"
      },
      "geometry": {
        "type": "LineString",
        "coordinates": [
          [
            21.926961,
            50.065509
          ],
          [
            21.925099,
            50.062931
          ],
          [
            21.924136,
            50.060825
          ],
          [
            21.923727,
            50.058131
          ],
          [
            21.923833,
            50.056748
          ],
          [
            21.924175,
            50.055335
          ],
          [
            21.924903,
            50.053664
          ],
          [
            21.925929,
            50.052107
          ],
          [
            21.929322,
            50.048122
          ],
          [
            21.931371,
            50.045748
          ],
          [
            21.931987,
            50.045019
          ],
          [
            21.933116,
            50.043508
          ],
          [
            21.933979,
            50.041553
          ],
          [
            21.934154,
            50.039617
          ],
          [
            21.933641,
            50.03765
          ],
          [
            21.932509,
            50.035856
          ],
          [
            21.931402,
            50.034743
          ],
          [
            21.928029,
            50.031984
          ],
          [
            21.926365,
            50.030617
          ],
          [
            21.925099,
            50.029421
          ],
          [
            21.923594,
            50.027538
          ],
          [
            21.922863,
            50.026229
          ],
          [
            21.922272,
            50.024732
          ],
          [
            21.921901,
            50.022936
          ],
          [
            21.921624,
            50.019973
          ],
          [
            21.921473,
            50.017072
          ],
          [
            21.921283,
            50.014232
          ],
          [
            21.921082,
            50.011318
          ],
          [
            21.921061,
            50.011047
          ]
        ]
      }
    },
    {
      "type": "Feature",
      "properties": {
        "geometryRef": "rzeszow-poludnie-babica",
        "_source": "OSM"
      },
      "geometry": {
        "type": "LineString",
        "coordinates": [
          [
            21.921061,
            50.011047
          ],
          [
            21.920874,
            50.008264
          ],
          [
            21.920711,
            50.006948
          ],
          [
            21.920146,
            50.005298
          ],
          [
            21.919665,
            50.00451
          ],
          [
            21.918426,
            50.002987
          ],
          [
            21.913544,
            49.998811
          ],
          [
            21.910895,
            49.996512
          ],
          [
            21.909466,
            49.994623
          ],
          [
            21.909036,
            49.993678
          ],
          [
            21.908673,
            49.992033
          ],
          [
            21.908691,
            49.990876
          ],
          [
            21.909295,
            49.987047
          ],
          [
            21.909754,
            49.984249
          ],
          [
            21.909982,
            49.982827
          ],
          [
            21.910078,
            49.981143
          ],
          [
            21.909732,
            49.979322
          ],
          [
            21.908693,
            49.977173
          ],
          [
            21.907092,
            49.975297
          ],
          [
            21.904927,
            49.973626
          ],
          [
            21.899067,
            49.970278
          ],
          [
            21.895319,
            49.968058
          ],
          [
            21.891797,
            49.96611
          ],
          [
            21.888273,
            49.964454
          ],
          [
            21.883346,
            49.962351
          ],
          [
            21.879714,
            49.960474
          ],
          [
            21.875976,
            49.957971
          ],
          [
            21.87312,
            49.955437
          ],
          [
            21.872574,
            49.954873
          ],
          [
            21.871073,
            49.953127
          ],
          [
            21.869626,
            49.951042
          ],
          [
            21.868289,
            49.948441
          ],
          [
            21.867507,
            49.946192
          ],
          [
            21.866708,
            49.942228
          ],
          [
            21.865856,
            49.937644
          ],
          [
            21.86577,
            49.937103
          ],
          [
            21.865763,
            49.934523
          ],
          [
            21.866018,
            49.933058
          ],
          [
            21.866475,
            49.931736
          ]
        ]
      }
    },
    {
      "type": "Feature",
      "properties": {
        "geometryRef": "babica-jawornik",
        "_source": "OSM"
      },
      "geometry": {
        "type": "LineString",
        "coordinates": [
          [
            21.866475,
            49.931736
          ],
          [
            21.867886,
            49.928779
          ],
          [
            21.869096,
            49.926033
          ],
          [
            21.869331,
            49.924084
          ],
          [
            21.868906,
            49.921619
          ],
          [
            21.867826,
            49.919573
          ],
          [
            21.866814,
            49.918314
          ],
          [
            21.865355,
            49.917
          ],
          [
            21.861816,
            49.914304
          ],
          [
            21.859464,
            49.912383
          ],
          [
            21.857622,
            49.910259
          ],
          [
            21.856756,
            49.908744
          ],
          [
            21.855987,
            49.906329
          ],
          [
            21.855837,
            49.904674
          ],
          [
            21.856319,
            49.900965
          ],
          [
            21.85664,
            49.898406
          ],
          [
            21.856296,
            49.895391
          ],
          [
            21.855825,
            49.893883
          ],
          [
            21.853744,
            49.890555
          ],
          [
            21.845037,
            49.879239
          ],
          [
            21.843356,
            49.876436
          ],
          [
            21.842026,
            49.872768
          ],
          [
            21.841651,
            49.870951
          ],
          [
            21.841429,
            49.86823
          ],
          [
            21.841446,
            49.866905
          ],
          [
            21.842007,
            49.863395
          ],
          [
            21.842807,
            49.860882
          ],
          [
            21.843861,
            49.858604
          ],
          [
            21.845612,
            49.856019
          ],
          [
            21.847296,
            49.854104
          ],
          [
            21.850085,
            49.851453
          ],
          [
            21.85244,
            49.849665
          ],
          [
            21.854651,
            49.848217
          ],
          [
            21.856092,
            49.847344
          ],
          [
            21.859679,
            49.845574
          ],
          [
            21.864289,
            49.843785
          ],
          [
            21.872797,
            49.841099
          ]
        ]
      }
    },
    {
      "type": "Feature",
      "properties": {
        "geometryRef": "jawornik-domaradz",
        "_source": "OSM"
      },
      "geometry": {
        "type": "LineString",
        "coordinates": [
          [
            21.872797,
            49.841099
          ],
          [
            21.877749,
            49.839649
          ],
          [
            21.880645,
            49.838517
          ],
          [
            21.883994,
            49.836898
          ],
          [
            21.887738,
            49.834613
          ],
          [
            21.890374,
            49.832567
          ],
          [
            21.89252,
            49.830502
          ],
          [
            21.896514,
            49.825724
          ],
          [
            21.898652,
            49.823169
          ],
          [
            21.900042,
            49.821751
          ],
          [
            21.903767,
            49.81874
          ],
          [
            21.906077,
            49.817267
          ],
          [
            21.909026,
            49.815707
          ],
          [
            21.914293,
            49.813258
          ],
          [
            21.919786,
            49.810717
          ],
          [
            21.925352,
            49.808025
          ],
          [
            21.948561,
            49.797297
          ],
          [
            21.949603,
            49.796799
          ],
          [
            21.952928,
            49.794983
          ],
          [
            21.954853,
            49.793605
          ],
          [
            21.956025,
            49.792534
          ],
          [
            21.957727,
            49.790568
          ],
          [
            21.959034,
            49.788317
          ],
          [
            21.959813,
            49.785816
          ],
          [
            21.959953,
            49.783344
          ],
          [
            21.959729,
            49.781775
          ],
          [
            21.958894,
            49.779379
          ],
          [
            21.956666,
            49.775773
          ],
          [
            21.954438,
            49.772467
          ],
          [
            21.95403,
            49.771811
          ],
          [
            21.952872,
            49.769153
          ],
          [
            21.952536,
            49.767104
          ],
          [
            21.952608,
            49.765374
          ],
          [
            21.953164,
            49.763183
          ],
          [
            21.95424,
            49.760797
          ],
          [
            21.954008,
            49.760584
          ]
        ]
      }
    },
    {
      "type": "Feature",
      "properties": {
        "geometryRef": "krosno-dukla",
        "_source": "OSM"
      },
      "geometry": {
        "type": "LineString",
        "coordinates": [
          [
            21.852774,
            49.667568
          ],
          [
            21.851764,
            49.665269
          ],
          [
            21.851397,
            49.663011
          ],
          [
            21.851483,
            49.661396
          ],
          [
            21.853013,
            49.650652
          ],
          [
            21.853393,
            49.647571
          ],
          [
            21.853412,
            49.647107
          ],
          [
            21.853143,
            49.644243
          ],
          [
            21.853129,
            49.644175
          ],
          [
            21.852177,
            49.641372
          ],
          [
            21.851242,
            49.639665
          ],
          [
            21.850144,
            49.638129
          ],
          [
            21.848933,
            49.63676
          ],
          [
            21.847301,
            49.635252
          ],
          [
            21.84482,
            49.633436
          ],
          [
            21.841396,
            49.631409
          ],
          [
            21.839201,
            49.630009
          ],
          [
            21.836245,
            49.627719
          ],
          [
            21.834551,
            49.626363
          ],
          [
            21.833009,
            49.625321
          ],
          [
            21.829819,
            49.623728
          ],
          [
            21.826413,
            49.622617
          ],
          [
            21.822836,
            49.621943
          ],
          [
            21.818936,
            49.621695
          ],
          [
            21.814681,
            49.621966
          ],
          [
            21.810583,
            49.622535
          ],
          [
            21.804371,
            49.623424
          ],
          [
            21.801069,
            49.623828
          ],
          [
            21.793595,
            49.624336
          ],
          [
            21.79143,
            49.624473
          ],
          [
            21.788504,
            49.62478
          ],
          [
            21.784091,
            49.625533
          ],
          [
            21.779975,
            49.626532
          ],
          [
            21.77876,
            49.626795
          ],
          [
            21.774646,
            49.627333
          ],
          [
            21.772667,
            49.627413
          ],
          [
            21.770166,
            49.627349
          ],
          [
            21.766941,
            49.626986
          ],
          [
            21.763394,
            49.626206
          ],
          [
            21.760445,
            49.62519
          ],
          [
            21.757839,
            49.623924
          ],
          [
            21.756432,
            49.62307
          ],
          [
            21.748908,
            49.617834
          ],
          [
            21.746641,
            49.61628
          ],
          [
            21.740322,
            49.612068
          ],
          [
            21.739502,
            49.611522
          ],
          [
            21.737128,
            49.61012
          ],
          [
            21.734471,
            49.608878
          ],
          [
            21.731518,
            49.607794
          ],
          [
            21.727531,
            49.606735
          ],
          [
            21.723239,
            49.605918
          ],
          [
            21.722517,
            49.605752
          ],
          [
            21.720326,
            49.605114
          ],
          [
            21.717057,
            49.603711
          ],
          [
            21.714347,
            49.60193
          ],
          [
            21.71239,
            49.600068
          ],
          [
            21.71017,
            49.597582
          ],
          [
            21.704835,
            49.591584
          ],
          [
            21.703716,
            49.590426
          ],
          [
            21.701461,
            49.588454
          ],
          [
            21.697913,
            49.585758
          ],
          [
            21.695719,
            49.584068
          ],
          [
            21.694157,
            49.582435
          ],
          [
            21.693087,
            49.580343
          ],
          [
            21.692849,
            49.579251
          ],
          [
            21.692763,
            49.576609
          ],
          [
            21.692524,
            49.575092
          ],
          [
            21.691901,
            49.572988
          ],
          [
            21.690828,
            49.570305
          ]
        ]
      }
    },
    {
      "type": "Feature",
      "properties": {
        "geometryRef": "dukla-barwinek",
        "_source": "OSM"
      },
      "geometry": {
        "type": "LineString",
        "coordinates": [
          [
            21.690828,
            49.570305
          ],
          [
            21.690207,
            49.568791
          ],
          [
            21.689845,
            49.567188
          ],
          [
            21.689864,
            49.566079
          ],
          [
            21.690117,
            49.56499
          ],
          [
            21.690773,
            49.563647
          ],
          [
            21.691379,
            49.56282
          ],
          [
            21.694212,
            49.559694
          ],
          [
            21.696982,
            49.556649
          ],
          [
            21.697826,
            49.555668
          ],
          [
            21.698595,
            49.554473
          ],
          [
            21.699053,
            49.553353
          ],
          [
            21.699268,
            49.552329
          ],
          [
            21.699272,
            49.550971
          ],
          [
            21.698116,
            49.547363
          ],
          [
            21.697897,
            49.546572
          ],
          [
            21.697778,
            49.545529
          ],
          [
            21.697965,
            49.543897
          ],
          [
            21.698547,
            49.541329
          ],
          [
            21.698611,
            49.540121
          ],
          [
            21.698238,
            49.538558
          ],
          [
            21.697455,
            49.537221
          ],
          [
            21.694949,
            49.534852
          ],
          [
            21.69249,
            49.532548
          ],
          [
            21.692142,
            49.532162
          ],
          [
            21.688807,
            49.527794
          ],
          [
            21.687912,
            49.526552
          ],
          [
            21.686986,
            49.524285
          ],
          [
            21.686868,
            49.523099
          ],
          [
            21.686987,
            49.521944
          ],
          [
            21.68801,
            49.517307
          ],
          [
            21.688751,
            49.513967
          ],
          [
            21.689221,
            49.512268
          ],
          [
            21.690127,
            49.510196
          ],
          [
            21.691942,
            49.506914
          ],
          [
            21.693875,
            49.503424
          ],
          [
            21.695457,
            49.501065
          ],
          [
            21.698145,
            49.498039
          ],
          [
            21.70061,
            49.49573
          ],
          [
            21.703615,
            49.49292
          ],
          [
            21.706117,
            49.490517
          ],
          [
            21.706572,
            49.489999
          ],
          [
            21.70796,
            49.48772
          ],
          [
            21.708373,
            49.48639
          ],
          [
            21.708539,
            49.484965
          ],
          [
            21.708243,
            49.482851
          ],
          [
            21.707625,
            49.481337
          ],
          [
            21.705005,
            49.476883
          ],
          [
            21.703439,
            49.474264
          ],
          [
            21.702184,
            49.472629
          ],
          [
            21.7011,
            49.471695
          ],
          [
            21.699414,
            49.47065
          ],
          [
            21.698042,
            49.470039
          ],
          [
            21.694179,
            49.468658
          ],
          [
            21.693048,
            49.468214
          ],
          [
            21.691594,
            49.467512
          ],
          [
            21.689905,
            49.466434
          ],
          [
            21.688681,
            49.465394
          ],
          [
            21.687511,
            49.464022
          ],
          [
            21.686787,
            49.462781
          ],
          [
            21.686239,
            49.4611
          ],
          [
            21.686161,
            49.459224
          ],
          [
            21.686475,
            49.457782
          ],
          [
            21.686869,
            49.456854
          ],
          [
            21.688219,
            49.454878
          ],
          [
            21.690738,
            49.452179
          ],
          [
            21.691241,
            49.451554
          ],
          [
            21.691859,
            49.450508
          ],
          [
            21.692305,
            49.449208
          ],
          [
            21.692908,
            49.44556
          ],
          [
            21.69335,
            49.44277
          ],
          [
            21.693829,
            49.439721
          ],
          [
            21.694315,
            49.436603
          ],
          [
            21.694406,
            49.435407
          ],
          [
            21.694254,
            49.434139
          ],
          [
            21.693887,
            49.433033
          ],
          [
            21.69235,
            49.430421
          ],
          [
            21.69221,
            49.430173
          ],
          [
            21.691716,
            49.429031
          ],
          [
            21.691449,
            49.42775
          ],
          [
            21.691454,
            49.426501
          ],
          [
            21.692072,
            49.424431
          ],
          [
            21.693587,
            49.421858
          ],
          [
            21.695182,
            49.419144
          ],
          [
            21.696137,
            49.417639
          ]
        ]
      }
    }
  ]
}
