{
  "type": "FeatureCollection",
  "features": [
    {
      "type": "Feature",
      "properties": {
        "geometryRef": "chwaszczyno-gdansk-poludnie",
        "_source": "OSM"
      },
      "geometry": {
        "type": "LineString",
        "coordinates": [
          [
            18.44563,
            54.454186
          ],
          [
            18.438419,
            54.450077
          ],
          [
            18.436881,
            54.449034
          ],
          [
            18.434843,
            54.447294
          ],
          [
            18.433268,
            54.445453
          ],
          [
            18.432359,
            54.444051
          ],
          [
            18.430313,
            54.439362
          ],
          [
            18.429333,
            54.437592
          ],
          [
            18.427805,
            54.435831
          ],
          [
            18.425829,
            54.434257
          ],
          [
            18.422881,
            54.43257
          ],
          [
            18.420436,
            54.43157
          ],
          [
            18.415113,
            54.429705
          ],
          [
            18.412622,
            54.428504
          ],
          [
            18.410903,
            54.427456
          ],
          [
            18.40832,
            54.425396
          ],
          [
            18.400578,
            54.417806
          ],
          [
            18.398268,
            54.41599
          ],
          [
            18.395489,
            54.414267
          ],
          [
            18.392899,
            54.412995
          ],
          [
            18.390594,
            54.412077
          ],
          [
            18.381053,
            54.408973
          ],
          [
            18.37787,
            54.407814
          ],
          [
            18.375363,
            54.406706
          ],
          [
            18.372824,
            54.405318
          ],
          [
            18.370428,
            54.403665
          ],
          [
            18.368283,
            54.401748
          ],
          [
            18.366717,
            54.399891
          ],
          [
            18.36552,
            54.397932
          ],
          [
            18.364587,
            54.395421
          ],
          [
            18.364186,
            54.392448
          ],
          [
            18.364261,
            54.380139
          ],
          [
            18.36449,
            54.378253
          ],
          [
            18.364906,
            54.376812
          ],
          [
            18.365672,
            54.37518
          ],
          [
            18.36679,
            54.373496
          ],
          [
            18.370422,
            54.368802
          ],
          [
            18.380477,
            54.356463
          ],
          [
            18.381925,
            54.354001
          ],
          [
            18.382781,
            54.351342
          ],
          [
            18.382973,
            54.349035
          ],
          [
            18.382728,
            54.347119
          ],
          [
            18.380975,
            54.341718
          ],
          [
            18.379718,
            54.335031
          ],
          [
            18.377991,
            54.330761
          ],
          [
            18.377615,
            54.328992
          ],
          [
            18.377631,
            54.327545
          ],
          [
            18.37797,
            54.325973
          ],
          [
            18.378778,
            54.324205
          ],
          [
            18.379837,
            54.322728
          ],
          [
            18.381548,
            54.321033
          ],
          [
            18.383586,
            54.319594
          ],
          [
            18.38607,
            54.318266
          ],
          [
            18.389853,
            54.316916
          ],
          [
            18.39269,
            54.316239
          ],
          [
            18.395422,
            54.315757
          ],
          [
            18.405535,
            54.314581
          ],
          [
            18.409885,
            54.313929
          ],
          [
            18.413097,
            54.313186
          ],
          [
            18.42187,
            54.310757
          ],
          [
            18.425527,
            54.309923
          ],
          [
            18.428857,
            54.309441
          ],
          [
            18.433111,
            54.309174
          ],
          [
            18.449044,
            54.3095
          ],
          [
            18.453943,
            54.309382
          ],
          [
            18.458454,
            54.308892
          ],
          [
            18.46351,
            54.307844
          ],
          [
            18.466254,
            54.307004
          ],
          [
            18.468582,
            54.306118
          ],
          [
            18.470945,
            54.305015
          ],
          [
            18.472828,
            54.303958
          ],
          [
            18.475413,
            54.302203
          ],
          [
            18.484009,
            54.295367
          ],
          [
            18.485771,
            54.294195
          ],
          [
            18.488159,
            54.292861
          ],
          [
            18.49114,
            54.291518
          ],
          [
            18.493668,
            54.290609
          ],
          [
            18.497288,
            54.289612
          ],
          [
            18.500534,
            54.288959
          ],
          [
            18.505305,
            54.2884
          ],
          [
            18.509718,
            54.288234
          ],
          [
            18.522029,
            54.288524
          ],
          [
            18.560773,
            54.288538
          ],
          [
            18.565611,
            54.288681
          ],
          [
            18.577015,
            54.289599
          ],
          [
            18.586291,
            54.290025
          ],
          [
            18.589971,
            54.290075
          ],
          [
            18.595672,
            54.28991
          ]
        ]
      }
    },
    {
      "type": "Feature",
      "properties": {
        "geometryRef": "gdansk-poludnie-koszwaly",
        "_source": "OSM"
      },
      "geometry": {
        "type": "LineString",
        "coordinates": [
          [
            18.595672,
            54.28991
          ],
          [
            18.599382,
            54.289848
          ],
          [
            18.602712,
            54.289935
          ],
          [
            18.606686,
            54.290233
          ],
          [
            18.610092,
            54.290671
          ],
          [
            18.612916,
            54.291162
          ],
          [
            18.616596,
            54.291998
          ],
          [
            18.625282,
            54.294572
          ],
          [
            18.629913,
            54.2963
          ],
          [
            18.634578,
            54.298581
          ],
          [
            18.637976,
            54.300719
          ],
          [
            18.643814,
            54.304917
          ],
          [
            18.645862,
            54.306134
          ],
          [
            18.648848,
            54.307432
          ],
          [
            18.651789,
            54.308316
          ],
          [
            18.654734,
            54.308898
          ],
          [
            18.675376,
            54.311806
          ],
          [
            18.67927,
            54.312468
          ],
          [
            18.685066,
            54.313781
          ],
          [
            18.702661,
            54.318777
          ],
          [
            18.707021,
            54.319842
          ],
          [
            18.712843,
            54.320788
          ],
          [
            18.716015,
            54.321095
          ],
          [
            18.719506,
            54.321272
          ],
          [
            18.723122,
            54.321281
          ],
          [
            18.727241,
            54.321073
          ],
          [
            18.732443,
            54.32047
          ],
          [
            18.736173,
            54.319782
          ],
          [
            18.782801,
            54.307961
          ],
          [
            18.809096,
            54.300071
          ],
          [
            18.812708,
            54.298727
          ],
          [
            18.816316,
            54.297197
          ],
          [
            18.821473,
            54.294582
          ]
        ]
      }
    },
    {
      "type": "Feature",
      "properties": {
        "geometryRef": "koszwaly-kazimierzowo",
        "_source": "OSM"
      },
      "geometry": {
        "type": "LineString",
        "coordinates": [
          [
            18.821473,
            54.294582
          ],
          [
            18.826339,
            54.291828
          ],
          [
            18.830396,
            54.290011
          ],
          [
            18.834767,
            54.288477
          ],
          [
            18.846228,
            54.285182
          ],
          [
            18.852164,
            54.283163
          ],
          [
            18.879637,
            54.271965
          ],
          [
            18.883239,
            54.270737
          ],
          [
            18.906719,
            54.263458
          ],
          [
            18.912882,
            54.261887
          ],
          [
            18.919996,
            54.26059
          ],
          [
            18.932902,
            54.259099
          ],
          [
            18.969153,
            54.253928
          ],
          [
            18.976064,
            54.252756
          ],
          [
            18.980007,
            54.251797
          ],
          [
            18.984707,
            54.250293
          ],
          [
            18.988364,
            54.248844
          ],
          [
            18.995749,
            54.245625
          ],
          [
            18.998401,
            54.244634
          ],
          [
            19.00176,
            54.243597
          ],
          [
            19.031586,
            54.236508
          ],
          [
            19.037116,
            54.234956
          ],
          [
            19.042537,
            54.232951
          ],
          [
            19.056458,
            54.226662
          ],
          [
            19.059239,
            54.22549
          ],
          [
            19.061946,
            54.224522
          ],
          [
            19.077435,
            54.220086
          ],
          [
            19.096994,
            54.215379
          ],
          [
            19.100093,
            54.214328
          ],
          [
            19.10248,
            54.213036
          ],
          [
            19.103933,
            54.211884
          ],
          [
            19.104874,
            54.210893
          ],
          [
            19.109122,
            54.205529
          ],
          [
            19.11111,
            54.203377
          ],
          [
            19.114304,
            54.201048
          ],
          [
            19.117801,
            54.199396
          ],
          [
            19.120206,
            54.198578
          ],
          [
            19.123333,
            54.197774
          ],
          [
            19.160274,
            54.19029
          ],
          [
            19.16395,
            54.189373
          ],
          [
            19.166826,
            54.188473
          ],
          [
            19.171717,
            54.186526
          ],
          [
            19.175767,
            54.184426
          ],
          [
            19.17848,
            54.182635
          ],
          [
            19.183283,
            54.179104
          ],
          [
            19.18594,
            54.177507
          ],
          [
            19.188517,
            54.176319
          ],
          [
            19.192382,
            54.174995
          ],
          [
            19.197453,
            54.173918
          ],
          [
            19.209313,
            54.172623
          ],
          [
            19.21683,
            54.171452
          ],
          [
            19.22253,
            54.170221
          ],
          [
            19.239772,
            54.165888
          ],
          [
            19.243733,
            54.165168
          ],
          [
            19.249059,
            54.164552
          ],
          [
            19.254368,
            54.164329
          ],
          [
            19.264363,
            54.164367
          ],
          [
            19.316905,
            54.164026
          ],
          [
            19.322017,
            54.164159
          ],
          [
            19.328167,
            54.164492
          ],
          [
            19.330967,
            54.164516
          ],
          [
            19.343299,
            54.16394
          ],
          [
            19.34816,
            54.163509
          ],
          [
            19.351596,
            54.162833
          ],
          [
            19.354699,
            54.1619
          ],
          [
            19.357538,
            54.160704
          ],
          [
            19.359349,
            54.159698
          ],
          [
            19.361389,
            54.158253
          ],
          [
            19.362808,
            54.156965
          ],
          [
            19.364182,
            54.155279
          ],
          [
            19.366067,
            54.152402
          ],
          [
            19.36712,
            54.151269
          ],
          [
            19.368567,
            54.150159
          ],
          [
            19.370113,
            54.149279
          ],
          [
            19.372245,
            54.148406
          ],
          [
            19.374035,
            54.147887
          ],
          [
            19.381699,
            54.146402
          ]
        ]
      }
    },
    {
      "type": "Feature",
      "properties": {
        "geometryRef": "elblag-poludnie-elblag-wschod",
        "_source": "OSM"
      },
      "geometry": {
        "type": "LineString",
        "coordinates": [
          [
            19.381699,
            54.146402
          ],
          [
            19.387061,
            54.145161
          ],
          [
            19.417387,
            54.136714
          ],
          [
            19.42233,
            54.135782
          ],
          [
            19.42704,
            54.135384
          ],
          [
            19.431991,
            54.135438
          ],
          [
            19.435288,
            54.135743
          ],
          [
            19.437739,
            54.13612
          ],
          [
            19.443107,
            54.13738
          ],
          [
            19.44511,
            54.137699
          ],
          [
            19.447348,
            54.137734
          ],
          [
            19.450148,
            54.13731
          ],
          [
            19.451732,
            54.13678
          ],
          [
            19.452309,
            54.1365
          ]
        ]
      }
    },
    {
      "type": "Feature",
      "properties": {
        "geometryRef": "elblag-wschod-paslek-polnoc",
        "_source": "OSM"
      },
      "geometry": {
        "type": "LineString",
        "coordinates": [
          [
            19.452309,
            54.1365
          ],
          [
            19.452725,
            54.136299
          ],
          [
            19.453678,
            54.135689
          ],
          [
            19.454593,
            54.134849
          ],
          [
            19.458897,
            54.130237
          ],
          [
            19.461163,
            54.126036
          ],
          [
            19.462167,
            54.124874
          ],
          [
            19.463526,
            54.123746
          ],
          [
            19.465963,
            54.122315
          ],
          [
            19.478987,
            54.115677
          ],
          [
            19.481121,
            54.114323
          ],
          [
            19.48471,
            54.111428
          ],
          [
            19.486829,
            54.110327
          ],
          [
            19.488307,
            54.109794
          ],
          [
            19.490416,
            54.109252
          ],
          [
            19.512911,
            54.104573
          ],
          [
            19.530026,
            54.10203
          ],
          [
            19.53313,
            54.10169
          ],
          [
            19.536783,
            54.101463
          ],
          [
            19.540389,
            54.101422
          ],
          [
            19.549545,
            54.101668
          ],
          [
            19.552536,
            54.101368
          ],
          [
            19.554823,
            54.100812
          ],
          [
            19.556837,
            54.100011
          ],
          [
            19.566539,
            54.094239
          ],
          [
            19.568353,
            54.093396
          ],
          [
            19.570443,
            54.09271
          ],
          [
            19.572084,
            54.092323
          ],
          [
            19.574378,
            54.091994
          ],
          [
            19.589778,
            54.090907
          ],
          [
            19.59246,
            54.090439
          ],
          [
            19.595116,
            54.089627
          ],
          [
            19.597364,
            54.088566
          ],
          [
            19.598993,
            54.087469
          ],
          [
            19.61345,
            54.075416
          ]
        ]
      }
    },
    {
      "type": "Feature",
      "properties": {
        "geometryRef": "paslek-milomlyn-polnoc",
        "_source": "OSM"
      },
      "geometry": {
        "type": "LineString",
        "coordinates": [
          [
            19.61345,
            54.075416
          ],
          [
            19.618046,
            54.071585
          ],
          [
            19.620846,
            54.068777
          ],
          [
            19.626524,
            54.061756
          ],
          [
            19.628892,
            54.059545
          ],
          [
            19.631707,
            54.057408
          ],
          [
            19.634626,
            54.055579
          ],
          [
            19.650637,
            54.046422
          ],
          [
            19.654724,
            54.044548
          ],
          [
            19.666778,
            54.040046
          ],
          [
            19.669086,
            54.038804
          ],
          [
            19.671295,
            54.037184
          ],
          [
            19.672454,
            54.036046
          ],
          [
            19.673477,
            54.034729
          ],
          [
            19.674211,
            54.033403
          ],
          [
            19.674694,
            54.032032
          ],
          [
            19.674927,
            54.030342
          ],
          [
            19.675173,
            54.019754
          ],
          [
            19.675643,
            54.017264
          ],
          [
            19.676788,
            54.01418
          ],
          [
            19.678705,
            54.010959
          ],
          [
            19.689631,
            53.996804
          ],
          [
            19.691535,
            53.994106
          ],
          [
            19.693931,
            53.989706
          ],
          [
            19.695539,
            53.985193
          ],
          [
            19.696241,
            53.981574
          ],
          [
            19.697879,
            53.96462
          ],
          [
            19.697682,
            53.961871
          ],
          [
            19.695699,
            53.954224
          ],
          [
            19.695408,
            53.95109
          ],
          [
            19.695919,
            53.947747
          ],
          [
            19.696566,
            53.945902
          ],
          [
            19.697333,
            53.944356
          ],
          [
            19.699066,
            53.941758
          ],
          [
            19.709501,
            53.928388
          ],
          [
            19.710911,
            53.926967
          ],
          [
            19.721729,
            53.917646
          ],
          [
            19.723254,
            53.916031
          ],
          [
            19.724091,
            53.914815
          ],
          [
            19.724714,
            53.913477
          ],
          [
            19.726782,
            53.907381
          ],
          [
            19.728016,
            53.905522
          ],
          [
            19.731245,
            53.901568
          ],
          [
            19.732415,
            53.899362
          ],
          [
            19.732786,
            53.897883
          ],
          [
            19.733414,
            53.892841
          ],
          [
            19.733712,
            53.8853
          ],
          [
            19.734339,
            53.882397
          ],
          [
            19.735516,
            53.879129
          ],
          [
            19.736537,
            53.877091
          ],
          [
            19.738046,
            53.874682
          ],
          [
            19.746827,
            53.863024
          ],
          [
            19.748443,
            53.8604
          ],
          [
            19.749789,
            53.856843
          ],
          [
            19.750554,
            53.85222
          ],
          [
            19.751209,
            53.849858
          ],
          [
            19.752067,
            53.847748
          ],
          [
            19.753849,
            53.84473
          ],
          [
            19.755637,
            53.842472
          ],
          [
            19.758249,
            53.839869
          ],
          [
            19.771196,
            53.829748
          ],
          [
            19.773901,
            53.82715
          ],
          [
            19.775675,
            53.825085
          ],
          [
            19.778114,
            53.821351
          ],
          [
            19.780649,
            53.815528
          ],
          [
            19.781821,
            53.813367
          ],
          [
            19.78299,
            53.811659
          ],
          [
            19.789878,
            53.803436
          ],
          [
            19.791293,
            53.801493
          ],
          [
            19.798197,
            53.788312
          ],
          [
            19.799967,
            53.785914
          ],
          [
            19.802524,
            53.783598
          ],
          [
            19.804186,
            53.782468
          ],
          [
            19.806767,
            53.781072
          ],
          [
            19.809314,
            53.78
          ],
          [
            19.811366,
            53.77931
          ],
          [
            19.816504,
            53.778008
          ]
        ]
      }
    },
    {
      "type": "Feature",
      "properties": {
        "geometryRef": "milomlyn-polnoc-ostroda-polnoc",
        "_source": "OSM"
      },
      "geometry": {
        "type": "LineString",
        "coordinates": [
          [
            19.816504,
            53.778008
          ],
          [
            19.828358,
            53.775135
          ],
          [
            19.841543,
            53.772866
          ],
          [
            19.843761,
            53.772249
          ],
          [
            19.845611,
            53.771562
          ],
          [
            19.848432,
            53.770091
          ],
          [
            19.850592,
            53.768423
          ],
          [
            19.852254,
            53.766505
          ],
          [
            19.855009,
            53.762546
          ],
          [
            19.856288,
            53.761308
          ],
          [
            19.85784,
            53.760202
          ],
          [
            19.85986,
            53.759118
          ],
          [
            19.884564,
            53.74727
          ],
          [
            19.889931,
            53.744856
          ],
          [
            19.898058,
            53.741695
          ],
          [
            19.933565,
            53.729877
          ]
        ]
      }
    },
    {
      "type": "Feature",
      "properties": {
        "geometryRef": "ostroda-polnoc-olsztynek-zachod",
        "_source": "OSM"
      },
      "geometry": {
        "type": "LineString",
        "coordinates": [
          [
            19.933565,
            53.729877
          ],
          [
            19.942055,
            53.727051
          ],
          [
            19.945149,
            53.725533
          ],
          [
            19.947139,
            53.724094
          ],
          [
            19.948689,
            53.722448
          ],
          [
            19.950826,
            53.719189
          ],
          [
            19.952157,
            53.717936
          ],
          [
            19.953868,
            53.716797
          ],
          [
            19.955419,
            53.716072
          ],
          [
            19.957227,
            53.715457
          ],
          [
            19.971138,
            53.711832
          ],
          [
            19.972723,
            53.711239
          ],
          [
            19.974736,
            53.710128
          ],
          [
            19.976364,
            53.708731
          ],
          [
            19.977388,
            53.707216
          ],
          [
            19.977794,
            53.705949
          ],
          [
            19.97814,
            53.703373
          ],
          [
            19.97929,
            53.701017
          ],
          [
            19.985097,
            53.694266
          ],
          [
            19.986968,
            53.692423
          ],
          [
            19.988194,
            53.691516
          ],
          [
            19.991005,
            53.689851
          ],
          [
            19.9944,
            53.68847
          ],
          [
            20.009108,
            53.684296
          ],
          [
            20.012863,
            53.68306
          ],
          [
            20.015664,
            53.68161
          ],
          [
            20.017686,
            53.679992
          ],
          [
            20.01928,
            53.677864
          ],
          [
            20.019814,
            53.676476
          ],
          [
            20.019986,
            53.675123
          ],
          [
            20.019497,
            53.672256
          ],
          [
            20.016609,
            53.66234
          ],
          [
            20.016384,
            53.660999
          ],
          [
            20.016373,
            53.659629
          ],
          [
            20.016593,
            53.658308
          ],
          [
            20.017251,
            53.656572
          ],
          [
            20.018342,
            53.654844
          ],
          [
            20.019994,
            53.653063
          ],
          [
            20.022582,
            53.651152
          ],
          [
            20.024318,
            53.650203
          ],
          [
            20.035156,
            53.645245
          ],
          [
            20.037521,
            53.644024
          ],
          [
            20.040818,
            53.64192
          ],
          [
            20.043295,
            53.639908
          ],
          [
            20.044812,
            53.638412
          ],
          [
            20.04672,
            53.635992
          ],
          [
            20.048584,
            53.632618
          ],
          [
            20.05459,
            53.620535
          ],
          [
            20.056698,
            53.617156
          ],
          [
            20.059275,
            53.613893
          ],
          [
            20.062356,
            53.610766
          ],
          [
            20.064944,
            53.608565
          ],
          [
            20.067769,
            53.606432
          ],
          [
            20.072915,
            53.603197
          ],
          [
            20.078819,
            53.600215
          ],
          [
            20.083331,
            53.598345
          ],
          [
            20.088521,
            53.596548
          ],
          [
            20.093755,
            53.595073
          ],
          [
            20.099567,
            53.593786
          ],
          [
            20.106086,
            53.592746
          ],
          [
            20.113347,
            53.592035
          ],
          [
            20.120504,
            53.591791
          ],
          [
            20.131631,
            53.591935
          ],
          [
            20.133658,
            53.591834
          ],
          [
            20.136368,
            53.591516
          ],
          [
            20.13852,
            53.591113
          ],
          [
            20.141188,
            53.59042
          ],
          [
            20.161868,
            53.584237
          ],
          [
            20.165434,
            53.583441
          ],
          [
            20.169702,
            53.582814
          ],
          [
            20.175113,
            53.58249
          ],
          [
            20.178059,
            53.582524
          ],
          [
            20.181125,
            53.582718
          ],
          [
            20.185941,
            53.58335
          ],
          [
            20.205813,
            53.586802
          ],
          [
            20.210353,
            53.587426
          ],
          [
            20.217758,
            53.587985
          ],
          [
            20.230439,
            53.588199
          ],
          [
            20.233694,
            53.58812
          ],
          [
            20.236492,
            53.587875
          ],
          [
            20.239399,
            53.587435
          ],
          [
            20.242148,
            53.586836
          ],
          [
            20.244944,
            53.586015
          ],
          [
            20.24762,
            53.584997
          ],
          [
            20.249776,
            53.583971
          ],
          [
            20.251771,
            53.582822
          ]
        ]
      }
    },
    {
      "type": "Feature",
      "properties": {
        "geometryRef": "olsztynek-zachod-nidzica-polnoc",
        "_source": "OSM"
      },
      "geometry": {
        "type": "LineString",
        "coordinates": [
          [
            20.251771,
            53.582822
          ],
          [
            20.254577,
            53.580735
          ],
          [
            20.25689,
            53.5783
          ],
          [
            20.258091,
            53.576358
          ],
          [
            20.259626,
            53.573296
          ],
          [
            20.266898,
            53.558282
          ],
          [
            20.268456,
            53.554466
          ],
          [
            20.269636,
            53.550751
          ],
          [
            20.271984,
            53.54143
          ],
          [
            20.273251,
            53.537936
          ],
          [
            20.275324,
            53.533859
          ],
          [
            20.277513,
            53.530641
          ],
          [
            20.27946,
            53.528236
          ],
          [
            20.282055,
            53.525525
          ],
          [
            20.286113,
            53.521973
          ],
          [
            20.291384,
            53.518244
          ],
          [
            20.300655,
            53.512542
          ],
          [
            20.303719,
            53.510229
          ],
          [
            20.306467,
            53.507738
          ],
          [
            20.309768,
            53.503902
          ],
          [
            20.316495,
            53.493967
          ],
          [
            20.318483,
            53.490626
          ],
          [
            20.320233,
            53.486196
          ],
          [
            20.321065,
            53.481732
          ],
          [
            20.321093,
            53.478067
          ],
          [
            20.320283,
            53.472245
          ],
          [
            20.320564,
            53.470143
          ],
          [
            20.321978,
            53.465873
          ],
          [
            20.322287,
            53.464354
          ],
          [
            20.322256,
            53.462659
          ],
          [
            20.321276,
            53.457177
          ],
          [
            20.321408,
            53.455368
          ],
          [
            20.32184,
            53.453952
          ],
          [
            20.322491,
            53.452628
          ],
          [
            20.323414,
            53.451327
          ],
          [
            20.32455,
            53.450097
          ],
          [
            20.3258,
            53.44903
          ],
          [
            20.327613,
            53.447821
          ],
          [
            20.334297,
            53.444221
          ],
          [
            20.336669,
            53.44244
          ],
          [
            20.338687,
            53.440077
          ],
          [
            20.339789,
            53.437668
          ],
          [
            20.340068,
            53.43526
          ],
          [
            20.339804,
            53.433621
          ],
          [
            20.339169,
            53.431985
          ],
          [
            20.337298,
            53.428702
          ],
          [
            20.336389,
            53.426642
          ],
          [
            20.335936,
            53.4246
          ],
          [
            20.335911,
            53.42299
          ],
          [
            20.336236,
            53.420919
          ],
          [
            20.338306,
            53.413716
          ],
          [
            20.339124,
            53.408769
          ],
          [
            20.339573,
            53.407574
          ],
          [
            20.340386,
            53.406203
          ],
          [
            20.341254,
            53.405161
          ],
          [
            20.342642,
            53.403899
          ],
          [
            20.345071,
            53.402352
          ],
          [
            20.346752,
            53.401564
          ],
          [
            20.348632,
            53.40089
          ],
          [
            20.356846,
            53.398884
          ],
          [
            20.359458,
            53.397913
          ],
          [
            20.361476,
            53.396861
          ],
          [
            20.362629,
            53.396091
          ],
          [
            20.36468,
            53.394211
          ],
          [
            20.369627,
            53.387656
          ],
          [
            20.373334,
            53.380814
          ],
          [
            20.374809,
            53.378733
          ],
          [
            20.37595,
            53.377569
          ],
          [
            20.377806,
            53.376134
          ],
          [
            20.382086,
            53.373593
          ],
          [
            20.383106,
            53.372893
          ]
        ]
      }
    },
    {
      "type": "Feature",
      "properties": {
        "geometryRef": "nidzica-napierki",
        "_source": "OSM"
      },
      "geometry": {
        "type": "LineString",
        "coordinates": [
          [
            20.383106,
            53.372893
          ],
          [
            20.38446,
            53.371963
          ],
          [
            20.386528,
            53.370026
          ],
          [
            20.387765,
            53.36839
          ],
          [
            20.388647,
            53.366686
          ],
          [
            20.389141,
            53.364941
          ],
          [
            20.391171,
            53.353333
          ],
          [
            20.391638,
            53.351532
          ],
          [
            20.392375,
            53.349923
          ],
          [
            20.393586,
            53.348177
          ],
          [
            20.394822,
            53.346852
          ],
          [
            20.396343,
            53.345538
          ],
          [
            20.39793,
            53.344469
          ],
          [
            20.400164,
            53.343242
          ],
          [
            20.402627,
            53.3422
          ],
          [
            20.406072,
            53.341142
          ],
          [
            20.408822,
            53.340563
          ],
          [
            20.411019,
            53.340252
          ],
          [
            20.422864,
            53.339058
          ],
          [
            20.427043,
            53.338129
          ],
          [
            20.429626,
            53.337238
          ],
          [
            20.433094,
            53.335539
          ],
          [
            20.435923,
            53.333461
          ],
          [
            20.437424,
            53.331911
          ],
          [
            20.438976,
            53.329397
          ],
          [
            20.439529,
            53.327646
          ],
          [
            20.439649,
            53.324976
          ],
          [
            20.436441,
            53.304385
          ],
          [
            20.436234,
            53.301561
          ],
          [
            20.436528,
            53.29783
          ],
          [
            20.438164,
            53.290962
          ],
          [
            20.438631,
            53.288289
          ],
          [
            20.438733,
            53.284696
          ],
          [
            20.438236,
            53.281107
          ],
          [
            20.437141,
            53.27759
          ],
          [
            20.435624,
            53.274419
          ],
          [
            20.426449,
            53.259883
          ],
          [
            20.424798,
            53.25642
          ],
          [
            20.424281,
            53.254639
          ],
          [
            20.423917,
            53.251946
          ],
          [
            20.424106,
            53.243846
          ],
          [
            20.423857,
            53.241168
          ],
          [
            20.422988,
            53.238543
          ],
          [
            20.419658,
            53.232587
          ],
          [
            20.419099,
            53.230826
          ],
          [
            20.418992,
            53.228579
          ]
        ]
      }
    },
    {
      "type": "Feature",
      "properties": {
        "geometryRef": "napierki-plonsk",
        "_source": "OSM"
      },
      "geometry": {
        "type": "LineString",
        "coordinates": [
          [
            20.418992,
            53.228579
          ],
          [
            20.41954,
            53.226347
          ],
          [
            20.420746,
            53.224182
          ],
          [
            20.422146,
            53.222589
          ],
          [
            20.425817,
            53.219184
          ],
          [
            20.427243,
            53.217603
          ],
          [
            20.431316,
            53.210538
          ],
          [
            20.433012,
            53.206968
          ],
          [
            20.435214,
            53.200773
          ],
          [
            20.435556,
            53.199187
          ],
          [
            20.435603,
            53.197941
          ],
          [
            20.435451,
            53.196785
          ],
          [
            20.434952,
            53.195205
          ],
          [
            20.431872,
            53.189391
          ],
          [
            20.430637,
            53.186383
          ],
          [
            20.428915,
            53.179561
          ],
          [
            20.427493,
            53.17536
          ],
          [
            20.42681,
            53.172702
          ],
          [
            20.426626,
            53.169257
          ],
          [
            20.427989,
            53.149266
          ],
          [
            20.427806,
            53.146867
          ],
          [
            20.427356,
            53.144843
          ],
          [
            20.42599,
            53.141523
          ],
          [
            20.424185,
            53.138718
          ],
          [
            20.414874,
            53.128527
          ],
          [
            20.412891,
            53.12601
          ],
          [
            20.411167,
            53.122884
          ],
          [
            20.41015,
            53.119811
          ],
          [
            20.409791,
            53.116846
          ],
          [
            20.409882,
            53.114691
          ],
          [
            20.410257,
            53.112668
          ],
          [
            20.412407,
            53.105304
          ],
          [
            20.412775,
            53.102889
          ],
          [
            20.412757,
            53.100861
          ],
          [
            20.412526,
            53.099265
          ],
          [
            20.412108,
            53.097681
          ],
          [
            20.411336,
            53.095767
          ],
          [
            20.410037,
            53.093517
          ],
          [
            20.408354,
            53.091372
          ],
          [
            20.406379,
            53.089412
          ],
          [
            20.403408,
            53.087123
          ],
          [
            20.39961,
            53.084882
          ],
          [
            20.374616,
            53.072027
          ],
          [
            20.372588,
            53.070743
          ],
          [
            20.371186,
            53.069656
          ],
          [
            20.3694,
            53.067947
          ],
          [
            20.368294,
            53.06657
          ],
          [
            20.367247,
            53.064843
          ],
          [
            20.366515,
            53.063234
          ],
          [
            20.357429,
            53.041727
          ],
          [
            20.355661,
            53.038364
          ],
          [
            20.3524,
            53.03375
          ],
          [
            20.338986,
            53.017847
          ],
          [
            20.33756,
            53.015654
          ],
          [
            20.337114,
            53.014662
          ],
          [
            20.336656,
            53.012239
          ],
          [
            20.336819,
            53.010658
          ],
          [
            20.337332,
            53.00912
          ],
          [
            20.338279,
            53.007507
          ],
          [
            20.343659,
            53.000636
          ],
          [
            20.344839,
            52.998365
          ],
          [
            20.34552,
            52.996333
          ],
          [
            20.345806,
            52.993917
          ],
          [
            20.345559,
            52.991088
          ],
          [
            20.344829,
            52.988819
          ],
          [
            20.34372,
            52.986626
          ],
          [
            20.342858,
            52.985363
          ],
          [
            20.341356,
            52.983634
          ],
          [
            20.338383,
            52.981048
          ],
          [
            20.335682,
            52.979293
          ],
          [
            20.32307,
            52.971891
          ],
          [
            20.319527,
            52.969415
          ],
          [
            20.308368,
            52.959958
          ],
          [
            20.306317,
            52.958049
          ],
          [
            20.304941,
            52.956533
          ],
          [
            20.302862,
            52.953661
          ],
          [
            20.299382,
            52.947757
          ],
          [
            20.297665,
            52.945237
          ],
          [
            20.295458,
            52.942613
          ],
          [
            20.289267,
            52.936274
          ],
          [
            20.287725,
            52.934279
          ],
          [
            20.286715,
            52.932518
          ],
          [
            20.285888,
            52.93041
          ],
          [
            20.28542,
            52.927877
          ],
          [
            20.285573,
            52.920989
          ],
          [
            20.285422,
            52.91897
          ],
          [
            20.284852,
            52.916922
          ],
          [
            20.283797,
            52.914866
          ],
          [
            20.282616,
            52.913259
          ],
          [
            20.280992,
            52.911593
          ],
          [
            20.26579,
            52.897932
          ],
          [
            20.264693,
            52.8965
          ],
          [
            20.263987,
            52.895237
          ],
          [
            20.263391,
            52.893642
          ],
          [
            20.26315,
            52.892212
          ],
          [
            20.263184,
            52.890504
          ],
          [
            20.263543,
            52.888877
          ],
          [
            20.264341,
            52.887095
          ],
          [
            20.265236,
            52.885754
          ],
          [
            20.266745,
            52.884074
          ],
          [
            20.284894,
            52.865796
          ],
          [
            20.286411,
            52.863596
          ],
          [
            20.286967,
            52.862087
          ],
          [
            20.287198,
            52.86065
          ],
          [
            20.287195,
            52.859754
          ],
          [
            20.286822,
            52.857915
          ],
          [
            20.286205,
            52.856546
          ],
          [
            20.285401,
            52.855334
          ],
          [
            20.283917,
            52.853644
          ],
          [
            20.270681,
            52.840004
          ],
          [
            20.263778,
            52.832481
          ],
          [
            20.262168,
            52.830174
          ],
          [
            20.261375,
            52.828122
          ],
          [
            20.26113,
            52.825475
          ],
          [
            20.26135,
            52.824066
          ],
          [
            20.261804,
            52.822709
          ],
          [
            20.262803,
            52.820817
          ],
          [
            20.269025,
            52.810622
          ],
          [
            20.269737,
            52.80895
          ],
          [
            20.270017,
            52.80665
          ],
          [
            20.269317,
            52.802303
          ],
          [
            20.269292,
            52.800904
          ],
          [
            20.269677,
            52.79896
          ],
          [
            20.27102,
            52.795745
          ],
          [
            20.272264,
            52.793575
          ],
          [
            20.274242,
            52.791552
          ],
          [
            20.276066,
            52.790285
          ],
          [
            20.281176,
            52.787403
          ],
          [
            20.282625,
            52.786319
          ],
          [
            20.28375,
            52.785212
          ],
          [
            20.289382,
            52.777086
          ],
          [
            20.295665,
            52.769101
          ],
          [
            20.296791,
            52.767888
          ],
          [
            20.298442,
            52.766503
          ],
          [
            20.309785,
            52.75817
          ],
          [
            20.311094,
            52.756984
          ],
          [
            20.312155,
            52.75569
          ],
          [
            20.312833,
            52.754529
          ],
          [
            20.314834,
            52.749731
          ],
          [
            20.329424,
            52.710604
          ],
          [
            20.330065,
            52.70932
          ],
          [
            20.331233,
            52.707673
          ],
          [
            20.332727,
            52.706252
          ],
          [
            20.343083,
            52.698204
          ],
          [
            20.356163,
            52.688587
          ],
          [
            20.368326,
            52.677675
          ],
          [
            20.370298,
            52.675564
          ],
          [
            20.371455,
            52.673472
          ],
          [
            20.37497,
            52.663493
          ],
          [
            20.375843,
            52.661903
          ],
          [
            20.378053,
            52.658758
          ],
          [
            20.378686,
            52.657284
          ],
          [
            20.37894,
            52.656079
          ],
          [
            20.37894,
            52.65435
          ],
          [
            20.378287,
            52.652415
          ],
          [
            20.373999,
            52.645577
          ],
          [
            20.373493,
            52.643587
          ],
          [
            20.373598,
            52.641626
          ],
          [
            20.374168,
            52.639951
          ],
          [
            20.375341,
            52.638131
          ],
          [
            20.379797,
            52.634034
          ]
        ]
      }
    },
    {
      "type": "Feature",
      "properties": {
        "geometryRef": "plonsk-obwodnica-wschodnia",
        "_source": "OSM"
      },
      "geometry": {
        "type": "LineString",
        "coordinates": [
          [
            20.379797,
            52.634034
          ],
          [
            20.388344,
            52.626689
          ],
          [
            20.389181,
            52.625856
          ],
          [
            20.389738,
            52.624925
          ],
          [
            20.389959,
            52.623953
          ],
          [
            20.389871,
            52.623112
          ],
          [
            20.38804,
            52.618408
          ],
          [
            20.387662,
            52.616828
          ],
          [
            20.387857,
            52.615184
          ],
          [
            20.388824,
            52.613393
          ],
          [
            20.389734,
            52.612426
          ],
          [
            20.390818,
            52.611585
          ],
          [
            20.403142,
            52.603707
          ]
        ]
      }
    },
    {
      "type": "Feature",
      "properties": {
        "geometryRef": "plonsk-poludnie-czosnow",
        "_source": "OSM"
      },
      "geometry": {
        "type": "LineString",
        "coordinates": [
          [
            20.403142,
            52.603707
          ],
          [
            20.404868,
            52.602604
          ],
          [
            20.406749,
            52.601708
          ],
          [
            20.40951,
            52.600819
          ],
          [
            20.438526,
            52.593701
          ],
          [
            20.4434,
            52.592326
          ],
          [
            20.446541,
            52.59097
          ],
          [
            20.452509,
            52.587737
          ],
          [
            20.454225,
            52.586938
          ],
          [
            20.457524,
            52.585691
          ],
          [
            20.472614,
            52.580476
          ],
          [
            20.474915,
            52.579534
          ],
          [
            20.47816,
            52.577727
          ],
          [
            20.480909,
            52.575642
          ],
          [
            20.48262,
            52.573856
          ],
          [
            20.483642,
            52.572527
          ],
          [
            20.500138,
            52.550115
          ],
          [
            20.519565,
            52.530673
          ],
          [
            20.523976,
            52.526949
          ],
          [
            20.525324,
            52.525415
          ],
          [
            20.526688,
            52.523134
          ],
          [
            20.527473,
            52.520887
          ],
          [
            20.528306,
            52.513197
          ],
          [
            20.528631,
            52.511652
          ],
          [
            20.529386,
            52.509803
          ],
          [
            20.530698,
            52.507918
          ],
          [
            20.531758,
            52.506823
          ],
          [
            20.535728,
            52.503358
          ],
          [
            20.539119,
            52.499864
          ],
          [
            20.548813,
            52.486803
          ],
          [
            20.550516,
            52.48492
          ],
          [
            20.553189,
            52.482958
          ],
          [
            20.560677,
            52.479251
          ],
          [
            20.56256,
            52.477977
          ],
          [
            20.564087,
            52.47662
          ],
          [
            20.565126,
            52.475381
          ],
          [
            20.5693,
            52.469428
          ],
          [
            20.577643,
            52.458952
          ],
          [
            20.579747,
            52.456455
          ],
          [
            20.581973,
            52.454562
          ],
          [
            20.583957,
            52.453393
          ],
          [
            20.586847,
            52.45212
          ],
          [
            20.600029,
            52.447746
          ],
          [
            20.604108,
            52.446619
          ],
          [
            20.6106,
            52.445257
          ],
          [
            20.635719,
            52.441299
          ],
          [
            20.639614,
            52.440393
          ],
          [
            20.642756,
            52.439264
          ],
          [
            20.646334,
            52.437335
          ],
          [
            20.648742,
            52.435434
          ],
          [
            20.658331,
            52.423988
          ],
          [
            20.659823,
            52.422586
          ],
          [
            20.66125,
            52.421596
          ],
          [
            20.663506,
            52.420381
          ],
          [
            20.66758,
            52.418917
          ],
          [
            20.687951,
            52.414999
          ],
          [
            20.690862,
            52.4142
          ],
          [
            20.693286,
            52.413274
          ],
          [
            20.695431,
            52.412172
          ],
          [
            20.696919,
            52.411178
          ],
          [
            20.716907,
            52.396308
          ],
          [
            20.717596,
            52.39602
          ]
        ]
      }
    },
    {
      "type": "Feature",
      "properties": {
        "geometryRef": "czosnow-kielpin",
        "_source": "OSM"
      },
      "geometry": {
        "type": "LineString",
        "coordinates": [
          [
            20.717596,
            52.39602
          ],
          [
            20.723915,
            52.390908
          ],
          [
            20.725658,
            52.389937
          ],
          [
            20.727849,
            52.389063
          ],
          [
            20.72965,
            52.38856
          ],
          [
            20.731818,
            52.388142
          ],
          [
            20.740784,
            52.387429
          ],
          [
            20.742419,
            52.387202
          ],
          [
            20.744867,
            52.386646
          ],
          [
            20.781151,
            52.375092
          ],
          [
            20.793494,
            52.370998
          ],
          [
            20.856379,
            52.350877
          ],
          [
            20.858011,
            52.350146
          ],
          [
            20.859226,
            52.349294
          ],
          [
            20.863821,
            52.344474
          ]
        ]
      }
    },
    {
      "type": "Feature",
      "properties": {
        "geometryRef": "lotnisko-lesznowola",
        "_source": "OSM"
      },
      "geometry": {
        "type": "LineString",
        "coordinates": [
          [
            20.989476,
            52.132862
          ],
          [
            20.989551,
            52.130672
          ],
          [
            20.989371,
            52.128726
          ],
          [
            20.987826,
            52.121852
          ],
          [
            20.98696,
            52.11899
          ],
          [
            20.985496,
            52.11637
          ],
          [
            20.981623,
            52.112926
          ],
          [
            20.972974,
            52.107166
          ],
          [
            20.971536,
            52.105707
          ],
          [
            20.970676,
            52.104354
          ],
          [
            20.970184,
            52.102942
          ],
          [
            20.970062,
            52.101477
          ],
          [
            20.971198,
            52.096757
          ],
          [
            20.971168,
            52.095278
          ],
          [
            20.970927,
            52.094092
          ],
          [
            20.9691,
            52.089395
          ]
        ]
      }
    },
    {
      "type": "Feature",
      "properties": {
        "geometryRef": "lesznowola-tarczyn-polnoc",
        "_source": "OSM"
      },
      "geometry": {
        "type": "LineString",
        "coordinates": [
          [
            20.9691,
            52.089395
          ],
          [
            20.965616,
            52.080435
          ],
          [
            20.96373,
            52.07734
          ],
          [
            20.961699,
            52.075104
          ],
          [
            20.959758,
            52.073449
          ],
          [
            20.957707,
            52.07204
          ],
          [
            20.954453,
            52.070112
          ],
          [
            20.950882,
            52.068179
          ],
          [
            20.941473,
            52.06414
          ],
          [
            20.932911,
            52.060056
          ],
          [
            20.928281,
            52.057421
          ],
          [
            20.924074,
            52.054457
          ],
          [
            20.914022,
            52.045755
          ],
          [
            20.909939,
            52.041181
          ],
          [
            20.908308,
            52.038872
          ],
          [
            20.906493,
            52.035871
          ],
          [
            20.900843,
            52.024309
          ],
          [
            20.899601,
            52.022526
          ],
          [
            20.898718,
            52.021569
          ],
          [
            20.896865,
            52.020005
          ],
          [
            20.894237,
            52.018403
          ],
          [
            20.89123,
            52.017039
          ],
          [
            20.884101,
            52.014483
          ],
          [
            20.882073,
            52.013377
          ],
          [
            20.880064,
            52.011716
          ],
          [
            20.879409,
            52.01097
          ],
          [
            20.878481,
            52.009291
          ],
          [
            20.878109,
            52.008019
          ],
          [
            20.878037,
            52.006555
          ],
          [
            20.878447,
            52.00491
          ],
          [
            20.881604,
            51.999509
          ],
          [
            20.882156,
            51.998027
          ],
          [
            20.882368,
            51.995606
          ],
          [
            20.881921,
            51.993848
          ],
          [
            20.881336,
            51.99262
          ],
          [
            20.87995,
            51.990809
          ],
          [
            20.878217,
            51.989298
          ],
          [
            20.876553,
            51.988199
          ],
          [
            20.869137,
            51.98407
          ],
          [
            20.867452,
            51.982792
          ],
          [
            20.866432,
            51.981785
          ],
          [
            20.865456,
            51.980504
          ],
          [
            20.864578,
            51.97869
          ],
          [
            20.864385,
            51.977644
          ]
        ]
      }
    },
    {
      "type": "Feature",
      "properties": {
        "geometryRef": "tarczyn-polnoc-gluchow",
        "_source": "OSM"
      },
      "geometry": {
        "type": "LineString",
        "coordinates": [
          [
            20.864385,
            51.977644
          ],
          [
            20.863571,
            51.97323
          ],
          [
            20.862802,
            51.971457
          ],
          [
            20.86179,
            51.969902
          ],
          [
            20.853181,
            51.959045
          ],
          [
            20.850593,
            51.956578
          ],
          [
            20.846393,
            51.953266
          ],
          [
            20.845187,
            51.951961
          ],
          [
            20.844436,
            51.950856
          ],
          [
            20.84374,
            51.949312
          ],
          [
            20.843437,
            51.948001
          ],
          [
            20.84341,
            51.946866
          ],
          [
            20.843688,
            51.945337
          ],
          [
            20.844329,
            51.943801
          ],
          [
            20.845793,
            51.941492
          ],
          [
            20.84656,
            51.939807
          ],
          [
            20.847341,
            51.935636
          ],
          [
            20.847773,
            51.934206
          ],
          [
            20.859894,
            51.900092
          ]
        ]
      }
    },
    {
      "type": "Feature",
      "properties": {
        "geometryRef": "radom-zachodnia-obwodnica",
        "_source": "OSM"
      },
      "geometry": {
        "type": "LineString",
        "coordinates": [
          [
            21.073093,
            51.535898
          ],
          [
            21.075947,
            51.534303
          ],
          [
            21.079056,
            51.532021
          ],
          [
            21.08086,
            51.530287
          ],
          [
            21.082737,
            51.527882
          ],
          [
            21.083917,
            51.525726
          ],
          [
            21.084759,
            51.523174
          ],
          [
            21.085055,
            51.520512
          ],
          [
            21.084705,
            51.517592
          ],
          [
            21.081614,
            51.507231
          ],
          [
            21.080347,
            51.504303
          ],
          [
            21.076129,
            51.496373
          ],
          [
            21.073987,
            51.493597
          ],
          [
            21.063818,
            51.482488
          ],
          [
            21.0593,
            51.477042
          ],
          [
            21.057467,
            51.475217
          ],
          [
            21.052463,
            51.47085
          ],
          [
            21.049898,
            51.468102
          ],
          [
            21.036958,
            51.450185
          ],
          [
            21.035507,
            51.447658
          ],
          [
            21.034652,
            51.44556
          ],
          [
            21.034042,
            51.44318
          ],
          [
            21.032234,
            51.427594
          ],
          [
            21.031729,
            51.424571
          ],
          [
            21.028734,
            51.413497
          ],
          [
            21.026508,
            51.403826
          ],
          [
            21.025603,
            51.401202
          ],
          [
            21.022661,
            51.395823
          ],
          [
            21.021712,
            51.393352
          ],
          [
            21.02114,
            51.39066
          ],
          [
            21.020616,
            51.385264
          ],
          [
            21.019775,
            51.381319
          ],
          [
            21.018761,
            51.378092
          ],
          [
            21.014713,
            51.367633
          ],
          [
            21.013688,
            51.363304
          ],
          [
            21.013473,
            51.360523
          ],
          [
            21.013547,
            51.358264
          ],
          [
            21.015281,
            51.343911
          ],
          [
            21.015056,
            51.3415
          ],
          [
            21.014099,
            51.337737
          ],
          [
            21.014062,
            51.335548
          ],
          [
            21.014577,
            51.333422
          ],
          [
            21.016406,
            51.329375
          ],
          [
            21.016795,
            51.327202
          ]
        ]
      }
    },
    {
      "type": "Feature",
      "properties": {
        "geometryRef": "radom-poludnie-granica",
        "_source": "OSM"
      },
      "geometry": {
        "type": "LineString",
        "coordinates": [
          [
            21.016795,
            51.327202
          ],
          [
            21.016839,
            51.326956
          ],
          [
            21.016644,
            51.320325
          ],
          [
            21.016243,
            51.31864
          ],
          [
            21.015469,
            51.316896
          ],
          [
            21.014241,
            51.315087
          ],
          [
            21.012954,
            51.313707
          ],
          [
            21.007666,
            51.309422
          ],
          [
            20.981153,
            51.290178
          ],
          [
            20.978785,
            51.28859
          ],
          [
            20.976014,
            51.286957
          ],
          [
            20.973378,
            51.285586
          ],
          [
            20.906674,
            51.253345
          ],
          [
            20.881462,
            51.243116
          ],
          [
            20.879657,
            51.242153
          ],
          [
            20.878033,
            51.241076
          ],
          [
            20.876592,
            51.239878
          ],
          [
            20.875419,
            51.238646
          ],
          [
            20.873927,
            51.236412
          ],
          [
            20.873108,
            51.234121
          ],
          [
            20.872918,
            51.232621
          ],
          [
            20.872771,
            51.226724
          ],
          [
            20.872539,
            51.225242
          ],
          [
            20.872018,
            51.223548
          ],
          [
            20.865188,
            51.208358
          ],
          [
            20.863865,
            51.205844
          ],
          [
            20.861439,
            51.201851
          ],
          [
            20.860297,
            51.198833
          ],
          [
            20.859965,
            51.196337
          ],
          [
            20.858808,
            51.170651
          ],
          [
            20.858672,
            51.169661
          ]
        ]
      }
    },
    {
      "type": "Feature",
      "properties": {
        "geometryRef": "granica-skarzysko-kamienna-zachod",
        "_source": "OSM"
      },
      "geometry": {
        "type": "LineString",
        "coordinates": [
          [
            20.858672,
            51.169661
          ],
          [
            20.858437,
            51.167946
          ],
          [
            20.857565,
            51.16533
          ],
          [
            20.856672,
            51.163554
          ],
          [
            20.855286,
            51.161486
          ],
          [
            20.853625,
            51.159564
          ],
          [
            20.852007,
            51.158034
          ],
          [
            20.849315,
            51.155953
          ],
          [
            20.837578,
            51.147686
          ],
          [
            20.835557,
            51.145995
          ],
          [
            20.833594,
            51.143541
          ],
          [
            20.832446,
            51.140838
          ],
          [
            20.832178,
            51.138849
          ],
          [
            20.832329,
            51.137089
          ],
          [
            20.832905,
            51.135205
          ],
          [
            20.833948,
            51.133313
          ],
          [
            20.835036,
            51.131945
          ],
          [
            20.836172,
            51.130831
          ],
          [
            20.844474,
            51.12387
          ],
          [
            20.84607,
            51.121845
          ],
          [
            20.847118,
            51.119639
          ]
        ]
      }
    },
    {
      "type": "Feature",
      "properties": {
        "geometryRef": "skarzysko-obwodnica",
        "_source": "OSM"
      },
      "geometry": {
        "type": "LineString",
        "coordinates": [
          [
            20.847118,
            51.119639
          ],
          [
            20.847506,
            51.117898
          ],
          [
            20.847479,
            51.115751
          ],
          [
            20.846951,
            51.113733
          ],
          [
            20.846027,
            51.111889
          ],
          [
            20.844266,
            51.109391
          ],
          [
            20.841418,
            51.107495
          ],
          [
            20.840507,
            51.106684
          ],
          [
            20.836739,
            51.10204
          ]
        ]
      }
    },
    {
      "type": "Feature",
      "properties": {
        "geometryRef": "skarzysko-wystepa",
        "_source": "OSM"
      },
      "geometry": {
        "type": "LineString",
        "coordinates": [
          [
            20.836739,
            51.10204
          ],
          [
            20.835751,
            51.100823
          ],
          [
            20.835129,
            51.099562
          ],
          [
            20.835066,
            51.098451
          ],
          [
            20.835693,
            51.094788
          ],
          [
            20.836062,
            51.086775
          ],
          [
            20.836539,
            51.073289
          ],
          [
            20.836193,
            51.071142
          ],
          [
            20.835507,
            51.069676
          ],
          [
            20.829365,
            51.059893
          ],
          [
            20.819497,
            51.045243
          ],
          [
            20.81869,
            51.043827
          ],
          [
            20.818292,
            51.042574
          ],
          [
            20.81818,
            51.041303
          ],
          [
            20.818361,
            51.039978
          ],
          [
            20.819297,
            51.036381
          ],
          [
            20.819149,
            51.034128
          ],
          [
            20.817068,
            51.029141
          ],
          [
            20.812591,
            51.014825
          ],
          [
            20.811566,
            51.012928
          ],
          [
            20.809939,
            51.011186
          ],
          [
            20.807349,
            51.009439
          ],
          [
            20.79633,
            51.003477
          ],
          [
            20.775613,
            50.991827
          ],
          [
            20.772346,
            50.990361
          ],
          [
            20.755844,
            50.983938
          ],
          [
            20.753189,
            50.982663
          ],
          [
            20.750557,
            50.98089
          ],
          [
            20.746056,
            50.977023
          ],
          [
            20.742862,
            50.974863
          ]
        ]
      }
    },
    {
      "type": "Feature",
      "properties": {
        "geometryRef": "wystepa-wisniowka",
        "_source": "OSM"
      },
      "geometry": {
        "type": "LineString",
        "coordinates": [
          [
            20.742862,
            50.974863
          ],
          [
            20.742793,
            50.974816
          ],
          [
            20.702207,
            50.951731
          ],
          [
            20.700233,
            50.950859
          ],
          [
            20.697811,
            50.950159
          ],
          [
            20.69595,
            50.949838
          ],
          [
            20.689479,
            50.949083
          ],
          [
            20.687775,
            50.948707
          ],
          [
            20.686104,
            50.948118
          ],
          [
            20.684156,
            50.947061
          ],
          [
            20.673246,
            50.939932
          ],
          [
            20.668709,
            50.937458
          ],
          [
            20.664696,
            50.9356
          ]
        ]
      }
    },
    {
      "type": "Feature",
      "properties": {
        "geometryRef": "wisniowka-checiny",
        "_source": "OSM"
      },
      "geometry": {
        "type": "LineString",
        "coordinates": [
          [
            20.664696,
            50.9356
          ],
          [
            20.664386,
            50.935457
          ],
          [
            20.659209,
            50.933498
          ],
          [
            20.64866,
            50.930131
          ],
          [
            20.623168,
            50.922962
          ],
          [
            20.618458,
            50.921517
          ],
          [
            20.612231,
            50.919239
          ],
          [
            20.599436,
            50.913893
          ],
          [
            20.592289,
            50.911493
          ],
          [
            20.587872,
            50.910318
          ],
          [
            20.58435,
            50.909536
          ],
          [
            20.545758,
            50.901857
          ],
          [
            20.543035,
            50.901101
          ],
          [
            20.539252,
            50.899758
          ],
          [
            20.535981,
            50.898253
          ],
          [
            20.533339,
            50.896744
          ],
          [
            20.530545,
            50.894776
          ],
          [
            20.528636,
            50.893119
          ],
          [
            20.526816,
            50.891189
          ],
          [
            20.525225,
            50.889018
          ],
          [
            20.524178,
            50.887154
          ],
          [
            20.512363,
            50.862711
          ],
          [
            20.511322,
            50.860969
          ],
          [
            20.510303,
            50.859724
          ],
          [
            20.508114,
            50.857785
          ],
          [
            20.505361,
            50.856096
          ],
          [
            20.5033,
            50.855168
          ],
          [
            20.497862,
            50.853227
          ],
          [
            20.495582,
            50.852025
          ],
          [
            20.494135,
            50.850913
          ],
          [
            20.491148,
            50.847752
          ],
          [
            20.489445,
            50.846253
          ],
          [
            20.470379,
            50.83247
          ],
          [
            20.468972,
            50.831176
          ],
          [
            20.46792,
            50.829762
          ],
          [
            20.467155,
            50.827791
          ],
          [
            20.467015,
            50.82613
          ],
          [
            20.467428,
            50.824368
          ],
          [
            20.468158,
            50.823033
          ],
          [
            20.469392,
            50.821528
          ],
          [
            20.470207,
            50.820803
          ],
          [
            20.47253,
            50.819374
          ],
          [
            20.478925,
            50.816218
          ],
          [
            20.481104,
            50.814721
          ],
          [
            20.482894,
            50.813018
          ],
          [
            20.484231,
            50.81113
          ],
          [
            20.485022,
            50.809198
          ],
          [
            20.485312,
            50.807425
          ],
          [
            20.485072,
            50.805006
          ]
        ]
      }
    },
    {
      "type": "Feature",
      "properties": {
        "geometryRef": "checiny-jedrzejow",
        "_source": "OSM"
      },
      "geometry": {
        "type": "LineString",
        "coordinates": [
          [
            20.485072,
            50.805006
          ],
          [
            20.482835,
            50.800131
          ],
          [
            20.480389,
            50.795567
          ],
          [
            20.479343,
            50.793979
          ],
          [
            20.476979,
            50.79119
          ],
          [
            20.4668,
            50.780808
          ],
          [
            20.46575,
            50.779415
          ],
          [
            20.464756,
            50.777703
          ],
          [
            20.464113,
            50.775888
          ],
          [
            20.463863,
            50.77415
          ],
          [
            20.46403,
            50.766373
          ],
          [
            20.463847,
            50.764064
          ],
          [
            20.46275,
            50.761289
          ],
          [
            20.461983,
            50.760112
          ],
          [
            20.460372,
            50.758288
          ],
          [
            20.455006,
            50.753681
          ],
          [
            20.453001,
            50.752167
          ],
          [
            20.450625,
            50.750892
          ],
          [
            20.44775,
            50.749854
          ],
          [
            20.44465,
            50.749164
          ],
          [
            20.441527,
            50.748844
          ],
          [
            20.430398,
            50.749157
          ],
          [
            20.42801,
            50.749052
          ],
          [
            20.425837,
            50.748801
          ],
          [
            20.423275,
            50.748227
          ],
          [
            20.420903,
            50.747413
          ],
          [
            20.418128,
            50.746033
          ],
          [
            20.41648,
            50.744896
          ],
          [
            20.414269,
            50.74266
          ],
          [
            20.410215,
            50.737833
          ],
          [
            20.409421,
            50.736727
          ],
          [
            20.40866,
            50.735114
          ],
          [
            20.408227,
            50.733662
          ],
          [
            20.408038,
            50.731484
          ],
          [
            20.409548,
            50.721152
          ],
          [
            20.409336,
            50.718653
          ],
          [
            20.408493,
            50.716302
          ],
          [
            20.405075,
            50.709177
          ],
          [
            20.403084,
            50.70616
          ],
          [
            20.400851,
            50.703581
          ],
          [
            20.398407,
            50.701358
          ],
          [
            20.395068,
            50.698945
          ],
          [
            20.392129,
            50.697231
          ],
          [
            20.388875,
            50.695651
          ],
          [
            20.385988,
            50.694513
          ],
          [
            20.38195,
            50.693214
          ],
          [
            20.36818,
            50.68984
          ],
          [
            20.365021,
            50.688922
          ],
          [
            20.361081,
            50.68733
          ],
          [
            20.357729,
            50.685339
          ],
          [
            20.354713,
            50.682788
          ],
          [
            20.348969,
            50.676092
          ],
          [
            20.347166,
            50.674307
          ],
          [
            20.326899,
            50.657368
          ],
          [
            20.324752,
            50.655412
          ],
          [
            20.323268,
            50.653551
          ],
          [
            20.322702,
            50.652568
          ],
          [
            20.321131,
            50.647971
          ]
        ]
      }
    },
    {
      "type": "Feature",
      "properties": {
        "geometryRef": "jedrzejow-moczydlo",
        "_source": "OSM"
      },
      "geometry": {
        "type": "LineString",
        "coordinates": [
          [
            20.321131,
            50.647971
          ],
          [
            20.316248,
            50.632111
          ],
          [
            20.31517,
            50.630306
          ],
          [
            20.313465,
            50.628661
          ],
          [
            20.312126,
            50.627769
          ],
          [
            20.310526,
            50.626961
          ],
          [
            20.308695,
            50.626298
          ],
          [
            20.30728,
            50.625931
          ],
          [
            20.304798,
            50.625535
          ],
          [
            20.288829,
            50.62418
          ],
          [
            20.287525,
            50.623934
          ],
          [
            20.285757,
            50.623397
          ],
          [
            20.283413,
            50.622197
          ],
          [
            20.266974,
            50.608883
          ],
          [
            20.204119,
            50.557112
          ],
          [
            20.203066,
            50.556068
          ],
          [
            20.202229,
            50.554915
          ],
          [
            20.20132,
            50.55279
          ],
          [
            20.194802,
            50.531411
          ],
          [
            20.194556,
            50.530032
          ],
          [
            20.194627,
            50.528341
          ],
          [
            20.195152,
            50.526893
          ],
          [
            20.198021,
            50.522545
          ],
          [
            20.198905,
            50.520739
          ],
          [
            20.199252,
            50.518866
          ],
          [
            20.199049,
            50.517257
          ],
          [
            20.198336,
            50.515576
          ],
          [
            20.197095,
            50.514017
          ],
          [
            20.195616,
            50.512712
          ],
          [
            20.189433,
            50.508109
          ],
          [
            20.18817,
            50.506881
          ],
          [
            20.187315,
            50.505667
          ],
          [
            20.186286,
            50.502944
          ],
          [
            20.183243,
            50.492973
          ]
        ]
      }
    },
    {
      "type": "Feature",
      "properties": {
        "geometryRef": "moczydlo-miechow",
        "_source": "OSM"
      },
      "geometry": {
        "type": "LineString",
        "coordinates": [
          [
            20.183243,
            50.492973
          ],
          [
            20.179411,
            50.480414
          ],
          [
            20.178999,
            50.478572
          ],
          [
            20.178918,
            50.476974
          ],
          [
            20.179072,
            50.475758
          ],
          [
            20.180003,
            50.473078
          ],
          [
            20.180633,
            50.472029
          ],
          [
            20.181937,
            50.470408
          ],
          [
            20.185919,
            50.466889
          ],
          [
            20.187543,
            50.465218
          ],
          [
            20.188969,
            50.462779
          ],
          [
            20.189487,
            50.460381
          ],
          [
            20.189492,
            50.447415
          ],
          [
            20.189259,
            50.444501
          ],
          [
            20.188113,
            50.436926
          ],
          [
            20.187469,
            50.434518
          ],
          [
            20.186595,
            50.432302
          ],
          [
            20.184999,
            50.429541
          ],
          [
            20.183179,
            50.427198
          ],
          [
            20.181859,
            50.425783
          ],
          [
            20.178711,
            50.423058
          ],
          [
            20.167835,
            50.415021
          ],
          [
            20.164894,
            50.413284
          ],
          [
            20.163152,
            50.412436
          ],
          [
            20.155806,
            50.409424
          ],
          [
            20.152572,
            50.407821
          ],
          [
            20.15009,
            50.406258
          ],
          [
            20.14613,
            50.403184
          ],
          [
            20.144291,
            50.4021
          ],
          [
            20.141127,
            50.400787
          ],
          [
            20.128666,
            50.397086
          ],
          [
            20.124927,
            50.39579
          ],
          [
            20.121404,
            50.394208
          ],
          [
            20.117628,
            50.391971
          ],
          [
            20.097888,
            50.376733
          ],
          [
            20.094091,
            50.373255
          ],
          [
            20.091623,
            50.370563
          ],
          [
            20.088882,
            50.366925
          ],
          [
            20.087137,
            50.364063
          ],
          [
            20.084442,
            50.358613
          ],
          [
            20.082756,
            50.355997
          ],
          [
            20.082262,
            50.355413
          ]
        ]
      }
    },
    {
      "type": "Feature",
      "properties": {
        "geometryRef": "miechow-szczepanowice",
        "_source": "OSM"
      },
      "geometry": {
        "type": "LineString",
        "coordinates": [
          [
            20.082262,
            50.355413
          ],
          [
            20.080692,
            50.353555
          ],
          [
            20.077882,
            50.350934
          ],
          [
            20.074168,
            50.348286
          ],
          [
            20.069445,
            50.345727
          ],
          [
            20.048467,
            50.337242
          ],
          [
            20.045663,
            50.33549
          ],
          [
            20.044678,
            50.334657
          ],
          [
            20.043128,
            50.33286
          ],
          [
            20.042525,
            50.331806
          ],
          [
            20.041857,
            50.330069
          ],
          [
            20.041318,
            50.323754
          ],
          [
            20.040779,
            50.321688
          ],
          [
            20.039854,
            50.319403
          ]
        ]
      }
    },
    {
      "type": "Feature",
      "properties": {
        "geometryRef": "szczepanowice-widoma",
        "_source": "OSM"
      },
      "geometry": {
        "type": "LineString",
        "coordinates": [
          [
            20.039854,
            50.319403
          ],
          [
            20.039841,
            50.319372
          ],
          [
            20.037766,
            50.316003
          ],
          [
            20.02968,
            50.30479
          ],
          [
            20.02836,
            50.302389
          ],
          [
            20.027461,
            50.300051
          ],
          [
            20.024746,
            50.291037
          ],
          [
            20.02073,
            50.275752
          ],
          [
            20.020384,
            50.272919
          ],
          [
            20.01989,
            50.2621
          ],
          [
            20.019443,
            50.259468
          ],
          [
            20.01827,
            50.255934
          ],
          [
            20.015358,
            50.250245
          ],
          [
            20.014338,
            50.247836
          ],
          [
            20.012353,
            50.240012
          ],
          [
            20.01193,
            50.23685
          ],
          [
            20.011933,
            50.234744
          ],
          [
            20.013561,
            50.223101
          ],
          [
            20.014468,
            50.218441
          ],
          [
            20.016793,
            50.210601
          ]
        ]
      }
    },
    {
      "type": "Feature",
      "properties": {
        "geometryRef": "widoma-krakow-mistrzejowice",
        "_source": "OSM"
      },
      "geometry": {
        "type": "LineString",
        "coordinates": [
          [
            20.016793,
            50.210601
          ],
          [
            20.019964,
            50.199833
          ],
          [
            20.02087,
            50.19294
          ],
          [
            20.021362,
            50.191745
          ],
          [
            20.022142,
            50.190479
          ],
          [
            20.023412,
            50.189113
          ],
          [
            20.02601,
            50.18731
          ],
          [
            20.02824,
            50.186258
          ],
          [
            20.030321,
            50.185617
          ],
          [
            20.032404,
            50.185165
          ],
          [
            20.039489,
            50.184365
          ],
          [
            20.045259,
            50.183469
          ],
          [
            20.048518,
            50.182427
          ],
          [
            20.050185,
            50.181757
          ],
          [
            20.053218,
            50.179967
          ],
          [
            20.055872,
            50.177509
          ],
          [
            20.057,
            50.17602
          ],
          [
            20.05761,
            50.17474
          ],
          [
            20.058145,
            50.172776
          ],
          [
            20.0589,
            50.156244
          ],
          [
            20.058909,
            50.154255
          ],
          [
            20.058643,
            50.152693
          ],
          [
            20.057937,
            50.151119
          ],
          [
            20.056547,
            50.149432
          ],
          [
            20.054454,
            50.1478
          ],
          [
            20.05102,
            50.14554
          ],
          [
            20.0503,
            50.14489
          ],
          [
            20.0489,
            50.14302
          ],
          [
            20.04564,
            50.13368
          ],
          [
            20.044645,
            50.129066
          ],
          [
            20.04446,
            50.12541
          ],
          [
            20.044829,
            50.122265
          ],
          [
            20.045753,
            50.117908
          ],
          [
            20.04576,
            50.116281
          ],
          [
            20.045535,
            50.11496
          ],
          [
            20.04447,
            50.112756
          ],
          [
            20.043145,
            50.111122
          ],
          [
            20.035565,
            50.104157
          ]
        ]
      }
    },
    {
      "type": "Feature",
      "properties": {
        "geometryRef": "lubien-naprawa",
        "_source": "OSM"
      },
      "geometry": {
        "type": "LineString",
        "coordinates": [
          [
            19.963836,
            49.701878
          ],
          [
            19.963668,
            49.701783
          ],
          [
            19.962505,
            49.701386
          ],
          [
            19.961332,
            49.701241
          ],
          [
            19.960391,
            49.701296
          ],
          [
            19.957209,
            49.701951
          ],
          [
            19.955064,
            49.702136
          ],
          [
            19.952856,
            49.702038
          ],
          [
            19.950992,
            49.701724
          ],
          [
            19.948596,
            49.700956
          ],
          [
            19.941768,
            49.697731
          ],
          [
            19.93903,
            49.696581
          ],
          [
            19.934986,
            49.695391
          ],
          [
            19.930948,
            49.694642
          ],
          [
            19.92735,
            49.694315
          ],
          [
            19.923888,
            49.694287
          ],
          [
            19.920576,
            49.694525
          ],
          [
            19.91478,
            49.695292
          ],
          [
            19.912213,
            49.695366
          ],
          [
            19.908824,
            49.695073
          ],
          [
            19.905205,
            49.694208
          ],
          [
            19.903215,
            49.693441
          ],
          [
            19.901252,
            49.692403
          ],
          [
            19.899853,
            49.691426
          ],
          [
            19.898487,
            49.690211
          ],
          [
            19.889939,
            49.679853
          ],
          [
            19.88856,
            49.677717
          ],
          [
            19.887833,
            49.675787
          ],
          [
            19.887544,
            49.673487
          ],
          [
            19.887857,
            49.67127
          ],
          [
            19.888351,
            49.669968
          ]
        ]
      }
    },
    {
      "type": "Feature",
      "properties": {
        "geometryRef": "naprawa-skomielna-biala",
        "_source": "OSM"
      },
      "geometry": {
        "type": "LineString",
        "coordinates": [
          [
            19.888351,
            49.669968
          ],
          [
            19.888625,
            49.669245
          ],
          [
            19.889295,
            49.668111
          ],
          [
            19.890449,
            49.666654
          ],
          [
            19.900177,
            49.656367
          ],
          [
            19.902206,
            49.6539
          ],
          [
            19.905462,
            49.648366
          ],
          [
            19.906104,
            49.64718
          ]
        ]
      }
    },
    {
      "type": "Feature",
      "properties": {
        "geometryRef": "skomielna-biala-rabka",
        "_source": "OSM"
      },
      "geometry": {
        "type": "LineString",
        "coordinates": [
          [
            19.906104,
            49.64718
          ],
          [
            19.910683,
            49.638724
          ],
          [
            19.915587,
            49.63185
          ],
          [
            19.916521,
            49.630156
          ],
          [
            19.919259,
            49.623897
          ],
          [
            19.920512,
            49.621891
          ],
          [
            19.924307,
            49.616615
          ],
          [
            19.925302,
            49.614745
          ],
          [
            19.92579,
            49.613154
          ],
          [
            19.925997,
            49.611287
          ],
          [
            19.92583,
            49.609561
          ],
          [
            19.925195,
            49.607563
          ]
        ]
      }
    }
  ]
}
