{
  "type": "FeatureCollection",
  "features": [
    {
      "type": "Feature",
      "properties": {
        "geometryRef": "wroclaw-psie-pole-olesnica-zachod",
        "_source": "OSM"
      },
      "geometry": {
        "type": "LineString",
        "coordinates": [
          [
            17.085321,
            51.175079
          ],
          [
            17.08903,
            51.176779
          ],
          [
            17.095145,
            51.179408
          ],
          [
            17.099164,
            51.181169
          ],
          [
            17.102664,
            51.183047
          ],
          [
            17.105792,
            51.185295
          ],
          [
            17.108321,
            51.187737
          ],
          [
            17.111719,
            51.191493
          ],
          [
            17.114167,
            51.19421
          ],
          [
            17.117162,
            51.197518
          ],
          [
            17.11996,
            51.200615
          ],
          [
            17.122167,
            51.203058
          ],
          [
            17.125304,
            51.206521
          ],
          [
            17.127718,
            51.209006
          ],
          [
            17.130406,
            51.211358
          ],
          [
            17.133323,
            51.213529
          ],
          [
            17.136399,
            51.215483
          ],
          [
            17.140618,
            51.217739
          ],
          [
            17.144713,
            51.219541
          ],
          [
            17.149012,
            51.221107
          ],
          [
            17.153947,
            51.22254
          ],
          [
            17.158015,
            51.223468
          ],
          [
            17.162302,
            51.224218
          ],
          [
            17.166906,
            51.224775
          ],
          [
            17.171435,
            51.225095
          ],
          [
            17.177413,
            51.225243
          ],
          [
            17.183208,
            51.225319
          ],
          [
            17.189004,
            51.225397
          ],
          [
            17.194462,
            51.225469
          ],
          [
            17.199158,
            51.225536
          ],
          [
            17.204052,
            51.2257
          ],
          [
            17.209184,
            51.226074
          ],
          [
            17.227101,
            51.228182
          ],
          [
            17.233004,
            51.228891
          ],
          [
            17.237581,
            51.229372
          ],
          [
            17.242374,
            51.22959
          ],
          [
            17.247362,
            51.229501
          ],
          [
            17.253127,
            51.228994
          ],
          [
            17.265087,
            51.227588
          ],
          [
            17.279826,
            51.225857
          ],
          [
            17.287958,
            51.224902
          ],
          [
            17.292195,
            51.224401
          ],
          [
            17.299323,
            51.223565
          ],
          [
            17.304744,
            51.222929
          ],
          [
            17.309319,
            51.222385
          ],
          [
            17.313907,
            51.221953
          ],
          [
            17.318345,
            51.221738
          ],
          [
            17.323658,
            51.221742
          ],
          [
            17.328273,
            51.221977
          ],
          [
            17.332552,
            51.222387
          ],
          [
            17.337435,
            51.223098
          ],
          [
            17.341846,
            51.223912
          ],
          [
            17.348438,
            51.225146
          ],
          [
            17.357023,
            51.226752
          ],
          [
            17.361184,
            51.227527
          ],
          [
            17.366707,
            51.228556
          ],
          [
            17.367312,
            51.228669
          ]
        ]
      }
    },
    {
      "type": "Feature",
      "properties": {
        "geometryRef": "olesnica-obwodnica",
        "_source": "OSM"
      },
      "geometry": {
        "type": "LineString",
        "coordinates": [
          [
            17.367312,
            51.228669
          ],
          [
            17.374364,
            51.229998
          ],
          [
            17.3792,
            51.230902
          ],
          [
            17.384333,
            51.231859
          ],
          [
            17.388855,
            51.23272
          ],
          [
            17.393036,
            51.233482
          ],
          [
            17.397988,
            51.234165
          ],
          [
            17.402529,
            51.234321
          ],
          [
            17.407653,
            51.233946
          ],
          [
            17.419084,
            51.231904
          ],
          [
            17.426746,
            51.230478
          ],
          [
            17.431057,
            51.229555
          ],
          [
            17.435298,
            51.228169
          ],
          [
            17.439587,
            51.227046
          ],
          [
            17.444086,
            51.22637
          ],
          [
            17.448506,
            51.226158
          ],
          [
            17.453299,
            51.226412
          ],
          [
            17.467112,
            51.228795
          ],
          [
            17.471669,
            51.229706
          ],
          [
            17.472244,
            51.229855
          ]
        ]
      }
    },
    {
      "type": "Feature",
      "properties": {
        "geometryRef": "olesnica-wschod-sycow-wschod",
        "_source": "OSM"
      },
      "geometry": {
        "type": "LineString",
        "coordinates": [
          [
            17.472244,
            51.229855
          ],
          [
            17.476851,
            51.231112
          ],
          [
            17.481731,
            51.232796
          ],
          [
            17.493117,
            51.237482
          ],
          [
            17.499342,
            51.240054
          ],
          [
            17.504848,
            51.242329
          ],
          [
            17.513343,
            51.245835
          ],
          [
            17.52208,
            51.249446
          ],
          [
            17.533315,
            51.254083
          ],
          [
            17.536856,
            51.255627
          ],
          [
            17.540267,
            51.257404
          ],
          [
            17.543647,
            51.2596
          ],
          [
            17.546595,
            51.261999
          ],
          [
            17.549079,
            51.26452
          ],
          [
            17.554723,
            51.270823
          ],
          [
            17.557024,
            51.273153
          ],
          [
            17.560045,
            51.27552
          ],
          [
            17.570096,
            51.282195
          ],
          [
            17.57312,
            51.284408
          ],
          [
            17.575802,
            51.286966
          ],
          [
            17.580918,
            51.293095
          ],
          [
            17.583091,
            51.295473
          ],
          [
            17.585887,
            51.297836
          ],
          [
            17.589536,
            51.300161
          ],
          [
            17.593361,
            51.301994
          ],
          [
            17.597288,
            51.303411
          ],
          [
            17.601467,
            51.304503
          ],
          [
            17.605973,
            51.305276
          ],
          [
            17.610701,
            51.305676
          ],
          [
            17.615057,
            51.305692
          ],
          [
            17.619363,
            51.305383
          ],
          [
            17.623837,
            51.304709
          ],
          [
            17.644405,
            51.300846
          ],
          [
            17.651488,
            51.299514
          ],
          [
            17.665224,
            51.29693
          ],
          [
            17.669734,
            51.2962
          ],
          [
            17.674543,
            51.295742
          ],
          [
            17.67892,
            51.295488
          ],
          [
            17.6843,
            51.295189
          ],
          [
            17.708617,
            51.293817
          ],
          [
            17.72416,
            51.293707
          ],
          [
            17.728982,
            51.293968
          ],
          [
            17.734747,
            51.294993
          ],
          [
            17.740326,
            51.29607
          ],
          [
            17.746814,
            51.297325
          ],
          [
            17.751123,
            51.298136
          ],
          [
            17.755576,
            51.298801
          ],
          [
            17.760005,
            51.299403
          ],
          [
            17.764254,
            51.299978
          ],
          [
            17.767056,
            51.300358
          ]
        ]
      }
    },
    {
      "type": "Feature",
      "properties": {
        "geometryRef": "sycow-kepno",
        "_source": "OSM"
      },
      "geometry": {
        "type": "LineString",
        "coordinates": [
          [
            17.767056,
            51.300358
          ],
          [
            17.771379,
            51.301086
          ],
          [
            17.775767,
            51.302232
          ],
          [
            17.780281,
            51.303194
          ],
          [
            17.784806,
            51.303678
          ],
          [
            17.789427,
            51.303699
          ],
          [
            17.793769,
            51.303287
          ],
          [
            17.797903,
            51.302478
          ],
          [
            17.802635,
            51.300969
          ],
          [
            17.807104,
            51.299175
          ],
          [
            17.811173,
            51.29765
          ],
          [
            17.815213,
            51.296597
          ],
          [
            17.819492,
            51.295927
          ],
          [
            17.823829,
            51.295676
          ],
          [
            17.830173,
            51.295817
          ],
          [
            17.843864,
            51.296216
          ],
          [
            17.84819,
            51.296456
          ],
          [
            17.853212,
            51.297026
          ],
          [
            17.857981,
            51.297862
          ],
          [
            17.863058,
            51.29886
          ],
          [
            17.867297,
            51.299521
          ],
          [
            17.871913,
            51.299969
          ],
          [
            17.876735,
            51.300143
          ],
          [
            17.881193,
            51.300056
          ],
          [
            17.891907,
            51.299576
          ],
          [
            17.8965,
            51.299528
          ],
          [
            17.9011,
            51.299948
          ],
          [
            17.905695,
            51.300897
          ],
          [
            17.909606,
            51.302183
          ],
          [
            17.913803,
            51.303806
          ],
          [
            17.918762,
            51.305729
          ],
          [
            17.922681,
            51.307237
          ],
          [
            17.926792,
            51.308649
          ],
          [
            17.931571,
            51.309933
          ],
          [
            17.93592,
            51.310802
          ],
          [
            17.969063,
            51.316214
          ],
          [
            17.973711,
            51.316854
          ],
          [
            17.978354,
            51.317223
          ],
          [
            17.983843,
            51.317306
          ],
          [
            17.988626,
            51.317084
          ],
          [
            17.99138,
            51.316895
          ],
          [
            17.99743,
            51.316465
          ],
          [
            18.004261,
            51.315987
          ],
          [
            18.008815,
            51.315707
          ]
        ]
      }
    },
    {
      "type": "Feature",
      "properties": {
        "geometryRef": "kepno-wieruszow",
        "_source": "OSM"
      },
      "geometry": {
        "type": "LineString",
        "coordinates": [
          [
            18.008815,
            51.315707
          ],
          [
            18.008994,
            51.315696
          ],
          [
            18.013949,
            51.315648
          ],
          [
            18.019581,
            51.315956
          ],
          [
            18.025857,
            51.316563
          ],
          [
            18.038398,
            51.317776
          ],
          [
            18.052715,
            51.319164
          ],
          [
            18.057243,
            51.319694
          ],
          [
            18.061648,
            51.320448
          ],
          [
            18.065973,
            51.321449
          ],
          [
            18.069962,
            51.322641
          ],
          [
            18.074329,
            51.324281
          ],
          [
            18.079925,
            51.326701
          ],
          [
            18.084222,
            51.328567
          ],
          [
            18.08905,
            51.330669
          ],
          [
            18.09368,
            51.332682
          ],
          [
            18.097537,
            51.334276
          ],
          [
            18.10168,
            51.335658
          ],
          [
            18.105857,
            51.336685
          ],
          [
            18.110327,
            51.337433
          ],
          [
            18.11478,
            51.337846
          ],
          [
            18.119093,
            51.337951
          ],
          [
            18.124152,
            51.33769
          ],
          [
            18.128546,
            51.337128
          ],
          [
            18.133338,
            51.336135
          ],
          [
            18.137424,
            51.334931
          ],
          [
            18.141143,
            51.333506
          ],
          [
            18.144749,
            51.33175
          ],
          [
            18.148396,
            51.329495
          ],
          [
            18.151518,
            51.327316
          ],
          [
            18.155258,
            51.324692
          ],
          [
            18.158671,
            51.322295
          ],
          [
            18.162094,
            51.31989
          ],
          [
            18.1653,
            51.317636
          ],
          [
            18.16845,
            51.315466
          ],
          [
            18.172009,
            51.313285
          ],
          [
            18.175752,
            51.311388
          ],
          [
            18.179977,
            51.309631
          ],
          [
            18.184136,
            51.308238
          ],
          [
            18.186603,
            51.307549
          ]
        ]
      }
    },
    {
      "type": "Feature",
      "properties": {
        "geometryRef": "wieruszow-wielun",
        "_source": "OSM"
      },
      "geometry": {
        "type": "LineString",
        "coordinates": [
          [
            18.186603,
            51.307549
          ],
          [
            18.190969,
            51.306555
          ],
          [
            18.195175,
            51.305851
          ],
          [
            18.200325,
            51.305302
          ],
          [
            18.205813,
            51.305079
          ],
          [
            18.211219,
            51.305212
          ],
          [
            18.216098,
            51.305646
          ],
          [
            18.220538,
            51.306305
          ],
          [
            18.225811,
            51.307378
          ],
          [
            18.230459,
            51.308408
          ],
          [
            18.234848,
            51.309382
          ],
          [
            18.241034,
            51.310749
          ],
          [
            18.24625,
            51.311904
          ],
          [
            18.255456,
            51.313941
          ],
          [
            18.260852,
            51.315018
          ],
          [
            18.265341,
            51.315734
          ],
          [
            18.274808,
            51.317072
          ],
          [
            18.280089,
            51.317819
          ],
          [
            18.288776,
            51.319047
          ],
          [
            18.304353,
            51.321246
          ],
          [
            18.316283,
            51.322925
          ],
          [
            18.321111,
            51.323447
          ],
          [
            18.325777,
            51.323597
          ],
          [
            18.330517,
            51.323401
          ],
          [
            18.335594,
            51.322787
          ],
          [
            18.340839,
            51.321722
          ],
          [
            18.348261,
            51.320081
          ],
          [
            18.352982,
            51.319119
          ],
          [
            18.357336,
            51.318465
          ],
          [
            18.369553,
            51.317391
          ],
          [
            18.376098,
            51.316863
          ],
          [
            18.392611,
            51.315533
          ],
          [
            18.400342,
            51.314901
          ],
          [
            18.402028,
            51.314789
          ]
        ]
      }
    },
    {
      "type": "Feature",
      "properties": {
        "geometryRef": "wielun-zloczew",
        "_source": "OSM"
      },
      "geometry": {
        "type": "LineString",
        "coordinates": [
          [
            18.402028,
            51.314789
          ],
          [
            18.406355,
            51.314687
          ],
          [
            18.410681,
            51.314855
          ],
          [
            18.415538,
            51.315377
          ],
          [
            18.420099,
            51.316207
          ],
          [
            18.424306,
            51.317292
          ],
          [
            18.42847,
            51.318708
          ],
          [
            18.432356,
            51.320385
          ],
          [
            18.435879,
            51.322306
          ],
          [
            18.439903,
            51.325029
          ],
          [
            18.443641,
            51.327285
          ],
          [
            18.44749,
            51.329093
          ],
          [
            18.451564,
            51.330562
          ],
          [
            18.455931,
            51.331735
          ],
          [
            18.460392,
            51.332565
          ],
          [
            18.465263,
            51.333334
          ],
          [
            18.473278,
            51.334588
          ],
          [
            18.477719,
            51.335341
          ],
          [
            18.48189,
            51.336226
          ],
          [
            18.486404,
            51.337388
          ],
          [
            18.490463,
            51.338628
          ],
          [
            18.494405,
            51.340043
          ],
          [
            18.498656,
            51.341807
          ],
          [
            18.50246,
            51.343645
          ],
          [
            18.506247,
            51.345734
          ],
          [
            18.509664,
            51.347881
          ],
          [
            18.513457,
            51.350337
          ],
          [
            18.517189,
            51.352757
          ],
          [
            18.521457,
            51.355537
          ],
          [
            18.524773,
            51.357685
          ],
          [
            18.527839,
            51.359869
          ],
          [
            18.530566,
            51.362065
          ],
          [
            18.534006,
            51.365218
          ],
          [
            18.53831,
            51.369148
          ],
          [
            18.541128,
            51.371736
          ],
          [
            18.546446,
            51.376582
          ],
          [
            18.54911,
            51.378965
          ],
          [
            18.551956,
            51.381109
          ],
          [
            18.555567,
            51.383422
          ],
          [
            18.559348,
            51.385444
          ],
          [
            18.563344,
            51.387235
          ],
          [
            18.567529,
            51.388792
          ],
          [
            18.572704,
            51.39033
          ],
          [
            18.57711,
            51.391344
          ],
          [
            18.582813,
            51.392362
          ],
          [
            18.591151,
            51.393808
          ],
          [
            18.595429,
            51.394553
          ],
          [
            18.6,
            51.395342
          ],
          [
            18.606609,
            51.396487
          ],
          [
            18.610834,
            51.397374
          ],
          [
            18.615266,
            51.398592
          ],
          [
            18.619528,
            51.400045
          ],
          [
            18.623051,
            51.401494
          ]
        ]
      }
    },
    {
      "type": "Feature",
      "properties": {
        "geometryRef": "zloczew-sieradz-poludnie",
        "_source": "OSM"
      },
      "geometry": {
        "type": "LineString",
        "coordinates": [
          [
            18.623051,
            51.401494
          ],
          [
            18.626594,
            51.403211
          ],
          [
            18.630083,
            51.405226
          ],
          [
            18.63314,
            51.407323
          ],
          [
            18.636059,
            51.409694
          ],
          [
            18.638945,
            51.412563
          ],
          [
            18.641367,
            51.415596
          ],
          [
            18.643127,
            51.418444
          ],
          [
            18.644403,
            51.421179
          ],
          [
            18.64534,
            51.424114
          ],
          [
            18.645968,
            51.42797
          ],
          [
            18.646002,
            51.4377
          ],
          [
            18.64601,
            51.443249
          ],
          [
            18.646208,
            51.446143
          ],
          [
            18.646735,
            51.448826
          ],
          [
            18.647759,
            51.451933
          ],
          [
            18.649208,
            51.454968
          ],
          [
            18.650983,
            51.457746
          ],
          [
            18.652907,
            51.460192
          ],
          [
            18.655667,
            51.463053
          ],
          [
            18.658358,
            51.46541
          ],
          [
            18.661275,
            51.467912
          ],
          [
            18.66431,
            51.470642
          ],
          [
            18.666975,
            51.473343
          ],
          [
            18.676862,
            51.4849
          ],
          [
            18.678922,
            51.487308
          ],
          [
            18.682002,
            51.490958
          ],
          [
            18.684338,
            51.49388
          ],
          [
            18.686398,
            51.496798
          ],
          [
            18.688123,
            51.499589
          ],
          [
            18.689948,
            51.503008
          ],
          [
            18.691374,
            51.506235
          ],
          [
            18.692528,
            51.509456
          ],
          [
            18.69336,
            51.512419
          ],
          [
            18.694025,
            51.515686
          ],
          [
            18.6947,
            51.520618
          ],
          [
            18.69524,
            51.52462
          ],
          [
            18.695705,
            51.528089
          ],
          [
            18.696142,
            51.531344
          ],
          [
            18.696524,
            51.534185
          ],
          [
            18.69704,
            51.536884
          ],
          [
            18.698097,
            51.539865
          ],
          [
            18.6998,
            51.542983
          ],
          [
            18.701788,
            51.545644
          ],
          [
            18.704078,
            51.548039
          ],
          [
            18.706799,
            51.550333
          ],
          [
            18.70986,
            51.552443
          ],
          [
            18.713782,
            51.554623
          ],
          [
            18.717884,
            51.556437
          ],
          [
            18.722225,
            51.55795
          ],
          [
            18.725002,
            51.558693
          ]
        ]
      }
    },
    {
      "type": "Feature",
      "properties": {
        "geometryRef": "sieradz-poludnie-lask",
        "_source": "OSM"
      },
      "geometry": {
        "type": "LineString",
        "coordinates": [
          [
            18.725002,
            51.558693
          ],
          [
            18.729578,
            51.559719
          ],
          [
            18.733978,
            51.560374
          ],
          [
            18.738389,
            51.56076
          ],
          [
            18.743795,
            51.56115
          ],
          [
            18.750994,
            51.561664
          ],
          [
            18.75579,
            51.562158
          ],
          [
            18.760975,
            51.562953
          ],
          [
            18.7652,
            51.563822
          ],
          [
            18.769504,
            51.564913
          ],
          [
            18.774008,
            51.566305
          ],
          [
            18.778008,
            51.567785
          ],
          [
            18.781871,
            51.569457
          ],
          [
            18.785987,
            51.57154
          ],
          [
            18.789518,
            51.573632
          ],
          [
            18.792472,
            51.575667
          ],
          [
            18.799075,
            51.581084
          ],
          [
            18.801876,
            51.583449
          ],
          [
            18.805313,
            51.585876
          ],
          [
            18.809087,
            51.587979
          ],
          [
            18.812965,
            51.589716
          ],
          [
            18.81677,
            51.591055
          ],
          [
            18.820986,
            51.592197
          ],
          [
            18.826561,
            51.593265
          ],
          [
            18.831973,
            51.5942
          ],
          [
            18.836226,
            51.594933
          ],
          [
            18.84082,
            51.595724
          ],
          [
            18.848565,
            51.597072
          ],
          [
            18.853465,
            51.597869
          ],
          [
            18.858188,
            51.598332
          ],
          [
            18.862687,
            51.598449
          ],
          [
            18.867209,
            51.598252
          ],
          [
            18.871816,
            51.597713
          ],
          [
            18.876429,
            51.596819
          ],
          [
            18.881136,
            51.595477
          ],
          [
            18.884873,
            51.594054
          ],
          [
            18.888397,
            51.592373
          ],
          [
            18.892041,
            51.590151
          ],
          [
            18.897796,
            51.586233
          ],
          [
            18.901911,
            51.583698
          ],
          [
            18.905347,
            51.581975
          ],
          [
            18.909699,
            51.580187
          ],
          [
            18.913762,
            51.578846
          ],
          [
            18.918238,
            51.577692
          ],
          [
            18.92258,
            51.57685
          ],
          [
            18.927228,
            51.576241
          ],
          [
            18.933036,
            51.57573
          ],
          [
            18.940556,
            51.575075
          ],
          [
            18.945669,
            51.574515
          ],
          [
            18.950828,
            51.573642
          ],
          [
            18.956549,
            51.572344
          ],
          [
            18.962315,
            51.571017
          ],
          [
            18.967932,
            51.569703
          ],
          [
            18.972384,
            51.568679
          ],
          [
            18.978164,
            51.567341
          ],
          [
            18.983379,
            51.566075
          ],
          [
            18.98863,
            51.564658
          ],
          [
            18.997216,
            51.562273
          ],
          [
            19.001285,
            51.56115
          ],
          [
            19.005506,
            51.560164
          ],
          [
            19.010149,
            51.559461
          ],
          [
            19.014586,
            51.55911
          ],
          [
            19.019164,
            51.559068
          ],
          [
            19.02364,
            51.559344
          ],
          [
            19.028069,
            51.559829
          ],
          [
            19.032959,
            51.560141
          ],
          [
            19.038466,
            51.560157
          ],
          [
            19.04318,
            51.559883
          ],
          [
            19.047465,
            51.559402
          ],
          [
            19.052,
            51.558642
          ],
          [
            19.056734,
            51.557726
          ],
          [
            19.061192,
            51.556851
          ],
          [
            19.067402,
            51.555646
          ],
          [
            19.071882,
            51.554773
          ],
          [
            19.076543,
            51.55401
          ],
          [
            19.080939,
            51.55352
          ],
          [
            19.086495,
            51.553209
          ],
          [
            19.091499,
            51.553213
          ],
          [
            19.096209,
            51.553462
          ],
          [
            19.100953,
            51.553963
          ],
          [
            19.106415,
            51.554866
          ],
          [
            19.11093,
            51.555878
          ],
          [
            19.117033,
            51.557653
          ],
          [
            19.12138,
            51.558913
          ],
          [
            19.125793,
            51.560022
          ],
          [
            19.130134,
            51.560947
          ],
          [
            19.137844,
            51.562427
          ],
          [
            19.1478,
            51.56433
          ],
          [
            19.155446,
            51.565795
          ],
          [
            19.160351,
            51.566938
          ],
          [
            19.166322,
            51.568788
          ],
          [
            19.171247,
            51.570735
          ],
          [
            19.175036,
            51.572571
          ],
          [
            19.178776,
            51.574518
          ],
          [
            19.178782,
            51.574521
          ]
        ]
      }
    },
    {
      "type": "Feature",
      "properties": {
        "geometryRef": "lask-roza",
        "_source": "OSM"
      },
      "geometry": {
        "type": "LineString",
        "coordinates": [
          [
            19.178782,
            51.574521
          ],
          [
            19.18478,
            51.57765
          ],
          [
            19.192618,
            51.58173
          ],
          [
            19.196487,
            51.58374
          ],
          [
            19.200103,
            51.58548
          ],
          [
            19.203811,
            51.587076
          ],
          [
            19.207525,
            51.588509
          ],
          [
            19.211665,
            51.589918
          ],
          [
            19.21622,
            51.591267
          ],
          [
            19.220757,
            51.592419
          ],
          [
            19.22503,
            51.593325
          ],
          [
            19.229312,
            51.594003
          ],
          [
            19.240904,
            51.595395
          ],
          [
            19.246887,
            51.596111
          ],
          [
            19.251317,
            51.59664
          ],
          [
            19.256745,
            51.597286
          ],
          [
            19.261219,
            51.59782
          ],
          [
            19.266845,
            51.598487
          ],
          [
            19.272771,
            51.599201
          ],
          [
            19.277597,
            51.599833
          ],
          [
            19.281858,
            51.600641
          ]
        ]
      }
    },
    {
      "type": "Feature",
      "properties": {
        "geometryRef": "roza-rzgow",
        "_source": "OSM"
      },
      "geometry": {
        "type": "LineString",
        "coordinates": [
          [
            19.281858,
            51.600641
          ],
          [
            19.282314,
            51.600728
          ],
          [
            19.286626,
            51.601838
          ],
          [
            19.291665,
            51.603498
          ],
          [
            19.293044,
            51.603962
          ],
          [
            19.297604,
            51.605249
          ],
          [
            19.301936,
            51.606146
          ],
          [
            19.306223,
            51.606754
          ],
          [
            19.310869,
            51.60712
          ],
          [
            19.318919,
            51.607561
          ],
          [
            19.327948,
            51.608053
          ],
          [
            19.333569,
            51.60836
          ],
          [
            19.339464,
            51.608681
          ],
          [
            19.343893,
            51.609038
          ],
          [
            19.348445,
            51.609584
          ],
          [
            19.352709,
            51.610273
          ],
          [
            19.357157,
            51.611174
          ],
          [
            19.361595,
            51.61228
          ],
          [
            19.365669,
            51.613493
          ],
          [
            19.370449,
            51.615175
          ],
          [
            19.374111,
            51.616676
          ],
          [
            19.378402,
            51.618705
          ],
          [
            19.381983,
            51.62064
          ],
          [
            19.385562,
            51.622439
          ],
          [
            19.38995,
            51.624275
          ],
          [
            19.396793,
            51.626569
          ],
          [
            19.401086,
            51.627925
          ],
          [
            19.405677,
            51.629137
          ],
          [
            19.409976,
            51.629937
          ],
          [
            19.415951,
            51.6308
          ],
          [
            19.420508,
            51.631459
          ],
          [
            19.425386,
            51.63216
          ],
          [
            19.429717,
            51.632783
          ],
          [
            19.434104,
            51.633232
          ],
          [
            19.438808,
            51.633401
          ],
          [
            19.443489,
            51.633249
          ],
          [
            19.44823,
            51.63292
          ],
          [
            19.453297,
            51.632771
          ],
          [
            19.458282,
            51.632837
          ],
          [
            19.463577,
            51.633144
          ],
          [
            19.470531,
            51.633897
          ],
          [
            19.478765,
            51.634904
          ],
          [
            19.484145,
            51.635553
          ],
          [
            19.48932,
            51.636186
          ],
          [
            19.494082,
            51.636915
          ],
          [
            19.49825,
            51.63786
          ],
          [
            19.502802,
            51.639256
          ],
          [
            19.50735,
            51.640867
          ],
          [
            19.512032,
            51.642126
          ],
          [
            19.512065,
            51.642132
          ]
        ]
      }
    },
    {
      "type": "Feature",
      "properties": {
        "geometryRef": "rzgow-lodz-poludnie",
        "_source": "OSM"
      },
      "geometry": {
        "type": "LineString",
        "coordinates": [
          [
            19.512065,
            51.642132
          ],
          [
            19.516569,
            51.642974
          ],
          [
            19.52109,
            51.643477
          ],
          [
            19.525877,
            51.643692
          ],
          [
            19.530327,
            51.643597
          ],
          [
            19.531675,
            51.643509
          ],
          [
            19.535927,
            51.642962
          ],
          [
            19.54029,
            51.642521
          ],
          [
            19.545684,
            51.642014
          ],
          [
            19.550111,
            51.641531
          ],
          [
            19.554398,
            51.641061
          ],
          [
            19.558774,
            51.640587
          ],
          [
            19.564244,
            51.639969
          ],
          [
            19.56808,
            51.638808
          ],
          [
            19.568679,
            51.638309
          ]
        ]
      }
    },
    {
      "type": "Feature",
      "properties": {
        "geometryRef": "piotrkow-zachod-rawa-polnoc",
        "_source": "OSM"
      },
      "geometry": {
        "type": "LineString",
        "coordinates": [
          [
            19.644543,
            51.436397
          ],
          [
            19.647351,
            51.438561
          ],
          [
            19.651539,
            51.440541
          ],
          [
            19.655681,
            51.441645
          ],
          [
            19.660251,
            51.442153
          ],
          [
            19.664659,
            51.442142
          ],
          [
            19.670488,
            51.442033
          ],
          [
            19.67531,
            51.441978
          ],
          [
            19.680432,
            51.442061
          ],
          [
            19.684875,
            51.442234
          ],
          [
            19.689707,
            51.442531
          ],
          [
            19.696921,
            51.442996
          ],
          [
            19.702397,
            51.443336
          ],
          [
            19.706846,
            51.443534
          ],
          [
            19.7116,
            51.443648
          ],
          [
            19.716264,
            51.443664
          ],
          [
            19.722,
            51.443576
          ],
          [
            19.727592,
            51.443483
          ],
          [
            19.732199,
            51.443536
          ],
          [
            19.737535,
            51.44379
          ],
          [
            19.742044,
            51.444173
          ],
          [
            19.746524,
            51.444582
          ],
          [
            19.751267,
            51.445107
          ],
          [
            19.755512,
            51.445955
          ],
          [
            19.759799,
            51.447296
          ],
          [
            19.763752,
            51.449116
          ],
          [
            19.770792,
            51.453554
          ],
          [
            19.773797,
            51.455524
          ],
          [
            19.777017,
            51.457613
          ],
          [
            19.780814,
            51.460076
          ],
          [
            19.784015,
            51.462167
          ],
          [
            19.790194,
            51.46614
          ],
          [
            19.798912,
            51.471792
          ],
          [
            19.803233,
            51.474596
          ],
          [
            19.806282,
            51.4766
          ],
          [
            19.813067,
            51.481006
          ],
          [
            19.816517,
            51.483286
          ],
          [
            19.819661,
            51.485304
          ],
          [
            19.824797,
            51.488653
          ],
          [
            19.828413,
            51.491021
          ],
          [
            19.832611,
            51.492859
          ],
          [
            19.837059,
            51.493884
          ],
          [
            19.842498,
            51.495104
          ],
          [
            19.847037,
            51.496219
          ],
          [
            19.853044,
            51.497796
          ],
          [
            19.857143,
            51.498876
          ],
          [
            19.861549,
            51.500153
          ],
          [
            19.867977,
            51.502549
          ],
          [
            19.873675,
            51.504302
          ],
          [
            19.878186,
            51.505383
          ],
          [
            19.883047,
            51.505856
          ],
          [
            19.887587,
            51.506346
          ],
          [
            19.891716,
            51.507773
          ],
          [
            19.895965,
            51.5098
          ],
          [
            19.900475,
            51.511892
          ],
          [
            19.907114,
            51.514818
          ],
          [
            19.912896,
            51.517373
          ],
          [
            19.916552,
            51.518977
          ],
          [
            19.920445,
            51.520699
          ],
          [
            19.925066,
            51.521974
          ],
          [
            19.930962,
            51.522832
          ],
          [
            19.935675,
            51.523684
          ],
          [
            19.939603,
            51.524988
          ],
          [
            19.943321,
            51.52693
          ],
          [
            19.947413,
            51.529538
          ],
          [
            19.960936,
            51.538139
          ],
          [
            19.964496,
            51.540447
          ],
          [
            19.967675,
            51.542315
          ],
          [
            19.971833,
            51.544127
          ],
          [
            19.977716,
            51.546076
          ],
          [
            19.983574,
            51.547969
          ],
          [
            19.989206,
            51.549795
          ],
          [
            19.995146,
            51.551713
          ],
          [
            19.999081,
            51.553239
          ],
          [
            20.002738,
            51.555044
          ],
          [
            20.008506,
            51.558181
          ],
          [
            20.012469,
            51.560327
          ],
          [
            20.016835,
            51.562671
          ],
          [
            20.020357,
            51.564598
          ],
          [
            20.023452,
            51.566745
          ],
          [
            20.025704,
            51.570641
          ],
          [
            20.02765,
            51.574674
          ],
          [
            20.029389,
            51.578271
          ],
          [
            20.031252,
            51.58108
          ],
          [
            20.038449,
            51.587115
          ],
          [
            20.04138,
            51.589331
          ],
          [
            20.045325,
            51.591366
          ],
          [
            20.050201,
            51.593592
          ],
          [
            20.053927,
            51.59589
          ],
          [
            20.0565,
            51.598517
          ],
          [
            20.058432,
            51.601375
          ],
          [
            20.06015,
            51.604018
          ],
          [
            20.062352,
            51.606835
          ],
          [
            20.065555,
            51.609246
          ],
          [
            20.069305,
            51.610976
          ],
          [
            20.074249,
            51.612835
          ],
          [
            20.078131,
            51.614262
          ],
          [
            20.083959,
            51.616459
          ],
          [
            20.087856,
            51.617963
          ],
          [
            20.091769,
            51.62007
          ],
          [
            20.094468,
            51.622389
          ],
          [
            20.096517,
            51.62481
          ],
          [
            20.099051,
            51.627214
          ],
          [
            20.102112,
            51.629152
          ],
          [
            20.106564,
            51.63126
          ],
          [
            20.111531,
            51.633602
          ],
          [
            20.11687,
            51.636075
          ],
          [
            20.122526,
            51.638834
          ],
          [
            20.129871,
            51.642295
          ],
          [
            20.138893,
            51.646527
          ],
          [
            20.142385,
            51.648192
          ],
          [
            20.14702,
            51.652109
          ],
          [
            20.149998,
            51.654511
          ],
          [
            20.153835,
            51.656529
          ],
          [
            20.158795,
            51.658116
          ],
          [
            20.163135,
            51.659189
          ],
          [
            20.166738,
            51.66088
          ],
          [
            20.1711,
            51.664311
          ],
          [
            20.173879,
            51.666524
          ],
          [
            20.176668,
            51.668786
          ],
          [
            20.180053,
            51.671494
          ],
          [
            20.182746,
            51.673687
          ],
          [
            20.186826,
            51.676733
          ],
          [
            20.191334,
            51.679824
          ],
          [
            20.195413,
            51.682341
          ],
          [
            20.201214,
            51.685927
          ],
          [
            20.204488,
            51.687969
          ],
          [
            20.207653,
            51.690068
          ],
          [
            20.213329,
            51.694495
          ],
          [
            20.216533,
            51.697829
          ],
          [
            20.218993,
            51.701473
          ],
          [
            20.220204,
            51.704096
          ],
          [
            20.219572,
            51.708744
          ],
          [
            20.218856,
            51.712258
          ],
          [
            20.22071,
            51.716474
          ],
          [
            20.223605,
            51.721482
          ],
          [
            20.225109,
            51.724178
          ],
          [
            20.227845,
            51.728817
          ],
          [
            20.229463,
            51.731592
          ],
          [
            20.231756,
            51.73554
          ],
          [
            20.23327,
            51.738146
          ],
          [
            20.235511,
            51.742015
          ],
          [
            20.237313,
            51.744483
          ],
          [
            20.241066,
            51.747069
          ],
          [
            20.246613,
            51.750014
          ],
          [
            20.25064,
            51.752133
          ],
          [
            20.254016,
            51.754015
          ],
          [
            20.257168,
            51.755975
          ],
          [
            20.262597,
            51.759926
          ],
          [
            20.265821,
            51.762298
          ],
          [
            20.268698,
            51.764408
          ],
          [
            20.271397,
            51.767095
          ],
          [
            20.273087,
            51.769989
          ],
          [
            20.273937,
            51.772295
          ]
        ]
      }
    },
    {
      "type": "Feature",
      "properties": {
        "geometryRef": "rawa-polnoc-adamowice",
        "_source": "OSM"
      },
      "geometry": {
        "type": "LineString",
        "coordinates": [
          [
            20.273937,
            51.772295
          ],
          [
            20.274888,
            51.774974
          ],
          [
            20.276217,
            51.778688
          ],
          [
            20.277897,
            51.782301
          ],
          [
            20.28009,
            51.784845
          ],
          [
            20.284702,
            51.788513
          ],
          [
            20.296468,
            51.799636
          ],
          [
            20.299868,
            51.802793
          ],
          [
            20.302467,
            51.805234
          ],
          [
            20.312543,
            51.814624
          ],
          [
            20.315711,
            51.817695
          ],
          [
            20.32155,
            51.823322
          ],
          [
            20.324738,
            51.826188
          ],
          [
            20.328542,
            51.828544
          ],
          [
            20.334982,
            51.832114
          ],
          [
            20.338873,
            51.834264
          ],
          [
            20.3425,
            51.836253
          ],
          [
            20.348024,
            51.839305
          ],
          [
            20.351691,
            51.840959
          ],
          [
            20.356396,
            51.842242
          ],
          [
            20.360594,
            51.843502
          ],
          [
            20.366853,
            51.848308
          ],
          [
            20.371013,
            51.852229
          ],
          [
            20.377304,
            51.858164
          ],
          [
            20.380081,
            51.860793
          ],
          [
            20.382578,
            51.863303
          ],
          [
            20.384,
            51.865898
          ],
          [
            20.385935,
            51.870587
          ],
          [
            20.387073,
            51.873293
          ],
          [
            20.389135,
            51.876116
          ],
          [
            20.392362,
            51.878015
          ],
          [
            20.3972,
            51.879552
          ],
          [
            20.401776,
            51.880996
          ],
          [
            20.40914,
            51.883328
          ],
          [
            20.413088,
            51.8848
          ],
          [
            20.417846,
            51.888137
          ],
          [
            20.421737,
            51.891147
          ],
          [
            20.424516,
            51.893415
          ],
          [
            20.431592,
            51.899377
          ],
          [
            20.438835,
            51.905408
          ],
          [
            20.445732,
            51.91108
          ],
          [
            20.450637,
            51.915225
          ],
          [
            20.453578,
            51.917361
          ],
          [
            20.4574,
            51.920656
          ],
          [
            20.460746,
            51.923734
          ],
          [
            20.464004,
            51.92669
          ],
          [
            20.467788,
            51.928987
          ],
          [
            20.471762,
            51.931075
          ]
        ]
      }
    },
    {
      "type": "Feature",
      "properties": {
        "geometryRef": "adamowice-radziejowice",
        "_source": "OSM"
      },
      "geometry": {
        "type": "LineString",
        "coordinates": [
          [
            20.471762,
            51.931075
          ],
          [
            20.475445,
            51.934253
          ],
          [
            20.478102,
            51.937188
          ],
          [
            20.4848,
            51.944484
          ],
          [
            20.487045,
            51.946944
          ],
          [
            20.490115,
            51.950324
          ],
          [
            20.493825,
            51.954381
          ],
          [
            20.496688,
            51.957497
          ],
          [
            20.498583,
            51.96005
          ],
          [
            20.500377,
            51.964569
          ],
          [
            20.501539,
            51.96758
          ],
          [
            20.502864,
            51.97089
          ],
          [
            20.504017,
            51.97381
          ],
          [
            20.505657,
            51.976304
          ],
          [
            20.508501,
            51.978422
          ],
          [
            20.513448,
            51.980187
          ],
          [
            20.520988,
            51.981893
          ],
          [
            20.525961,
            51.983012
          ],
          [
            20.530994,
            51.984166
          ],
          [
            20.535522,
            51.985894
          ],
          [
            20.538998,
            51.988166
          ],
          [
            20.542245,
            51.990401
          ],
          [
            20.547619,
            51.994119
          ],
          [
            20.551478,
            51.996771
          ],
          [
            20.554738,
            51.998971
          ],
          [
            20.558623,
            52.001277
          ],
          [
            20.559938,
            52.001764
          ]
        ]
      }
    },
    {
      "type": "Feature",
      "properties": {
        "geometryRef": "radziejowice-przeszkoda",
        "_source": "OSM"
      },
      "geometry": {
        "type": "LineString",
        "coordinates": [
          [
            20.559938,
            52.001764
          ],
          [
            20.562614,
            52.002755
          ],
          [
            20.56742,
            52.003602
          ],
          [
            20.573605,
            52.003852
          ],
          [
            20.58242,
            52.004067
          ],
          [
            20.589387,
            52.004221
          ],
          [
            20.594127,
            52.004337
          ],
          [
            20.599534,
            52.005051
          ],
          [
            20.604521,
            52.007034
          ],
          [
            20.608322,
            52.00954
          ],
          [
            20.612475,
            52.011508
          ],
          [
            20.616403,
            52.013041
          ],
          [
            20.621186,
            52.014847
          ],
          [
            20.626024,
            52.016643
          ],
          [
            20.630669,
            52.018423
          ],
          [
            20.636466,
            52.020555
          ],
          [
            20.640506,
            52.021607
          ],
          [
            20.649151,
            52.023271
          ],
          [
            20.656662,
            52.024684
          ],
          [
            20.661681,
            52.025635
          ],
          [
            20.666573,
            52.026628
          ],
          [
            20.671409,
            52.028175
          ],
          [
            20.679276,
            52.030963
          ],
          [
            20.683551,
            52.032486
          ],
          [
            20.690221,
            52.034847
          ],
          [
            20.69459,
            52.036676
          ],
          [
            20.695546,
            52.037237
          ],
          [
            20.699172,
            52.040194
          ],
          [
            20.701744,
            52.042546
          ],
          [
            20.702302,
            52.042928
          ]
        ]
      }
    },
    {
      "type": "Feature",
      "properties": {
        "geometryRef": "przeszkoda-paszkow",
        "_source": "OSM"
      },
      "geometry": {
        "type": "LineString",
        "coordinates": [
          [
            20.702302,
            52.042928
          ],
          [
            20.705179,
            52.044896
          ],
          [
            20.711163,
            52.047834
          ],
          [
            20.714966,
            52.049699
          ],
          [
            20.718427,
            52.051372
          ],
          [
            20.723219,
            52.05368
          ],
          [
            20.730094,
            52.056981
          ],
          [
            20.733552,
            52.058658
          ],
          [
            20.737634,
            52.060647
          ],
          [
            20.743449,
            52.063487
          ],
          [
            20.748661,
            52.065995
          ],
          [
            20.752932,
            52.068063
          ],
          [
            20.756827,
            52.069587
          ],
          [
            20.76152,
            52.070908
          ],
          [
            20.766681,
            52.072336
          ],
          [
            20.772759,
            52.074011
          ],
          [
            20.777822,
            52.07542
          ],
          [
            20.782117,
            52.076654
          ],
          [
            20.78584,
            52.078291
          ],
          [
            20.789162,
            52.080392
          ],
          [
            20.792817,
            52.082069
          ],
          [
            20.797487,
            52.08327
          ],
          [
            20.802231,
            52.084188
          ],
          [
            20.806363,
            52.085446
          ],
          [
            20.809308,
            52.087567
          ],
          [
            20.810915,
            52.090515
          ],
          [
            20.812046,
            52.093249
          ],
          [
            20.813772,
            52.095787
          ],
          [
            20.81692,
            52.097849
          ],
          [
            20.821198,
            52.099636
          ],
          [
            20.826118,
            52.101593
          ],
          [
            20.831245,
            52.103657
          ],
          [
            20.836375,
            52.105776
          ]
        ]
      }
    },
    {
      "type": "Feature",
      "properties": {
        "geometryRef": "paszkow-opacz",
        "_source": "OSM"
      },
      "geometry": {
        "type": "LineString",
        "coordinates": [
          [
            20.836375,
            52.105776
          ],
          [
            20.840833,
            52.107606
          ],
          [
            20.84483,
            52.109238
          ],
          [
            20.848839,
            52.110857
          ],
          [
            20.853338,
            52.112679
          ],
          [
            20.859852,
            52.115334
          ],
          [
            20.86376,
            52.116855
          ],
          [
            20.86744,
            52.118709
          ],
          [
            20.870756,
            52.120618
          ],
          [
            20.873918,
            52.122608
          ],
          [
            20.876251,
            52.125088
          ],
          [
            20.87754,
            52.128033
          ],
          [
            20.879035,
            52.131719
          ],
          [
            20.88025,
            52.134761
          ],
          [
            20.881332,
            52.137396
          ],
          [
            20.88281,
            52.139988
          ],
          [
            20.884758,
            52.142532
          ],
          [
            20.887281,
            52.145083
          ],
          [
            20.890032,
            52.147287
          ],
          [
            20.893747,
            52.149951
          ],
          [
            20.896617,
            52.152029
          ],
          [
            20.899219,
            52.154358
          ],
          [
            20.902151,
            52.157607
          ],
          [
            20.904799,
            52.160647
          ],
          [
            20.907214,
            52.163961
          ],
          [
            20.908416,
            52.166091
          ]
        ]
      }
    },
    {
      "type": "Feature",
      "properties": {
        "geometryRef": "konotopa-powazkowska",
        "_source": "OSM"
      },
      "geometry": {
        "type": "LineString",
        "coordinates": [
          [
            20.847314,
            52.203691
          ],
          [
            20.85083,
            52.2057
          ],
          [
            20.854033,
            52.207943
          ],
          [
            20.857793,
            52.211075
          ],
          [
            20.860563,
            52.213474
          ],
          [
            20.863363,
            52.215866
          ],
          [
            20.8671,
            52.219058
          ],
          [
            20.870526,
            52.222107
          ],
          [
            20.873539,
            52.225058
          ],
          [
            20.877971,
            52.229402
          ],
          [
            20.88068,
            52.232053
          ],
          [
            20.883158,
            52.234486
          ],
          [
            20.886119,
            52.237385
          ],
          [
            20.888622,
            52.239829
          ],
          [
            20.891286,
            52.242094
          ],
          [
            20.895121,
            52.243765
          ],
          [
            20.899581,
            52.244487
          ],
          [
            20.904673,
            52.244877
          ],
          [
            20.909367,
            52.24553
          ],
          [
            20.915111,
            52.246351
          ],
          [
            20.920497,
            52.247087
          ],
          [
            20.928401,
            52.248085
          ],
          [
            20.933259,
            52.248636
          ],
          [
            20.937435,
            52.249575
          ],
          [
            20.941813,
            52.251198
          ],
          [
            20.945228,
            52.253585
          ],
          [
            20.947424,
            52.256082
          ],
          [
            20.950144,
            52.258936
          ],
          [
            20.953226,
            52.26196
          ],
          [
            20.953264,
            52.261998
          ]
        ]
      }
    },
    {
      "type": "Feature",
      "properties": {
        "geometryRef": "powazkowska-modlinska",
        "_source": "OSM"
      },
      "geometry": {
        "type": "LineString",
        "coordinates": [
          [
            20.953264,
            52.261998
          ],
          [
            20.957263,
            52.265788
          ],
          [
            20.959904,
            52.268169
          ],
          [
            20.962917,
            52.270572
          ],
          [
            20.966048,
            52.272677
          ],
          [
            20.969525,
            52.274724
          ],
          [
            20.974412,
            52.277379
          ],
          [
            20.978483,
            52.279452
          ],
          [
            20.982156,
            52.2812
          ],
          [
            20.986098,
            52.28306
          ],
          [
            20.990067,
            52.284869
          ],
          [
            20.998026,
            52.288507
          ],
          [
            21.001748,
            52.290011
          ],
          [
            21.003307,
            52.29051
          ]
        ]
      }
    },
    {
      "type": "Feature",
      "properties": {
        "geometryRef": "modlinska-marki",
        "_source": "OSM"
      },
      "geometry": {
        "type": "LineString",
        "coordinates": [
          [
            21.003307,
            52.29051
          ],
          [
            21.009433,
            52.292476
          ],
          [
            21.013897,
            52.293908
          ],
          [
            21.019485,
            52.295696
          ],
          [
            21.024142,
            52.297187
          ],
          [
            21.028296,
            52.298479
          ],
          [
            21.032926,
            52.299708
          ],
          [
            21.038369,
            52.301086
          ],
          [
            21.044725,
            52.302694
          ],
          [
            21.049221,
            52.303832
          ],
          [
            21.056608,
            52.305701
          ],
          [
            21.061641,
            52.306768
          ],
          [
            21.066307,
            52.307251
          ],
          [
            21.074081,
            52.307322
          ],
          [
            21.080331,
            52.307323
          ],
          [
            21.085352,
            52.307322
          ],
          [
            21.091374,
            52.307318
          ],
          [
            21.097632,
            52.307312
          ],
          [
            21.100322,
            52.307314
          ]
        ]
      }
    },
    {
      "type": "Feature",
      "properties": {
        "geometryRef": "marki-radzymin",
        "_source": "OSM"
      },
      "geometry": {
        "type": "LineString",
        "coordinates": [
          [
            21.100322,
            52.307314
          ],
          [
            21.105092,
            52.307516
          ],
          [
            21.110391,
            52.308407
          ],
          [
            21.115832,
            52.30948
          ],
          [
            21.120015,
            52.310396
          ],
          [
            21.124603,
            52.312046
          ],
          [
            21.12895,
            52.314126
          ],
          [
            21.132456,
            52.315804
          ],
          [
            21.136324,
            52.317668
          ],
          [
            21.140507,
            52.319667
          ],
          [
            21.144635,
            52.321668
          ],
          [
            21.148125,
            52.323339
          ],
          [
            21.151995,
            52.325317
          ],
          [
            21.15482,
            52.327563
          ],
          [
            21.156563,
            52.330119
          ],
          [
            21.157173,
            52.333024
          ],
          [
            21.1568,
            52.337778
          ],
          [
            21.156504,
            52.34113
          ],
          [
            21.156325,
            52.344301
          ],
          [
            21.157153,
            52.347076
          ],
          [
            21.159199,
            52.349474
          ],
          [
            21.162468,
            52.351506
          ],
          [
            21.166489,
            52.352821
          ],
          [
            21.170752,
            52.353694
          ],
          [
            21.175344,
            52.354615
          ],
          [
            21.179481,
            52.355832
          ],
          [
            21.182985,
            52.357515
          ],
          [
            21.186355,
            52.360109
          ],
          [
            21.188298,
            52.362627
          ],
          [
            21.189411,
            52.365659
          ],
          [
            21.189388,
            52.36866
          ],
          [
            21.188862,
            52.371746
          ],
          [
            21.188437,
            52.374499
          ],
          [
            21.188382,
            52.377606
          ],
          [
            21.189383,
            52.38041
          ],
          [
            21.191601,
            52.383445
          ],
          [
            21.194221,
            52.386815
          ],
          [
            21.19649,
            52.389727
          ],
          [
            21.199071,
            52.393495
          ],
          [
            21.20072,
            52.396097
          ],
          [
            21.201402,
            52.397693
          ]
        ]
      }
    },
    {
      "type": "Feature",
      "properties": {
        "geometryRef": "radzymin-obwodnica",
        "_source": "OSM"
      },
      "geometry": {
        "type": "LineString",
        "coordinates": [
          [
            21.201402,
            52.397693
          ],
          [
            21.201996,
            52.400907
          ],
          [
            21.202409,
            52.403714
          ],
          [
            21.203703,
            52.406356
          ],
          [
            21.206221,
            52.408771
          ],
          [
            21.210496,
            52.41207
          ],
          [
            21.21432,
            52.41449
          ],
          [
            21.217647,
            52.416324
          ],
          [
            21.220891,
            52.418735
          ],
          [
            21.223421,
            52.422703
          ],
          [
            21.225261,
            52.425918
          ],
          [
            21.226694,
            52.428588
          ],
          [
            21.226875,
            52.428936
          ],
          [
            21.228483,
            52.431978
          ],
          [
            21.230731,
            52.43449
          ],
          [
            21.234662,
            52.436662
          ],
          [
            21.237849,
            52.438036
          ]
        ]
      }
    },
    {
      "type": "Feature",
      "properties": {
        "geometryRef": "radzymin-wyszkow",
        "_source": "OSM"
      },
      "geometry": {
        "type": "LineString",
        "coordinates": [
          [
            21.237849,
            52.438036
          ],
          [
            21.239085,
            52.438569
          ],
          [
            21.24288,
            52.440218
          ],
          [
            21.247587,
            52.442244
          ],
          [
            21.251486,
            52.443744
          ],
          [
            21.25682,
            52.445662
          ],
          [
            21.260878,
            52.44711
          ],
          [
            21.264713,
            52.448501
          ],
          [
            21.269183,
            52.450115
          ],
          [
            21.277967,
            52.453267
          ],
          [
            21.283472,
            52.455244
          ],
          [
            21.288801,
            52.457155
          ],
          [
            21.295706,
            52.45964
          ],
          [
            21.304548,
            52.462818
          ],
          [
            21.311742,
            52.465401
          ],
          [
            21.317664,
            52.467531
          ],
          [
            21.322668,
            52.469644
          ],
          [
            21.327491,
            52.47219
          ],
          [
            21.331846,
            52.474519
          ],
          [
            21.336507,
            52.477016
          ],
          [
            21.342087,
            52.480004
          ],
          [
            21.347448,
            52.482871
          ],
          [
            21.351568,
            52.485206
          ],
          [
            21.355376,
            52.487267
          ],
          [
            21.360059,
            52.489766
          ],
          [
            21.364156,
            52.491953
          ],
          [
            21.367859,
            52.493939
          ],
          [
            21.372841,
            52.4966
          ],
          [
            21.377039,
            52.498971
          ],
          [
            21.381686,
            52.501998
          ],
          [
            21.386446,
            52.505168
          ],
          [
            21.390681,
            52.508063
          ],
          [
            21.393656,
            52.510434
          ],
          [
            21.397159,
            52.512924
          ],
          [
            21.400612,
            52.515057
          ],
          [
            21.404301,
            52.517226
          ],
          [
            21.408411,
            52.519997
          ],
          [
            21.411977,
            52.522405
          ],
          [
            21.415413,
            52.524729
          ],
          [
            21.418435,
            52.526762
          ],
          [
            21.41909,
            52.527205
          ],
          [
            21.424361,
            52.530764
          ],
          [
            21.428207,
            52.533364
          ]
        ]
      }
    },
    {
      "type": "Feature",
      "properties": {
        "geometryRef": "wyszkow-obwodnica",
        "_source": "OSM"
      },
      "geometry": {
        "type": "LineString",
        "coordinates": [
          [
            21.428207,
            52.533364
          ],
          [
            21.43036,
            52.53482
          ],
          [
            21.433746,
            52.537099
          ],
          [
            21.436806,
            52.539313
          ],
          [
            21.438869,
            52.542033
          ],
          [
            21.439537,
            52.544727
          ],
          [
            21.440032,
            52.547513
          ],
          [
            21.441421,
            52.550162
          ],
          [
            21.443977,
            52.552359
          ],
          [
            21.447881,
            52.554119
          ],
          [
            21.456095,
            52.555822
          ],
          [
            21.460567,
            52.556692
          ],
          [
            21.464751,
            52.558307
          ],
          [
            21.467295,
            52.560719
          ],
          [
            21.468272,
            52.564503
          ],
          [
            21.468971,
            52.56731
          ],
          [
            21.471103,
            52.569693
          ],
          [
            21.47486,
            52.57156
          ],
          [
            21.481541,
            52.574169
          ],
          [
            21.487372,
            52.576444
          ],
          [
            21.491449,
            52.578253
          ],
          [
            21.494525,
            52.580278
          ],
          [
            21.496876,
            52.582657
          ],
          [
            21.498414,
            52.585352
          ],
          [
            21.498985,
            52.58814
          ],
          [
            21.498709,
            52.590862
          ],
          [
            21.497968,
            52.594502
          ],
          [
            21.497381,
            52.597371
          ],
          [
            21.49652,
            52.601581
          ],
          [
            21.495934,
            52.604454
          ],
          [
            21.495266,
            52.607838
          ],
          [
            21.495009,
            52.610697
          ],
          [
            21.495417,
            52.613755
          ],
          [
            21.49646,
            52.616515
          ],
          [
            21.498431,
            52.619548
          ],
          [
            21.498632,
            52.619786
          ]
        ]
      }
    },
    {
      "type": "Feature",
      "properties": {
        "geometryRef": "wyszkow-poreba",
        "_source": "OSM"
      },
      "geometry": {
        "type": "LineString",
        "coordinates": [
          [
            21.498632,
            52.619786
          ],
          [
            21.501021,
            52.622214
          ],
          [
            21.503909,
            52.624397
          ],
          [
            21.50875,
            52.627078
          ],
          [
            21.51555,
            52.630168
          ],
          [
            21.520448,
            52.632432
          ],
          [
            21.52418,
            52.634202
          ],
          [
            21.52882,
            52.636919
          ],
          [
            21.53224,
            52.638922
          ],
          [
            21.535827,
            52.640578
          ],
          [
            21.541032,
            52.642466
          ],
          [
            21.545377,
            52.644129
          ],
          [
            21.549029,
            52.645811
          ],
          [
            21.553986,
            52.648114
          ],
          [
            21.558351,
            52.650134
          ],
          [
            21.572407,
            52.656681
          ],
          [
            21.578824,
            52.659681
          ],
          [
            21.583534,
            52.661893
          ],
          [
            21.592487,
            52.666025
          ],
          [
            21.597718,
            52.668662
          ],
          [
            21.601918,
            52.670467
          ],
          [
            21.606086,
            52.672388
          ],
          [
            21.610627,
            52.674514
          ],
          [
            21.617069,
            52.677487
          ],
          [
            21.626013,
            52.681643
          ],
          [
            21.633485,
            52.685032
          ],
          [
            21.639435,
            52.687731
          ],
          [
            21.643247,
            52.68949
          ],
          [
            21.647157,
            52.691262
          ],
          [
            21.650359,
            52.692713
          ]
        ]
      }
    },
    {
      "type": "Feature",
      "properties": {
        "geometryRef": "poreba-ostrow-mazowiecka",
        "_source": "OSM"
      },
      "geometry": {
        "type": "LineString",
        "coordinates": [
          [
            21.650359,
            52.692713
          ],
          [
            21.654429,
            52.69455
          ],
          [
            21.659803,
            52.696982
          ],
          [
            21.667286,
            52.700391
          ],
          [
            21.675852,
            52.704285
          ],
          [
            21.684866,
            52.708386
          ],
          [
            21.691777,
            52.711527
          ],
          [
            21.695762,
            52.713327
          ],
          [
            21.699336,
            52.715021
          ],
          [
            21.702697,
            52.716972
          ],
          [
            21.705925,
            52.719049
          ],
          [
            21.709269,
            52.720911
          ],
          [
            21.713886,
            52.722894
          ],
          [
            21.718237,
            52.72437
          ],
          [
            21.724307,
            52.726359
          ],
          [
            21.728159,
            52.727729
          ],
          [
            21.732404,
            52.729588
          ],
          [
            21.739605,
            52.732717
          ],
          [
            21.744152,
            52.734679
          ],
          [
            21.748223,
            52.736469
          ],
          [
            21.754999,
            52.739406
          ],
          [
            21.759807,
            52.741493
          ],
          [
            21.764614,
            52.743558
          ],
          [
            21.772269,
            52.746859
          ],
          [
            21.776501,
            52.74869
          ],
          [
            21.780366,
            52.750361
          ],
          [
            21.784227,
            52.752026
          ],
          [
            21.787941,
            52.753645
          ],
          [
            21.79188,
            52.755335
          ],
          [
            21.795922,
            52.757086
          ],
          [
            21.800003,
            52.758838
          ],
          [
            21.803937,
            52.760555
          ],
          [
            21.811654,
            52.763891
          ],
          [
            21.818576,
            52.766881
          ],
          [
            21.822945,
            52.768771
          ],
          [
            21.827289,
            52.770651
          ],
          [
            21.833834,
            52.773477
          ],
          [
            21.838865,
            52.775649
          ],
          [
            21.843597,
            52.777696
          ]
        ]
      }
    },
    {
      "type": "Feature",
      "properties": {
        "geometryRef": "ostrow-mazowiecka-obwodnica",
        "_source": "OSM"
      },
      "geometry": {
        "type": "LineString",
        "coordinates": [
          [
            21.843597,
            52.777696
          ],
          [
            21.847926,
            52.779565
          ],
          [
            21.85255,
            52.781595
          ],
          [
            21.857011,
            52.783512
          ],
          [
            21.860882,
            52.785387
          ],
          [
            21.863989,
            52.787661
          ],
          [
            21.86607,
            52.790118
          ],
          [
            21.867405,
            52.793119
          ],
          [
            21.868247,
            52.795918
          ],
          [
            21.869596,
            52.799141
          ],
          [
            21.871182,
            52.801667
          ],
          [
            21.874134,
            52.805196
          ],
          [
            21.876015,
            52.807691
          ],
          [
            21.877298,
            52.810404
          ],
          [
            21.878336,
            52.813065
          ],
          [
            21.880669,
            52.815551
          ],
          [
            21.884152,
            52.817334
          ],
          [
            21.888757,
            52.818417
          ],
          [
            21.894264,
            52.819417
          ],
          [
            21.898928,
            52.820132
          ],
          [
            21.903682,
            52.820522
          ],
          [
            21.908661,
            52.820601
          ],
          [
            21.913193,
            52.820516
          ],
          [
            21.91794,
            52.820461
          ],
          [
            21.922411,
            52.82088
          ],
          [
            21.927022,
            52.82204
          ],
          [
            21.92741,
            52.822188
          ]
        ]
      }
    },
    {
      "type": "Feature",
      "properties": {
        "geometryRef": "ostrow-mazowiecka-granica-wojewodztwa",
        "_source": "OSM"
      },
      "geometry": {
        "type": "LineString",
        "coordinates": [
          [
            21.92741,
            52.822188
          ],
          [
            21.931752,
            52.824181
          ],
          [
            21.938227,
            52.827547
          ],
          [
            21.942334,
            52.829657
          ],
          [
            21.947076,
            52.83211
          ],
          [
            21.952421,
            52.834852
          ],
          [
            21.959221,
            52.83837
          ],
          [
            21.966931,
            52.842374
          ],
          [
            21.971853,
            52.844927
          ],
          [
            21.976046,
            52.84711
          ],
          [
            21.98163,
            52.849997
          ],
          [
            21.989419,
            52.854037
          ],
          [
            21.99426,
            52.856546
          ],
          [
            21.999106,
            52.859063
          ],
          [
            22.004113,
            52.86168
          ],
          [
            22.010933,
            52.865206
          ],
          [
            22.016249,
            52.867946
          ],
          [
            22.021262,
            52.870552
          ],
          [
            22.026025,
            52.873013
          ],
          [
            22.029451,
            52.874844
          ],
          [
            22.031476,
            52.875982
          ]
        ]
      }
    },
    {
      "type": "Feature",
      "properties": {
        "geometryRef": "granica-wojewodztwa-zambrow",
        "_source": "OSM"
      },
      "geometry": {
        "type": "LineString",
        "coordinates": [
          [
            22.031476,
            52.875982
          ],
          [
            22.035349,
            52.877995
          ],
          [
            22.039834,
            52.880375
          ],
          [
            22.042988,
            52.882345
          ],
          [
            22.045879,
            52.884422
          ],
          [
            22.048567,
            52.886638
          ],
          [
            22.052441,
            52.889252
          ],
          [
            22.056534,
            52.891153
          ],
          [
            22.063596,
            52.893522
          ],
          [
            22.06829,
            52.895125
          ],
          [
            22.072658,
            52.896923
          ],
          [
            22.081414,
            52.901348
          ],
          [
            22.086864,
            52.904174
          ],
          [
            22.094803,
            52.908289
          ],
          [
            22.100109,
            52.911041
          ],
          [
            22.103674,
            52.912888
          ],
          [
            22.107269,
            52.914837
          ],
          [
            22.111682,
            52.917483
          ],
          [
            22.115893,
            52.920078
          ],
          [
            22.119467,
            52.922
          ],
          [
            22.123606,
            52.924153
          ],
          [
            22.127412,
            52.926128
          ],
          [
            22.131335,
            52.928173
          ],
          [
            22.134714,
            52.930086
          ],
          [
            22.137909,
            52.932316
          ],
          [
            22.140577,
            52.934561
          ],
          [
            22.144597,
            52.938058
          ],
          [
            22.147203,
            52.940274
          ],
          [
            22.150627,
            52.942551
          ],
          [
            22.154821,
            52.944513
          ],
          [
            22.158814,
            52.945812
          ],
          [
            22.165202,
            52.947468
          ],
          [
            22.169366,
            52.948584
          ],
          [
            22.173759,
            52.950035
          ],
          [
            22.178481,
            52.952102
          ],
          [
            22.182953,
            52.954411
          ],
          [
            22.186445,
            52.9562
          ],
          [
            22.189994,
            52.958042
          ],
          [
            22.195175,
            52.960739
          ]
        ]
      }
    },
    {
      "type": "Feature",
      "properties": {
        "geometryRef": "zambrow-wisniewo-obwodnica",
        "_source": "OSM"
      },
      "geometry": {
        "type": "LineString",
        "coordinates": [
          [
            22.195175,
            52.960739
          ],
          [
            22.198873,
            52.962727
          ],
          [
            22.202101,
            52.964753
          ],
          [
            22.20469,
            52.96712
          ],
          [
            22.20721,
            52.970837
          ],
          [
            22.209263,
            52.974306
          ],
          [
            22.212525,
            52.979742
          ],
          [
            22.214623,
            52.983208
          ],
          [
            22.217231,
            52.986222
          ],
          [
            22.220565,
            52.988666
          ],
          [
            22.224056,
            52.990375
          ],
          [
            22.228127,
            52.99185
          ],
          [
            22.232749,
            52.99346
          ],
          [
            22.240023,
            52.995983
          ],
          [
            22.245704,
            52.997957
          ],
          [
            22.250066,
            52.999335
          ],
          [
            22.255095,
            53.000586
          ],
          [
            22.268398,
            53.003111
          ],
          [
            22.274504,
            53.004277
          ],
          [
            22.282454,
            53.005727
          ],
          [
            22.287565,
            53.006681
          ],
          [
            22.292568,
            53.00761
          ],
          [
            22.297118,
            53.008683
          ],
          [
            22.301574,
            53.010357
          ],
          [
            22.305179,
            53.012363
          ],
          [
            22.309354,
            53.015794
          ],
          [
            22.312991,
            53.018558
          ],
          [
            22.315527,
            53.019904
          ]
        ]
      }
    },
    {
      "type": "Feature",
      "properties": {
        "geometryRef": "wisniewo-mezenin",
        "_source": "OSM"
      },
      "geometry": {
        "type": "LineString",
        "coordinates": [
          [
            22.315527,
            53.019904
          ],
          [
            22.320944,
            53.022376
          ],
          [
            22.327034,
            53.025208
          ],
          [
            22.332678,
            53.027822
          ],
          [
            22.340461,
            53.031461
          ],
          [
            22.345465,
            53.033786
          ],
          [
            22.349701,
            53.035764
          ],
          [
            22.35534,
            53.038432
          ],
          [
            22.36048,
            53.041111
          ],
          [
            22.364887,
            53.043508
          ],
          [
            22.368415,
            53.045184
          ],
          [
            22.374292,
            53.047914
          ],
          [
            22.378598,
            53.049775
          ],
          [
            22.383996,
            53.052003
          ],
          [
            22.388125,
            53.053893
          ],
          [
            22.394993,
            53.057091
          ],
          [
            22.401149,
            53.059941
          ],
          [
            22.404885,
            53.061682
          ],
          [
            22.408537,
            53.06348
          ],
          [
            22.412121,
            53.065347
          ],
          [
            22.420435,
            53.069264
          ],
          [
            22.428683,
            53.073103
          ],
          [
            22.433634,
            53.07515
          ],
          [
            22.437487,
            53.076655
          ],
          [
            22.445242,
            53.080133
          ],
          [
            22.44952,
            53.08182
          ],
          [
            22.454762,
            53.083166
          ],
          [
            22.459195,
            53.08379
          ],
          [
            22.464764,
            53.083995
          ],
          [
            22.469596,
            53.083973
          ],
          [
            22.474891,
            53.084341
          ],
          [
            22.479851,
            53.085235
          ],
          [
            22.484701,
            53.0867
          ],
          [
            22.488744,
            53.088521
          ],
          [
            22.492477,
            53.090782
          ],
          [
            22.495913,
            53.09286
          ],
          [
            22.498617,
            53.094154
          ]
        ]
      }
    },
    {
      "type": "Feature",
      "properties": {
        "geometryRef": "mezenin-jezewo",
        "_source": "OSM"
      },
      "geometry": {
        "type": "LineString",
        "coordinates": [
          [
            22.498617,
            53.094154
          ],
          [
            22.503715,
            53.095899
          ],
          [
            22.508107,
            53.096833
          ],
          [
            22.513586,
            53.09772
          ],
          [
            22.519416,
            53.098522
          ],
          [
            22.524681,
            53.099193
          ],
          [
            22.529584,
            53.099934
          ],
          [
            22.53559,
            53.100929
          ],
          [
            22.544093,
            53.10234
          ],
          [
            22.551134,
            53.10351
          ],
          [
            22.555602,
            53.104304
          ],
          [
            22.562414,
            53.105692
          ],
          [
            22.567541,
            53.106662
          ],
          [
            22.571943,
            53.107399
          ],
          [
            22.578724,
            53.108511
          ],
          [
            22.584471,
            53.10945
          ],
          [
            22.589094,
            53.110369
          ],
          [
            22.593596,
            53.111641
          ],
          [
            22.599076,
            53.113656
          ],
          [
            22.60331,
            53.114975
          ],
          [
            22.608553,
            53.115962
          ],
          [
            22.61302,
            53.116324
          ],
          [
            22.620228,
            53.116476
          ],
          [
            22.625099,
            53.116627
          ],
          [
            22.629782,
            53.116992
          ],
          [
            22.635141,
            53.117717
          ],
          [
            22.64198,
            53.118802
          ],
          [
            22.64721,
            53.119811
          ],
          [
            22.651843,
            53.120748
          ],
          [
            22.658461,
            53.121851
          ],
          [
            22.663948,
            53.122732
          ],
          [
            22.668566,
            53.123477
          ],
          [
            22.674016,
            53.124312
          ],
          [
            22.679353,
            53.124962
          ],
          [
            22.684175,
            53.12546
          ],
          [
            22.689666,
            53.126216
          ],
          [
            22.697102,
            53.127564
          ],
          [
            22.699405,
            53.128044
          ]
        ]
      }
    },
    {
      "type": "Feature",
      "properties": {
        "geometryRef": "jezewo-bialystok-choroszcz",
        "_source": "OSM"
      },
      "geometry": {
        "type": "LineString",
        "coordinates": [
          [
            22.699405,
            53.128044
          ],
          [
            22.703961,
            53.128865
          ],
          [
            22.709053,
            53.129687
          ],
          [
            22.717448,
            53.13104
          ],
          [
            22.72763,
            53.132687
          ],
          [
            22.732451,
            53.133465
          ],
          [
            22.741215,
            53.134881
          ],
          [
            22.746309,
            53.135699
          ],
          [
            22.753431,
            53.13685
          ],
          [
            22.761176,
            53.138103
          ],
          [
            22.771534,
            53.139782
          ],
          [
            22.785941,
            53.142121
          ],
          [
            22.796266,
            53.143793
          ],
          [
            22.804345,
            53.145102
          ],
          [
            22.827378,
            53.14883
          ],
          [
            22.83673,
            53.150336
          ],
          [
            22.854158,
            53.153138
          ],
          [
            22.86042,
            53.154275
          ],
          [
            22.865867,
            53.155141
          ],
          [
            22.872398,
            53.156197
          ],
          [
            22.878155,
            53.156986
          ],
          [
            22.89579,
            53.159802
          ],
          [
            22.921686,
            53.163943
          ],
          [
            22.926378,
            53.164414
          ],
          [
            22.935348,
            53.164309
          ],
          [
            22.943168,
            53.164162
          ],
          [
            22.948295,
            53.164147
          ],
          [
            22.95294,
            53.164153
          ],
          [
            22.958888,
            53.164054
          ],
          [
            22.963899,
            53.163938
          ],
          [
            22.969318,
            53.163214
          ],
          [
            22.973906,
            53.162107
          ],
          [
            22.978421,
            53.161292
          ],
          [
            22.983479,
            53.160975
          ],
          [
            22.988882,
            53.160747
          ],
          [
            22.993638,
            53.160046
          ],
          [
            22.99955,
            53.158975
          ],
          [
            23.003871,
            53.158206
          ],
          [
            23.00999,
            53.157102
          ],
          [
            23.016008,
            53.156168
          ],
          [
            23.030253,
            53.153618
          ]
        ]
      }
    }
  ]
}
