{
  "type": "FeatureCollection",
  "features": [
    {
      "type": "Feature",
      "properties": {
        "geometryRef": "nadlac-arad",
        "_source": "OSM"
      },
      "geometry": {
        "type": "LineString",
        "coordinates": [
          [
            20.766078496103887,
            46.211451294805215
          ],
          [
            20.773768769999997,
            46.21011084999999
          ],
          [
            20.778410819999998,
            46.20981461499999
          ],
          [
            20.783079557142855,
            46.20984775
          ],
          [
            20.78897196857142,
            46.21006188285714
          ],
          [
            20.793905963636366,
            46.210246409090914
          ],
          [
            20.798177291666672,
            46.2103996375
          ],
          [
            20.803692533333333,
            46.21048516666667
          ],
          [
            20.8087489125,
            46.21051063749999
          ],
          [
            20.81473253888889,
            46.21049956666667
          ],
          [
            20.818733528571425,
            46.21047251428572
          ],
          [
            20.82383864285714,
            46.2103366
          ],
          [
            20.8291490875,
            46.210181725
          ],
          [
            20.83294552,
            46.21002542
          ],
          [
            20.839084028571428,
            46.20976197142858
          ],
          [
            20.8440112,
            46.20951796
          ],
          [
            20.849052775,
            46.2093701125
          ],
          [
            20.85399333333333,
            46.20922233333332
          ],
          [
            20.85942524,
            46.209113439999996
          ],
          [
            20.863872842857145,
            46.209053014285715
          ],
          [
            20.86858628,
            46.209063400000005
          ],
          [
            20.87363381428571,
            46.2090926
          ],
          [
            20.8784974,
            46.20917373333334
          ],
          [
            20.883595966666665,
            46.20931068333332
          ],
          [
            20.889086027272725,
            46.20949226363637
          ],
          [
            20.893851027272724,
            46.20970625454545
          ],
          [
            20.898945792307696,
            46.20995868461539
          ],
          [
            20.90456445,
            46.21021201111111
          ],
          [
            20.90931578888889,
            46.210403977777766
          ],
          [
            20.91494512857143,
            46.21055928571429
          ],
          [
            20.91928486,
            46.21063064
          ],
          [
            20.923643114285714,
            46.210682014285716
          ],
          [
            20.92900094285714,
            46.210688142857144
          ],
          [
            20.934132466666668,
            46.21067605555556
          ],
          [
            20.939147950000002,
            46.210589475
          ],
          [
            20.944062166666665,
            46.21047553333333
          ],
          [
            20.94854988888889,
            46.210318633333344
          ],
          [
            20.9542645,
            46.210093099999995
          ],
          [
            20.9595760125,
            46.209807375000004
          ],
          [
            20.963794683333333,
            46.209573033333335
          ],
          [
            20.969010885714283,
            46.20927041428572
          ],
          [
            20.974028933333333,
            46.20900436666667
          ],
          [
            20.97840002,
            46.20874927999999
          ],
          [
            20.983991366666668,
            46.2084163
          ],
          [
            20.989014177777776,
            46.20816618888889
          ],
          [
            20.99417905,
            46.2079558
          ],
          [
            20.99952213,
            46.20787206
          ],
          [
            21.003690644444443,
            46.20792092222222
          ],
          [
            21.009140107692307,
            46.208118500000005
          ],
          [
            21.014666390909095,
            46.20848736363637
          ],
          [
            21.019391191666667,
            46.208873925
          ],
          [
            21.0241488,
            46.20914024545455
          ],
          [
            21.029822680000002,
            46.20924294999999
          ],
          [
            21.034965937499997,
            46.20913385
          ],
          [
            21.03941909090909,
            46.20889348181818
          ],
          [
            21.04538072777778,
            46.2083374611111
          ],
          [
            21.05035768888889,
            46.20765575555556
          ],
          [
            21.05433313636364,
            46.20697957272727
          ],
          [
            21.059313511111114,
            46.205977622222214
          ],
          [
            21.064528454545453,
            46.204678018181816
          ],
          [
            21.06912758333333,
            46.203338241666664
          ],
          [
            21.073617216666666,
            46.20184365833333
          ],
          [
            21.078734569230768,
            46.19989491538461
          ],
          [
            21.083737156249995,
            46.1977008875
          ],
          [
            21.088082983333333,
            46.195559491666664
          ],
          [
            21.093211500000002,
            46.192735625000005
          ],
          [
            21.097315237499995,
            46.1904181875
          ],
          [
            21.102809035714284,
            46.187327200000006
          ],
          [
            21.10756852727273,
            46.18468176363637
          ],
          [
            21.112290050000002,
            46.18201079
          ],
          [
            21.116769666666663,
            46.17949455714286
          ],
          [
            21.1220609,
            46.17656744210525
          ],
          [
            21.127064745000002,
            46.17464591
          ],
          [
            21.13221155,
            46.17408305
          ],
          [
            21.13704592352941,
            46.17466738235295
          ],
          [
            21.141937374999998,
            46.176154006249995
          ],
          [
            21.146611736363635,
            46.177413527272726
          ],
          [
            21.152008433333332,
            46.17843876666666
          ],
          [
            21.157093574999998,
            46.1793939
          ],
          [
            21.1608705,
            46.1801476
          ],
          [
            21.1793658,
            46.1835544
          ],
          [
            21.179656671428575,
            46.183544857142856
          ],
          [
            21.1908647,
            46.185669
          ],
          [
            21.19710755,
            46.186824
          ],
          [
            21.20199951111111,
            46.18764488888889
          ],
          [
            21.207460730434786,
            46.18825595217391
          ],
          [
            21.211349059999996,
            46.188432420000005
          ],
          [
            21.216496208333336,
            46.18829306666667
          ],
          [
            21.22171898,
            46.18773956666667
          ],
          [
            21.226765716666666,
            46.186774577777776
          ],
          [
            21.232260942857142,
            46.1851858142857
          ],
          [
            21.237131103921577,
            46.183886641176485
          ],
          [
            21.24184557692308,
            46.18483723846154
          ],
          [
            21.247026879310344,
            46.18566310344828
          ]
        ]
      }
    },
    {
      "type": "Feature",
      "properties": {
        "geometryRef": "arad-timisoara",
        "_source": "OSM"
      },
      "geometry": {
        "type": "LineString",
        "coordinates": [
          [
            21.247026879310344,
            46.18566310344828
          ],
          [
            21.252262806451608,
            46.184150454838715
          ],
          [
            21.256743773076924,
            46.1834738
          ],
          [
            21.261959150000003,
            46.1833786375
          ],
          [
            21.267628310000003,
            46.18328903
          ],
          [
            21.272846803448274,
            46.182639013793114
          ],
          [
            21.27767431836734,
            46.18006537142858
          ],
          [
            21.28051655925926,
            46.17501876851853
          ],
          [
            21.282003765217393,
            46.168732902173915
          ],
          [
            21.284246777777778,
            46.16470649166666
          ],
          [
            21.28827950862069,
            46.16097798793103
          ],
          [
            21.29043084375,
            46.15708169999999
          ],
          [
            21.293248863333336,
            46.15110405333334
          ],
          [
            21.295972752272732,
            46.14823937954546
          ],
          [
            21.301197330303033,
            46.14555207878788
          ],
          [
            21.30546870192308,
            46.14255467884617
          ],
          [
            21.307558456250007,
            46.13873315625
          ],
          [
            21.3090701368421,
            46.13445117894738
          ],
          [
            21.312031800000003,
            46.12948974545455
          ],
          [
            21.315976338888888,
            46.12534027777778
          ],
          [
            21.325076039130433,
            46.117987417391305
          ],
          [
            21.331056865384618,
            46.11145411538462
          ],
          [
            21.333576062499993,
            46.106009375000006
          ],
          [
            21.334411768749995,
            46.101193243750004
          ],
          [
            21.33389882142857,
            46.09614232857143
          ],
          [
            21.331711104999997,
            46.09057785
          ],
          [
            21.329033244444442,
            46.0867714
          ],
          [
            21.320393816666666,
            46.07735195
          ],
          [
            21.31769773,
            46.074234610000005
          ],
          [
            21.313587383333335,
            46.06874445
          ],
          [
            21.31081088666667,
            46.06449514666667
          ],
          [
            21.30804005,
            46.059450733333335
          ],
          [
            21.305907899999998,
            46.05480942857143
          ],
          [
            21.304303281249997,
            46.05061329374999
          ],
          [
            21.3027665,
            46.04547776
          ],
          [
            21.301900545454547,
            46.041634072727284
          ],
          [
            21.3010442,
            46.0369281
          ],
          [
            21.2994147,
            46.028833
          ],
          [
            21.2988646,
            46.0257133
          ],
          [
            21.297998195238094,
            46.021831
          ],
          [
            21.296900058333332,
            46.01604554166667
          ],
          [
            21.295805683333334,
            46.010277633333324
          ],
          [
            21.2951359,
            46.006772670000004
          ],
          [
            21.293851075,
            46.00129762500001
          ],
          [
            21.2924059,
            45.9953457
          ],
          [
            21.291123857142853,
            45.99061417857143
          ],
          [
            21.289887033333333,
            45.985771666666665
          ],
          [
            21.28892188,
            45.98208153
          ],
          [
            21.287828057894735,
            45.97701608421051
          ],
          [
            21.2871236375,
            45.97209167500001
          ],
          [
            21.286366228571428,
            45.96665982857143
          ],
          [
            21.2857684,
            45.9620238
          ],
          [
            21.2841398,
            45.950403550000004
          ],
          [
            21.28380396875,
            45.948379493750004
          ],
          [
            21.2823694,
            45.94095125
          ],
          [
            21.279576900000002,
            45.9263723
          ],
          [
            21.278644730000003,
            45.92154204999999
          ],
          [
            21.2782701,
            45.9196292
          ],
          [
            21.2765053,
            45.9104757
          ],
          [
            21.275799012500002,
            45.90630616875
          ],
          [
            21.275595845454546,
            45.902822072727275
          ],
          [
            21.27597207,
            45.89753038
          ],
          [
            21.277414674999996,
            45.89180673
          ],
          [
            21.279494545000002,
            45.887020834999994
          ],
          [
            21.2816056,
            45.883488799999995
          ],
          [
            21.2849310375,
            45.87910355
          ],
          [
            21.288596440000003,
            45.875330500000004
          ],
          [
            21.292289941666667,
            45.87222135
          ],
          [
            21.29628886,
            45.869397850000006
          ],
          [
            21.300996660000003,
            45.866664959999994
          ],
          [
            21.304036650000004,
            45.8651291
          ],
          [
            21.309067300000002,
            45.862956425
          ],
          [
            21.315272599999997,
            45.86033306666666
          ],
          [
            21.3186308,
            45.8589184
          ]
        ]
      }
    },
    {
      "type": "Feature",
      "properties": {
        "geometryRef": "timisoara-lugoj",
        "_source": "OSM"
      },
      "geometry": {
        "type": "LineString",
        "coordinates": [
          [
            21.32231317142857,
            45.85736752857143
          ],
          [
            21.32689905,
            45.85542175
          ],
          [
            21.332504342857142,
            45.852893085714285
          ],
          [
            21.338113516666667,
            45.849880283333334
          ],
          [
            21.341428683333334,
            45.84779845
          ],
          [
            21.3459946,
            45.84451208571428
          ],
          [
            21.349033600000002,
            45.8419566
          ],
          [
            21.3541071,
            45.8373185
          ],
          [
            21.35712051,
            45.83444353
          ],
          [
            21.36078175,
            45.83109745
          ],
          [
            21.3645465,
            45.82756581666666
          ],
          [
            21.36876385,
            45.82361365
          ],
          [
            21.372937779999997,
            45.8196767
          ],
          [
            21.37511225,
            45.8176783375
          ],
          [
            21.379586533333335,
            45.81367846666666
          ],
          [
            21.384012249999998,
            45.81068855000001
          ],
          [
            21.38788356666667,
            45.808714783333336
          ],
          [
            21.392158993749998,
            45.80707890000001
          ],
          [
            21.39795902916667,
            45.8055181375
          ],
          [
            21.403011155555554,
            45.80475965555555
          ],
          [
            21.409262916666663,
            45.80450608333333
          ],
          [
            21.41415831,
            45.80475801
          ],
          [
            21.4183896625,
            45.805327225
          ],
          [
            21.42360842,
            45.80630056
          ],
          [
            21.428263633333334,
            45.80717196666666
          ],
          [
            21.4324168,
            45.8080384
          ],
          [
            21.437227,
            45.8088946
          ],
          [
            21.444735669999996,
            45.810333150000005
          ],
          [
            21.4493396,
            45.8112472
          ],
          [
            21.453495,
            45.8120315
          ],
          [
            21.459502007142856,
            45.813057900000004
          ],
          [
            21.464230075,
            45.813659325
          ],
          [
            21.468334100000003,
            45.813975500000005
          ],
          [
            21.473451183333335,
            45.814112916666666
          ],
          [
            21.479449333333335,
            45.81401956666667
          ],
          [
            21.48458475,
            45.81388115
          ],
          [
            21.494358274999996,
            45.813640575
          ],
          [
            21.504574225000002,
            45.813390975
          ],
          [
            21.513777115384617,
            45.81316336153846
          ],
          [
            21.5184157,
            45.8131327
          ],
          [
            21.5218944,
            45.812972450000004
          ],
          [
            21.52860400909091,
            45.812796490909086
          ],
          [
            21.533684025,
            45.8125994
          ],
          [
            21.539744149999997,
            45.812106375
          ],
          [
            21.543964250000002,
            45.81162235
          ],
          [
            21.54993335,
            45.81077485
          ],
          [
            21.553559800000002,
            45.810241725000004
          ],
          [
            21.55844895,
            45.809522900000005
          ],
          [
            21.5633749,
            45.808817950000005
          ],
          [
            21.56783805,
            45.80815345
          ],
          [
            21.573539949999997,
            45.807317499999996
          ],
          [
            21.577944766666665,
            45.80669243333333
          ],
          [
            21.58419867,
            45.805763809999995
          ],
          [
            21.589242575,
            45.805041724999995
          ],
          [
            21.595097525,
            45.804351475
          ],
          [
            21.59901635,
            45.804075299999994
          ],
          [
            21.614803533333333,
            45.803171533333334
          ],
          [
            21.6209195,
            45.8029471
          ],
          [
            21.623028966666666,
            45.80277202222223
          ],
          [
            21.627052,
            45.8024848
          ],
          [
            21.6368477,
            45.802054299999995
          ],
          [
            21.6436295,
            45.8017746
          ],
          [
            21.650185649999997,
            45.8013533
          ],
          [
            21.65527975,
            45.801088750000005
          ],
          [
            21.66037798333333,
            45.800768675
          ],
          [
            21.664212659999997,
            45.80044144
          ],
          [
            21.66895292,
            45.79994024
          ],
          [
            21.673629150000004,
            45.79931612857143
          ],
          [
            21.678539800000003,
            45.79858005
          ],
          [
            21.684371425000002,
            45.797496325
          ],
          [
            21.689442225,
            45.79637515
          ],
          [
            21.692179,
            45.79574272727273
          ],
          [
            21.697900620000006,
            45.79426024000001
          ],
          [
            21.704249774999997,
            45.792365525
          ],
          [
            21.708150349999997,
            45.79104674999999
          ],
          [
            21.713722024999996,
            45.78900325
          ],
          [
            21.717434500000003,
            45.78753617500001
          ],
          [
            21.72185815,
            45.785624649999995
          ],
          [
            21.7263219,
            45.783576075
          ],
          [
            21.731992378571427,
            45.78092217142858
          ]
        ]
      }
    },
    {
      "type": "Feature",
      "properties": {
        "geometryRef": "lugoj-deva-lot1",
        "_source": "OSM"
      },
      "geometry": {
        "type": "LineString",
        "coordinates": [
          [
            21.736506685714286,
            45.77887440000001
          ],
          [
            21.742236066666667,
            45.77681274444444
          ],
          [
            21.7466895,
            45.77571487142857
          ],
          [
            21.7527063,
            45.77472436666667
          ],
          [
            21.75733843333333,
            45.77435956666667
          ],
          [
            21.762887825,
            45.7743996
          ],
          [
            21.7678211875,
            45.774822475
          ],
          [
            21.7723492,
            45.775590685714285
          ],
          [
            21.777050033333335,
            45.77671588333333
          ],
          [
            21.780480733333334,
            45.77780793333333
          ],
          [
            21.786863666666665,
            45.78024826666666
          ],
          [
            21.79181128333333,
            45.78206963333333
          ],
          [
            21.79693135,
            45.783808199999996
          ],
          [
            21.8015552,
            45.7852972
          ],
          [
            21.805703920000003,
            45.78664424
          ],
          [
            21.810477066666664,
            45.78808816666666
          ],
          [
            21.817434658333337,
            45.789994916666664
          ],
          [
            21.819657300000003,
            45.790549533333326
          ],
          [
            21.8244726,
            45.791756250000006
          ],
          [
            21.829894300000003,
            45.79303136666667
          ],
          [
            21.83658665,
            45.79446325000001
          ],
          [
            21.840017366666668,
            45.795157700000004
          ],
          [
            21.845099583333333,
            45.79607796666667
          ],
          [
            21.850141271428566,
            45.79693071428572
          ],
          [
            21.853990091666663,
            45.79753289166666
          ],
          [
            21.860530199999996,
            45.798502199999994
          ],
          [
            21.8633611,
            45.7989951
          ],
          [
            21.8698027,
            45.79990265
          ],
          [
            21.8770595,
            45.8009045
          ],
          [
            21.88427505,
            45.80201255
          ],
          [
            21.8921978,
            45.8031417
          ],
          [
            21.8961285,
            45.8037347
          ],
          [
            21.9002438,
            45.80439125
          ],
          [
            21.9030341,
            45.8047607
          ],
          [
            21.910472133333332,
            45.80590613333334
          ],
          [
            21.9149355,
            45.8065171
          ],
          [
            21.9182829,
            45.806988
          ],
          [
            21.92529743333333,
            45.8080436
          ],
          [
            21.9380074,
            45.8098908
          ],
          [
            21.94427452,
            45.81127298
          ],
          [
            21.9501454,
            45.8131267
          ],
          [
            21.954419174999998,
            45.814287575
          ],
          [
            21.959225475,
            45.815232425
          ],
          [
            21.963844700000003,
            45.815752700000004
          ],
          [
            21.969712716666667,
            45.81593283333333
          ],
          [
            21.971665549999997,
            45.8159224
          ],
          [
            21.989918175,
            45.8152141
          ],
          [
            21.9958121,
            45.8149103
          ],
          [
            21.9997143,
            45.81481662
          ],
          [
            22.003118153846156,
            45.81486236153847
          ],
          [
            22.009009157142856,
            45.81530895714286
          ],
          [
            22.01427295,
            45.816176825
          ],
          [
            22.019576506249994,
            45.81702655
          ],
          [
            22.02372227,
            45.81736577
          ],
          [
            22.0283785,
            45.817410360000004
          ],
          [
            22.033614892307693,
            45.81709021538462
          ],
          [
            22.039243975,
            45.81628485
          ],
          [
            22.04363434,
            45.81571504
          ],
          [
            22.047530314285716,
            45.81550993571428
          ],
          [
            22.053977649999997,
            45.81547483333333
          ],
          [
            22.059123066666665,
            45.8152075
          ],
          [
            22.064513099999996,
            45.81447434285714
          ]
        ]
      }
    },
    {
      "type": "Feature",
      "properties": {
        "geometryRef": "lugoj-deva-lot2",
        "_source": "OSM"
      },
      "geometry": {
        "type": "LineString",
        "coordinates": [
          [
            22.070796061538466,
            45.813022261538464
          ],
          [
            22.07455921428571,
            45.812012685714286
          ],
          [
            22.0806464,
            45.810427274999995
          ],
          [
            22.085607324999998,
            45.809352024999995
          ],
          [
            22.091629920000003,
            45.808385099999995
          ],
          [
            22.096815399999997,
            45.807897575
          ],
          [
            22.102225966666666,
            45.80764503333333
          ],
          [
            22.107433266666664,
            45.80768603333333
          ],
          [
            22.112822475,
            45.807991900000005
          ],
          [
            22.116018399999998,
            45.808314550000006
          ],
          [
            22.12244651666667,
            45.80932051666667
          ],
          [
            22.126601700000002,
            45.810153400000004
          ],
          [
            22.131488679999997,
            45.811428559999996
          ],
          [
            22.1379541,
            45.813494
          ],
          [
            22.141356325,
            45.814522
          ],
          [
            22.14541465,
            45.815685925
          ],
          [
            22.14897955,
            45.81667135
          ],
          [
            22.156191333333336,
            45.81847875
          ],
          [
            22.15912955,
            45.81915825
          ],
          [
            22.166330275,
            45.8206913
          ],
          [
            22.170650600000002,
            45.8215173
          ],
          [
            22.175756049999997,
            45.8224718
          ],
          [
            22.180899500000002,
            45.8235551
          ],
          [
            22.185710825,
            45.824716224999996
          ],
          [
            22.191091675000003,
            45.826207425
          ],
          [
            22.19463973636364,
            45.82728706363637
          ],
          [
            22.199954181818185,
            45.829092263636355
          ],
          [
            22.205073,
            45.831058350000006
          ],
          [
            22.208619375,
            45.8325269
          ],
          [
            22.2137776,
            45.834887583333334
          ],
          [
            22.21763518571429,
            45.83676027857143
          ],
          [
            22.221864586666666,
            45.83905469333334
          ],
          [
            22.2285258,
            45.84306702857143
          ],
          [
            22.232194080000003,
            45.84567545
          ],
          [
            22.235632691666666,
            45.848852533333336
          ],
          [
            22.240035706249998,
            45.854063375
          ],
          [
            22.24345534193548,
            45.8574345967742
          ],
          [
            22.248562596428574,
            45.861193875000005
          ],
          [
            22.252914581818185,
            45.863568636363645
          ],
          [
            22.25770234166667,
            45.86555994166665
          ],
          [
            22.26287285,
            45.8671648625
          ],
          [
            22.267462399999996,
            45.86814710833334
          ],
          [
            22.272360425000002,
            45.868953499999996
          ],
          [
            22.276837524999998,
            45.8697969
          ],
          [
            22.28207055,
            45.87098315
          ],
          [
            22.288413449999997,
            45.8726635
          ],
          [
            22.2935169,
            45.8740582
          ],
          [
            22.296578975,
            45.87483075
          ],
          [
            22.30180095,
            45.876415699999995
          ],
          [
            22.306375,
            45.87830149090909
          ],
          [
            22.310782266666667,
            45.88044046666667
          ],
          [
            22.31583226666667,
            45.88299908333334
          ],
          [
            22.3202584,
            45.88484178
          ],
          [
            22.325670512500004,
            45.886005225000005
          ],
          [
            22.330355041666664,
            45.88711761666667
          ],
          [
            22.335112633333335,
            45.889537325
          ],
          [
            22.339945729999997,
            45.89033521
          ],
          [
            22.3454524625,
            45.890596525
          ],
          [
            22.350286840000003,
            45.891839139999995
          ],
          [
            22.35465476666667,
            45.892276900000006
          ],
          [
            22.360292280000003,
            45.89221565333334
          ],
          [
            22.365316933333332,
            45.8922181
          ],
          [
            22.369750257142858,
            45.89208212857143
          ],
          [
            22.37522955,
            45.89144165
          ],
          [
            22.379927075,
            45.889661575
          ],
          [
            22.3859004,
            45.8856979
          ],
          [
            22.391052010000003,
            45.88386119
          ],
          [
            22.396024999999998,
            45.883294049999996
          ],
          [
            22.40158932,
            45.88465472
          ],
          [
            22.40568750833333,
            45.88527669166667
          ],
          [
            22.412176766666665,
            45.88415285833333
          ]
        ]
      }
    },
    {
      "type": "Feature",
      "properties": {
        "geometryRef": "lugoj-deva-lots34",
        "_source": "OSM"
      },
      "geometry": {
        "type": "LineString",
        "coordinates": [
          [
            22.416881494444446,
            45.88269881666666
          ],
          [
            22.423148590909094,
            45.882781909090916
          ],
          [
            22.428323857142857,
            45.88234076428571
          ],
          [
            22.432625078571427,
            45.88265220714285
          ],
          [
            22.438035810000002,
            45.882855920000004
          ],
          [
            22.44448220833333,
            45.881402775
          ],
          [
            22.44960857857143,
            45.88045016428572
          ],
          [
            22.45446956,
            45.88083592
          ],
          [
            22.459674690000003,
            45.881417670000005
          ],
          [
            22.463899009090905,
            45.88219910909091
          ],
          [
            22.468958500000003,
            45.8848363125
          ],
          [
            22.474005175,
            45.887221091666675
          ],
          [
            22.47849976190476,
            45.8906467
          ],
          [
            22.482105744444446,
            45.8918879
          ],
          [
            22.487280933333334,
            45.89318737777777
          ],
          [
            22.491611881818184,
            45.89605336363637
          ],
          [
            22.495860899999997,
            45.89802498571429
          ],
          [
            22.50015611176471,
            45.89948552941177
          ],
          [
            22.5057591,
            45.903139874999994
          ],
          [
            22.509394475,
            45.9069984625
          ],
          [
            22.51328975384615,
            45.91122511538462
          ],
          [
            22.51720516,
            45.91546654666667
          ],
          [
            22.520961042857145,
            45.91961567142857
          ],
          [
            22.52515983636364,
            45.92406879090909
          ],
          [
            22.52963849166667,
            45.927752675
          ],
          [
            22.533645807142857,
            45.93025746428571
          ],
          [
            22.539001083333332,
            45.932804483333335
          ],
          [
            22.543729866666666,
            45.93447581666666
          ],
          [
            22.54840585,
            45.93568595000001
          ],
          [
            22.5524314,
            45.936568300000005
          ],
          [
            22.5583645,
            45.93782548
          ],
          [
            22.563536149999997,
            45.93896145
          ],
          [
            22.56686793333333,
            45.93980608333334
          ],
          [
            22.573582711111108,
            45.941531
          ],
          [
            22.578185,
            45.94236436666666
          ],
          [
            22.58299171666667,
            45.94284558333334
          ],
          [
            22.586568915384614,
            45.942995276923085
          ],
          [
            22.592618440000003,
            45.94288888
          ],
          [
            22.5981225,
            45.9427349
          ],
          [
            22.60325645,
            45.94254617857143
          ],
          [
            22.608846612500002,
            45.94191357500001
          ],
          [
            22.61319092272727,
            45.9415425
          ],
          [
            22.618686183333335,
            45.94201652499999
          ],
          [
            22.623709153333337,
            45.9434033
          ],
          [
            22.62802148181818,
            45.94500972727273
          ],
          [
            22.632916109090907,
            45.94637207272727
          ],
          [
            22.638403954545456,
            45.94744620000001
          ],
          [
            22.643473766666663,
            45.94796449166666
          ],
          [
            22.64867303636364,
            45.94808758181818
          ],
          [
            22.653161266666668,
            45.94785963333334
          ],
          [
            22.65840695714286,
            45.947439342857145
          ],
          [
            22.663392200000004,
            45.94702004999999
          ],
          [
            22.668481046666667,
            45.9466191
          ],
          [
            22.673747199999998,
            45.94629903333333
          ],
          [
            22.678630922222222,
            45.94613101111111
          ],
          [
            22.6831798375,
            45.946100625
          ],
          [
            22.689356930000002,
            45.94624596999999
          ],
          [
            22.6934176625,
            45.94644275
          ],
          [
            22.698418242857144,
            45.94673362857144
          ],
          [
            22.703843,
            45.94705176666667
          ],
          [
            22.709487725,
            45.94734098333333
          ],
          [
            22.713489541666664,
            45.94724495833333
          ],
          [
            22.718536730000004,
            45.94650405
          ],
          [
            22.723637949999997,
            45.94522917777778
          ],
          [
            22.728526545454546,
            45.94316287272728
          ],
          [
            22.733585385714285,
            45.94084847142857
          ],
          [
            22.73847837241379,
            45.93865756551723
          ],
          [
            22.742834857142864,
            45.93772140476191
          ],
          [
            22.747909735,
            45.93709553500001
          ],
          [
            22.753118379166665,
            45.9358741
          ],
          [
            22.757780928571425,
            45.93411845238095
          ],
          [
            22.76248918709678,
            45.931485674193546
          ],
          [
            22.767083764705877,
            45.928542776470586
          ],
          [
            22.771863742105264,
            45.926078494736835
          ],
          [
            22.77684892857143,
            45.92389643214285
          ],
          [
            22.781278159999996,
            45.91907619777779
          ],
          [
            22.785298324999996,
            45.91336154
          ],
          [
            22.790165738888888,
            45.91116769444446
          ],
          [
            22.795144757142857,
            45.911166400000006
          ],
          [
            22.801380450000003,
            45.91224755
          ],
          [
            22.80569858,
            45.913446660000005
          ],
          [
            22.810911228571428,
            45.915365171428576
          ],
          [
            22.8162487,
            45.917882275000004
          ],
          [
            22.824117,
            45.9211396
          ],
          [
            22.826524479999996,
            45.92255034000001
          ],
          [
            22.8315710375,
            45.925311750000006
          ],
          [
            22.83645305,
            45.926709925
          ],
          [
            22.84345875,
            45.9285409
          ],
          [
            22.848399694117642,
            45.92973154705882
          ],
          [
            22.85260786486486,
            45.929980683783775
          ],
          [
            22.857552328571426,
            45.92909431428571
          ],
          [
            22.86254738181818,
            45.92795083636364
          ],
          [
            22.867901677419354,
            45.92640744516129
          ],
          [
            22.871980547692303,
            45.921127747692296
          ],
          [
            22.87547405185185,
            45.9137625037037
          ]
        ]
      }
    },
    {
      "type": "Feature",
      "properties": {
        "geometryRef": "deva-simeria",
        "_source": "OSM"
      },
      "geometry": {
        "type": "LineString",
        "coordinates": [
          [
            22.88050114,
            45.91112196000001
          ],
          [
            22.884851988888887,
            45.91046935
          ],
          [
            22.890353633333334,
            45.910326999999995
          ],
          [
            22.8954834625,
            45.9102283625
          ],
          [
            22.900942055555554,
            45.91013983333334
          ],
          [
            22.906703835714286,
            45.909977121428575
          ],
          [
            22.911564229411766,
            45.909472300000004
          ],
          [
            22.916079583333335,
            45.90850740555556
          ],
          [
            22.921242942105266,
            45.906701426315784
          ],
          [
            22.925613011764707,
            45.9044441117647
          ],
          [
            22.929730410526318,
            45.90157531578947
          ],
          [
            22.933420922222222,
            45.89909304444444
          ],
          [
            22.938309383333333,
            45.896643133333335
          ],
          [
            22.9426876,
            45.89498944285714
          ],
          [
            22.94860191538461,
            45.89343417692308
          ],
          [
            22.952980799999995,
            45.892566466666665
          ],
          [
            22.95765816,
            45.89150228
          ],
          [
            22.9617563,
            45.8906165
          ],
          [
            22.9695693,
            45.888946950000005
          ],
          [
            22.973208,
            45.888115375
          ],
          [
            22.97800735,
            45.88689095
          ],
          [
            22.983250233333337,
            45.88516967500001
          ],
          [
            22.986919325,
            45.88378025
          ],
          [
            22.992238949999997,
            45.88147211
          ],
          [
            22.9969747,
            45.8793116
          ],
          [
            23.0068965,
            45.874820549999995
          ],
          [
            23.0145433,
            45.871358650000005
          ],
          [
            23.01987202,
            45.86867855999999
          ],
          [
            23.023291840000002,
            45.86621804666666
          ],
          [
            23.02726171111111,
            45.86106840555556
          ],
          [
            23.030924362500002,
            45.8562734125
          ],
          [
            23.0342925625,
            45.85376008749999
          ],
          [
            23.039484650000002,
            45.851340308333334
          ]
        ]
      }
    },
    {
      "type": "Feature",
      "properties": {
        "geometryRef": "simeria-orastie",
        "_source": "OSM"
      },
      "geometry": {
        "type": "LineString",
        "coordinates": [
          [
            23.04476045,
            45.849946343750005
          ],
          [
            23.04947245,
            45.84892790000001
          ],
          [
            23.055318749999998,
            45.8476362
          ],
          [
            23.060345,
            45.846516900000005
          ],
          [
            23.067118466666667,
            45.845049350000004
          ],
          [
            23.069487666666664,
            45.84453166666666
          ],
          [
            23.07579293,
            45.84305162
          ],
          [
            23.078953849999998,
            45.8422635
          ],
          [
            23.08608075,
            45.840448249999994
          ],
          [
            23.093585824999998,
            45.838571975
          ],
          [
            23.097187488888885,
            45.83767468888889
          ],
          [
            23.102276088888893,
            45.83688486666667
          ],
          [
            23.10743079166667,
            45.83678918333334
          ],
          [
            23.11253634,
            45.83734343
          ],
          [
            23.117545,
            45.838664275
          ],
          [
            23.1209251625,
            45.840037824999996
          ],
          [
            23.126906599999998,
            45.84383248333334
          ],
          [
            23.131247274999996,
            45.847237925
          ],
          [
            23.1338541,
            45.84924165
          ],
          [
            23.140123666666668,
            45.85410486666666
          ],
          [
            23.14448015,
            45.857558749999995
          ],
          [
            23.14814929,
            45.86042742
          ],
          [
            23.1529358,
            45.86413575
          ],
          [
            23.157152799999995,
            45.86730213333333
          ],
          [
            23.161568641666666,
            45.86999048333334
          ],
          [
            23.16755155,
            45.87266783333333
          ],
          [
            23.171899133333337,
            45.87408418333333
          ],
          [
            23.176204800000004,
            45.87510893333334
          ],
          [
            23.18290346666667,
            45.87625846666666
          ],
          [
            23.186863253846152,
            45.87689241538462
          ],
          [
            23.19273874,
            45.87785266
          ],
          [
            23.197530649999997,
            45.87861105
          ],
          [
            23.203300249999998,
            45.8795391
          ],
          [
            23.20750675,
            45.88021595
          ],
          [
            23.21243415,
            45.8810247
          ],
          [
            23.2177465,
            45.88188435
          ],
          [
            23.221718324999998,
            45.882516725
          ],
          [
            23.225575425,
            45.883150150000006
          ],
          [
            23.231788466666668,
            45.88433425
          ],
          [
            23.236133419999998,
            45.88538082000001
          ],
          [
            23.240568720000002,
            45.886477604999996
          ],
          [
            23.245647750000003,
            45.88774218333334
          ],
          [
            23.2509155875,
            45.8888648
          ],
          [
            23.256353716666666,
            45.88978471666667
          ],
          [
            23.25965414,
            45.89024376
          ],
          [
            23.2650732,
            45.89101108333333
          ]
        ]
      }
    },
    {
      "type": "Feature",
      "properties": {
        "geometryRef": "orastie-sibiu",
        "_source": "OSM"
      },
      "geometry": {
        "type": "LineString",
        "coordinates": [
          [
            23.2695762,
            45.891693175
          ],
          [
            23.276164259999998,
            45.89290744
          ],
          [
            23.27979705,
            45.89379615
          ],
          [
            23.284776400000002,
            45.89525810000001
          ],
          [
            23.28753434,
            45.89615354000001
          ],
          [
            23.294114675,
            45.898775825
          ],
          [
            23.298845399999998,
            45.90103645000001
          ],
          [
            23.306581100000002,
            45.9052047
          ],
          [
            23.310403049999998,
            45.907241
          ],
          [
            23.31932865,
            45.912074000000004
          ],
          [
            23.327442450000003,
            45.916488349999995
          ],
          [
            23.334167049999998,
            45.91992435
          ],
          [
            23.34008892142857,
            45.92231832142858
          ],
          [
            23.344737699999996,
            45.92382144999999
          ],
          [
            23.348515255555558,
            45.92481286666666
          ],
          [
            23.35355442222222,
            45.92617756666667
          ],
          [
            23.35787465,
            45.9273906
          ],
          [
            23.3623389,
            45.9288171
          ],
          [
            23.369452,
            45.93103424545455
          ],
          [
            23.3710765,
            45.9315537
          ],
          [
            23.37880215,
            45.93400925
          ],
          [
            23.38025935,
            45.9344844
          ],
          [
            23.38880355,
            45.9371826
          ],
          [
            23.39510016,
            45.939194400000005
          ],
          [
            23.407257599999998,
            45.94330316666666
          ],
          [
            23.40873737777778,
            45.943842533333346
          ],
          [
            23.4150591,
            45.94626425
          ],
          [
            23.420128075,
            45.948404425
          ],
          [
            23.4268143,
            45.951436650000005
          ],
          [
            23.4307835,
            45.95336185
          ],
          [
            23.432801975000004,
            45.9542863
          ],
          [
            23.43841355714286,
            45.95661607142857
          ],
          [
            23.442314033333332,
            45.9580528
          ],
          [
            23.447337150000003,
            45.95958225
          ],
          [
            23.452825025,
            45.96100035
          ],
          [
            23.4592595,
            45.962505625
          ],
          [
            23.4644673,
            45.963768
          ],
          [
            23.468448900000002,
            45.96460583333334
          ],
          [
            23.472800125,
            45.96562955
          ],
          [
            23.4751658,
            45.9660973
          ],
          [
            23.48113761666666,
            45.96754556666667
          ],
          [
            23.486099466666662,
            45.96869235
          ],
          [
            23.49703772,
            45.971239090000005
          ],
          [
            23.51025205,
            45.974378099999996
          ],
          [
            23.51583115,
            45.975728049999994
          ],
          [
            23.521245084615387,
            45.97708286923077
          ],
          [
            23.5258833,
            45.9781999
          ],
          [
            23.5314923,
            45.979591875
          ],
          [
            23.536149049999995,
            45.980444516666665
          ],
          [
            23.541765794736843,
            45.98057442631578
          ],
          [
            23.545901025000003,
            45.979983741666665
          ],
          [
            23.551587884375,
            45.978127140625006
          ],
          [
            23.55680470434783,
            45.97540167391304
          ],
          [
            23.560784749999996,
            45.97366819545454
          ],
          [
            23.56450765,
            45.972841120000005
          ],
          [
            23.569046241666666,
            45.972591125
          ],
          [
            23.57680894,
            45.97228798
          ],
          [
            23.585276949999994,
            45.971765041666664
          ],
          [
            23.59051132608696,
            45.97025275652174
          ],
          [
            23.595073326923075,
            45.966257496153844
          ],
          [
            23.595930550000002,
            45.962619288888895
          ],
          [
            23.594041012499996,
            45.9542323
          ],
          [
            23.592841905882352,
            45.94682813235294
          ],
          [
            23.59496907222222,
            45.94160161666666
          ],
          [
            23.60097158,
            45.936482940000005
          ],
          [
            23.605323316666666,
            45.93305603333334
          ],
          [
            23.608617783333333,
            45.93081
          ],
          [
            23.61410426666667,
            45.92776601666666
          ],
          [
            23.6188058625,
            45.9257035875
          ],
          [
            23.622846666666664,
            45.92427171666666
          ],
          [
            23.62698888571429,
            45.923091514285716
          ],
          [
            23.632847775,
            45.92187635
          ],
          [
            23.63807695,
            45.921169225
          ],
          [
            23.642104566666667,
            45.92085581111111
          ],
          [
            23.6471078,
            45.92077745
          ],
          [
            23.651888516666663,
            45.92100173333333
          ],
          [
            23.658122776923076,
            45.92143715384615
          ],
          [
            23.663512949999998,
            45.921843450000004
          ],
          [
            23.6694428,
            45.922292524999996
          ],
          [
            23.6743855,
            45.9226767
          ],
          [
            23.67943098888889,
            45.92304093333334
          ],
          [
            23.684085475,
            45.9233653
          ],
          [
            23.689083600000004,
            45.92357954
          ],
          [
            23.693967774999997,
            45.923557575
          ],
          [
            23.699094125000002,
            45.9232931
          ],
          [
            23.7052908375,
            45.922618475
          ],
          [
            23.70881073,
            45.92204220000001
          ],
          [
            23.71495273,
            45.92070885
          ],
          [
            23.720076746666667,
            45.919245153333335
          ],
          [
            23.7232579,
            45.918178999999995
          ],
          [
            23.7288966,
            45.91597544666667
          ],
          [
            23.732771539999998,
            45.914148139999995
          ],
          [
            23.74038285,
            45.910116099999996
          ],
          [
            23.74563105,
            45.9073148
          ],
          [
            23.752005749999995,
            45.904035775000004
          ],
          [
            23.7566593,
            45.902135533333336
          ],
          [
            23.759956183333333,
            45.901103983333336
          ],
          [
            23.76510552222222,
            45.8998803
          ],
          [
            23.77005063333333,
            45.89916543333334
          ],
          [
            23.7768701,
            45.89858815
          ],
          [
            23.7829458,
            45.8981244
          ],
          [
            23.78472981,
            45.89798979
          ],
          [
            23.78888825,
            45.897674050000006
          ],
          [
            23.7956322,
            45.8971532
          ],
          [
            23.800589425000002,
            45.896759591666665
          ],
          [
            23.805041,
            45.896266233333336
          ],
          [
            23.8096775,
            45.89548725
          ],
          [
            23.8152146,
            45.894435
          ],
          [
            23.82315165,
            45.892926700000004
          ],
          [
            23.83209555,
            45.891226950000004
          ],
          [
            23.834782375000003,
            45.890704074999995
          ],
          [
            23.8412449125,
            45.88913416875
          ],
          [
            23.84546515,
            45.88768726666667
          ],
          [
            23.8502391125,
            45.8855569125
          ],
          [
            23.854102087500003,
            45.8833214875
          ],
          [
            23.858711533333334,
            45.880358400000006
          ],
          [
            23.86254345,
            45.87834088333333
          ],
          [
            23.867828028571427,
            45.87626828571428
          ],
          [
            23.873510694444445,
            45.873836672222225
          ],
          [
            23.877668800000006,
            45.87017599285714
          ],
          [
            23.879652607142855,
            45.86615987142857
          ],
          [
            23.878859275000003,
            45.86003016875
          ],
          [
            23.871551283333343,
            45.84992508333334
          ],
          [
            23.8646684,
            45.840803675000004
          ],
          [
            23.862493895000004,
            45.83435225
          ],
          [
            23.863335338888884,
            45.82930822222223
          ],
          [
            23.866179464285718,
            45.82501399285714
          ],
          [
            23.870257266666666,
            45.821624799999995
          ],
          [
            23.87459491666667,
            45.81920300000001
          ],
          [
            23.881984642857145,
            45.81618012857143
          ],
          [
            23.8887865,
            45.8138746
          ],
          [
            23.895109883333337,
            45.811732199999994
          ],
          [
            23.901784880000005,
            45.809443955000006
          ],
          [
            23.907855265,
            45.80735636
          ],
          [
            23.911939399999998,
            45.80585253636364
          ],
          [
            23.91802922,
            45.80341844
          ],
          [
            23.922644250000005,
            45.801360683333336
          ],
          [
            23.928216416666668,
            45.79873163333334
          ],
          [
            23.933179071428576,
            45.79636541428572
          ],
          [
            23.93817583636364,
            45.79368283636364
          ],
          [
            23.944485748148146,
            45.7886935037037
          ],
          [
            23.94918468181818,
            45.78326609545455
          ],
          [
            23.954536322222214,
            45.78001090555556
          ],
          [
            23.95900395238096,
            45.77923715238096
          ],
          [
            23.963643034999997,
            45.77967863000001
          ],
          [
            23.969599133333332,
            45.781931783333334
          ],
          [
            23.97349318181818,
            45.78344251818183
          ],
          [
            23.979090130769233,
            45.784895992307696
          ],
          [
            23.983470185714282,
            45.78554087142857
          ],
          [
            23.98917635,
            45.786092575000005
          ],
          [
            23.994113375,
            45.786546224999995
          ],
          [
            23.9992323,
            45.78702106000001
          ],
          [
            24.004463890909086,
            45.78757222727273
          ],
          [
            24.008646753846158,
            45.788290446153844
          ],
          [
            24.013932118749995,
            45.789950624999996
          ],
          [
            24.018359988235293,
            45.792170170588236
          ],
          [
            24.023453543750005,
            45.795876199999995
          ],
          [
            24.028021550000002,
            45.798666433333324
          ],
          [
            24.03277245,
            45.800476825000004
          ],
          [
            24.03794491,
            45.801535300000005
          ],
          [
            24.042769433333333,
            45.80190513333334
          ],
          [
            24.0490386,
            45.80221277142857
          ],
          [
            24.053203937499998,
            45.8030122375
          ],
          [
            24.057586393333334,
            45.805165473333325
          ],
          [
            24.062256723076928,
            45.808989030769226
          ],
          [
            24.067112848148145,
            45.81314472222221
          ],
          [
            24.072116373333337,
            45.817465333333324
          ]
        ]
      }
    },
    {
      "type": "Feature",
      "properties": {
        "geometryRef": "sibiu-bypass",
        "_source": "OSM"
      },
      "geometry": {
        "type": "LineString",
        "coordinates": [
          [
            24.07638026111111,
            45.820823811111104
          ],
          [
            24.081860980000002,
            45.823939599999996
          ],
          [
            24.08616584,
            45.825449500000005
          ],
          [
            24.09144578333333,
            45.82660013333333
          ],
          [
            24.0966808,
            45.82703088333333
          ],
          [
            24.1014203,
            45.8268941
          ],
          [
            24.107220149999996,
            45.82653635
          ],
          [
            24.111906949999998,
            45.82629475
          ],
          [
            24.137714275,
            45.824844075
          ],
          [
            24.14228392222222,
            45.82458507222223
          ],
          [
            24.146574312499997,
            45.82424910833333
          ],
          [
            24.15182928461538,
            45.823264384615385
          ],
          [
            24.15647645769231,
            45.82171609615385
          ],
          [
            24.161679295,
            45.819012255
          ],
          [
            24.165526335000003,
            45.816088845
          ],
          [
            24.16931556363636,
            45.8128182
          ],
          [
            24.173365424999993,
            45.809458945
          ],
          [
            24.176840459999998,
            45.80663714666666
          ],
          [
            24.182010035294116,
            45.80359330588235
          ],
          [
            24.186264673333334,
            45.80157085333333
          ],
          [
            24.190186342105264,
            45.79944048947368
          ],
          [
            24.194571416666665,
            45.795970408333346
          ],
          [
            24.197746704545455,
            45.791933422727276
          ],
          [
            24.19946832105263,
            45.78806341578947
          ],
          [
            24.2012014,
            45.78285355
          ],
          [
            24.202611349999998,
            45.7785747
          ],
          [
            24.205079318750002,
            45.77112010625
          ],
          [
            24.2063117,
            45.767283949999985
          ],
          [
            24.207124487499996,
            45.76256175625001
          ],
          [
            24.206414249999998,
            45.75761279999999
          ],
          [
            24.204187474999998,
            45.752963675
          ]
        ]
      }
    },
    {
      "type": "Feature",
      "properties": {
        "geometryRef": "pitesti-sibiu-lot1",
        "_source": "OSM"
      },
      "geometry": {
        "type": "LineString",
        "coordinates": [
          [
            24.19953468888889,
            45.74651771111109
          ],
          [
            24.197653266666666,
            45.74086978888889
          ],
          [
            24.200044199999997,
            45.73594317500001
          ],
          [
            24.205099611764712,
            45.73284161764706
          ],
          [
            24.210842284615378,
            45.73071093076923
          ],
          [
            24.214865374999995,
            45.72679763000001
          ],
          [
            24.216537404545456,
            45.72185064090908
          ],
          [
            24.220832383333335,
            45.718578688888876
          ],
          [
            24.226875808333336,
            45.71670387500001
          ],
          [
            24.231127405882354,
            45.71344809411766
          ],
          [
            24.2327956125,
            45.70793843125001
          ],
          [
            24.234295314285713,
            45.70425547857143
          ],
          [
            24.237789154545457,
            45.70048352727272
          ],
          [
            24.24112001764706,
            45.69704039411765
          ],
          [
            24.242995579999995,
            45.69252336
          ],
          [
            24.245133300000003,
            45.68596388333333
          ],
          [
            24.24571836666667,
            45.68119561666666
          ],
          [
            24.24554629090909,
            45.675302372727266
          ],
          [
            24.24601843,
            45.67080137000001
          ],
          [
            24.24751015,
            45.66567269999999
          ],
          [
            24.249642987500003,
            45.660351825
          ],
          [
            24.252399713333332,
            45.65611008666667
          ],
          [
            24.2560883,
            45.65189016666667
          ]
        ]
      }
    },
    {
      "type": "Feature",
      "properties": {
        "geometryRef": "pitesti-sibiu-lots234",
        "_source": "OSM"
      },
      "geometry": {
        "type": "LineString",
        "coordinates": [
          [
            24.257657196153843,
            45.64789794423078
          ],
          [
            24.251609843137256,
            45.637950350980375
          ],
          [
            24.251873054545456,
            45.63148285
          ],
          [
            24.256835192857142,
            45.62762548571428
          ],
          [
            24.260784775,
            45.624722133333336
          ],
          [
            24.26355355185185,
            45.62056671111112
          ],
          [
            24.260300301886776,
            45.613419109433956
          ],
          [
            24.25928799375,
            45.60593948750001
          ],
          [
            24.26117026666667,
            45.60083688333334
          ],
          [
            24.25977693125,
            45.592943537500005
          ],
          [
            24.254384872727268,
            45.583960736363636
          ],
          [
            24.250745895454546,
            45.57509438181818
          ],
          [
            24.252194462500004,
            45.5687710375
          ],
          [
            24.255268575,
            45.56447676875
          ],
          [
            24.258266350000003,
            45.56091924285714
          ],
          [
            24.259716511111115,
            45.55690757777778
          ],
          [
            24.262784233333335,
            45.551379450000006
          ],
          [
            24.265415937499995,
            45.5482715125
          ],
          [
            24.2678155,
            45.54413973571429
          ],
          [
            24.270923604545455,
            45.54010334545456
          ],
          [
            24.273772977272724,
            45.53495798181819
          ],
          [
            24.273755166666668,
            45.52858460555555
          ],
          [
            24.275707825000005,
            45.523404787500006
          ],
          [
            24.278670690000002,
            45.52076527
          ],
          [
            24.283758577777775,
            45.51784049444444
          ],
          [
            24.286360284375,
            45.51398875937499
          ],
          [
            24.287168335,
            45.508106005
          ],
          [
            24.28877835714286,
            45.5030914
          ],
          [
            24.291284468181814,
            45.498448518181824
          ],
          [
            24.291295475000002,
            45.493056200000005
          ],
          [
            24.293565849999997,
            45.486085312499995
          ],
          [
            24.293857919047614,
            45.48192798571429
          ],
          [
            24.294334854545454,
            45.476601254545464
          ],
          [
            24.29567997272727,
            45.47021027272728
          ],
          [
            24.293890044444442,
            45.46351277777778
          ],
          [
            24.29614867,
            45.45840830000001
          ],
          [
            24.298892439999992,
            45.45413939
          ],
          [
            24.304390525,
            45.450687325
          ],
          [
            24.307233256249997,
            45.44828480000001
          ],
          [
            24.304924181818183,
            45.43913803181818
          ],
          [
            24.29857230714286,
            45.42894533571429
          ],
          [
            24.296901372222223,
            45.422205149999996
          ],
          [
            24.297165464285715,
            45.41684947142857
          ],
          [
            24.3000457,
            45.412352999999996
          ],
          [
            24.303748,
            45.4077738
          ],
          [
            24.30643876666667,
            45.404452616666674
          ],
          [
            24.310267283333328,
            45.39939153888889
          ],
          [
            24.309197233333336,
            45.39233854358975
          ],
          [
            24.30566767826087,
            45.38508767826086
          ],
          [
            24.308693899999998,
            45.3807556882353
          ],
          [
            24.31603253214286,
            45.37892689285716
          ],
          [
            24.320623,
            45.37779605
          ],
          [
            24.326929962500003,
            45.37471289999999
          ],
          [
            24.33080298333333,
            45.37295088333334
          ],
          [
            24.337474478571433,
            45.37035032857143
          ],
          [
            24.343377442857143,
            45.36867817857143
          ],
          [
            24.35248928888889,
            45.369055529629634
          ],
          [
            24.360690908695652,
            45.36932793913043
          ],
          [
            24.3678571,
            45.36777795384615
          ],
          [
            24.373415675,
            45.367471175
          ],
          [
            24.3868575125,
            45.3686468
          ],
          [
            24.393175088235296,
            45.36839221176471
          ],
          [
            24.3982383,
            45.3661652
          ],
          [
            24.4037599,
            45.3630219
          ],
          [
            24.40742386363636,
            45.36048087272727
          ],
          [
            24.409499674999996,
            45.35664635
          ],
          [
            24.410535919047614,
            45.35003028095237
          ],
          [
            24.413390287500004,
            45.346299925000004
          ],
          [
            24.418388171428575,
            45.34409337857142
          ],
          [
            24.42590925,
            45.3423617
          ],
          [
            24.43126825,
            45.34128836666667
          ],
          [
            24.4381884,
            45.340005975
          ],
          [
            24.443535999999998,
            45.339108625
          ],
          [
            24.45205669,
            45.337671740000005
          ],
          [
            24.458803559999996,
            45.33586181
          ],
          [
            24.46278428571429,
            45.33440978571429
          ],
          [
            24.46900155,
            45.33241448333333
          ],
          [
            24.47536691428572,
            45.33083488571429
          ],
          [
            24.48241585,
            45.32870058333333
          ],
          [
            24.48885675,
            45.32654306666668
          ],
          [
            24.49462869090909,
            45.32435185454545
          ],
          [
            24.49946369090909,
            45.32191201818182
          ],
          [
            24.503635921052634,
            45.31937075263158
          ],
          [
            24.506687104999994,
            45.315824085
          ],
          [
            24.50821061666667,
            45.311232925000006
          ],
          [
            24.508906365,
            45.305025054999994
          ],
          [
            24.5089356,
            45.2993969
          ],
          [
            24.510904974999995,
            45.294698575
          ],
          [
            24.514164625000003,
            45.289202175
          ],
          [
            24.51603069090909,
            45.28503469090909
          ],
          [
            24.517111005882352,
            45.280545399999994
          ],
          [
            24.520146508333337,
            45.275672766666666
          ],
          [
            24.523376578571433,
            45.27156392142857
          ],
          [
            24.523727191666666,
            45.26634759999999
          ],
          [
            24.522901218750008,
            45.2595433375
          ],
          [
            24.52445714166667,
            45.25429996666667
          ],
          [
            24.5274673875,
            45.250702075
          ],
          [
            24.531843000000002,
            45.2466068
          ],
          [
            24.535130278571426,
            45.243190799999994
          ],
          [
            24.53724779375,
            45.2389853375
          ],
          [
            24.53959934166667,
            45.23381390833334
          ],
          [
            24.542437985714283,
            45.23047562857143
          ],
          [
            24.5466274,
            45.22640056428571
          ],
          [
            24.549077742857143,
            45.222814985714294
          ],
          [
            24.550533095000002,
            45.217870619999985
          ],
          [
            24.549854955555556,
            45.21144452777777
          ],
          [
            24.549243237500004,
            45.2046168875
          ],
          [
            24.549321366666664,
            45.19878326666666
          ],
          [
            24.54947776666667,
            45.19141706666667
          ],
          [
            24.5495702,
            45.18593253333333
          ],
          [
            24.549996579999995,
            45.17990147333334
          ],
          [
            24.55159468571429,
            45.17516935000001
          ],
          [
            24.554234150000003,
            45.17113665000001
          ],
          [
            24.558623366666666,
            45.16656926666667
          ],
          [
            24.561016274999997,
            45.163865325
          ],
          [
            24.564993515384614,
            45.15904050769231
          ],
          [
            24.56871689230769,
            45.156492169230766
          ],
          [
            24.575886781250002,
            45.15468134375001
          ],
          [
            24.58208703,
            45.15434132
          ],
          [
            24.589114490000004,
            45.15325763
          ],
          [
            24.59525045,
            45.1514396
          ],
          [
            24.6003081,
            45.14971585
          ],
          [
            24.606518450000003,
            45.14762125
          ],
          [
            24.613098375000003,
            45.145319425000004
          ],
          [
            24.617129527272724,
            45.14365941818182
          ],
          [
            24.622725199999998,
            45.1408661
          ],
          [
            24.62821478,
            45.137858980000004
          ],
          [
            24.632303949999997,
            45.13469564166667
          ],
          [
            24.634688542857145,
            45.13193602857143
          ],
          [
            24.63919695,
            45.1266563
          ],
          [
            24.642846049999996,
            45.12269146999999
          ],
          [
            24.645857825,
            45.11948459999999
          ],
          [
            24.648684324999998,
            45.11631575
          ],
          [
            24.652357144444444,
            45.111922222222226
          ],
          [
            24.655658850000005,
            45.10945061000002
          ]
        ]
      }
    },
    {
      "type": "Feature",
      "properties": {
        "geometryRef": "pitesti-sibiu-lot5",
        "_source": "OSM"
      },
      "geometry": {
        "type": "LineString",
        "coordinates": [
          [
            24.66118064999999,
            45.10683637708333
          ],
          [
            24.66494661081081,
            45.10366471891892
          ],
          [
            24.666896538461533,
            45.09923573076922
          ],
          [
            24.667054566666668,
            45.0926226
          ],
          [
            24.667071466666666,
            45.08575104166667
          ],
          [
            24.66726498,
            45.079921490000004
          ],
          [
            24.668405637500005,
            45.07486781666668
          ],
          [
            24.6703488,
            45.0705692
          ],
          [
            24.673413871428572,
            45.06617842142857
          ],
          [
            24.67690694444444,
            45.06248681111111
          ],
          [
            24.680459816666666,
            45.05874104166667
          ],
          [
            24.683139583333332,
            45.05509676666667
          ],
          [
            24.68649570833334,
            45.05002184166667
          ],
          [
            24.688504875,
            45.047534675
          ],
          [
            24.69282466923077,
            45.04294074615385
          ],
          [
            24.69449809615385,
            45.03838995
          ],
          [
            24.694778576666657,
            45.03216126999999
          ],
          [
            24.696594468749996,
            45.026715249999995
          ],
          [
            24.69894415,
            45.02295511499999
          ],
          [
            24.703004494444443,
            45.019284927777775
          ],
          [
            24.708043638888892,
            45.016668088888885
          ],
          [
            24.7129971375,
            45.01515785
          ],
          [
            24.72109867222222,
            45.01357835555556
          ],
          [
            24.726493814285714,
            45.011618517142864
          ],
          [
            24.730140141379305,
            45.00915534827587
          ],
          [
            24.733857034999993,
            45.005287724999995
          ],
          [
            24.737123271428572,
            45.001713457142856
          ],
          [
            24.740566925000003,
            44.997807125
          ],
          [
            24.743635174999998,
            44.99416210416667
          ],
          [
            24.747793785714286,
            44.989387167857146
          ],
          [
            24.749808109090907,
            44.98681091818182
          ],
          [
            24.753141599999996,
            44.98229614545455
          ],
          [
            24.756606230434777,
            44.977634743478255
          ],
          [
            24.758625805882346,
            44.97298397647059
          ],
          [
            24.75784233829787,
            44.966397661702125
          ],
          [
            24.75882968518518,
            44.96004798518519
          ],
          [
            24.762351985714282,
            44.95554855238096
          ],
          [
            24.765315123529415,
            44.95210551764706
          ],
          [
            24.768343030769227,
            44.94858034615384
          ],
          [
            24.7718952875,
            44.94442887499999
          ],
          [
            24.775499019999998,
            44.94023763
          ],
          [
            24.77823023,
            44.93727702
          ],
          [
            24.7823699625,
            44.933589087499996
          ],
          [
            24.7864653125,
            44.93060835
          ],
          [
            24.790951,
            44.92788252000001
          ],
          [
            24.79481794166667,
            44.92516895833333
          ],
          [
            24.798788440000003,
            44.92228389
          ],
          [
            24.803604964285718,
            44.91954607142857
          ],
          [
            24.808415846666666,
            44.917366913333346
          ],
          [
            24.815509269999996,
            44.91448695000001
          ],
          [
            24.81802680666667,
            44.91321242333333
          ],
          [
            24.82311200833333,
            44.909848825000005
          ],
          [
            24.826680191666668,
            44.906381008333334
          ],
          [
            24.830634304999997,
            44.90249286500001
          ],
          [
            24.83277004583333,
            44.90077200833334
          ]
        ]
      }
    },
    {
      "type": "Feature",
      "properties": {
        "geometryRef": "bucharest-pitesti",
        "_source": "OSM"
      },
      "geometry": {
        "type": "LineString",
        "coordinates": [
          [
            24.955809225,
            44.81204238333334
          ],
          [
            24.959557761538463,
            44.80979213846154
          ],
          [
            24.96451149090909,
            44.806465290909095
          ],
          [
            24.967869675,
            44.8039678875
          ],
          [
            24.972688549999994,
            44.80082990000001
          ],
          [
            24.975625038461537,
            44.79902959230769
          ],
          [
            24.98072307692307,
            44.79598534615385
          ],
          [
            24.985083985714287,
            44.79303417142858
          ],
          [
            24.988843266666663,
            44.789907577777775
          ],
          [
            24.992595303703705,
            44.78671047777778
          ],
          [
            24.996546653333336,
            44.783952153333324
          ],
          [
            25.00131341,
            44.78122229499999
          ],
          [
            25.004989057142854,
            44.779446278571434
          ],
          [
            25.01053457,
            44.77724999
          ],
          [
            25.014736941666666,
            44.77564437499999
          ],
          [
            25.01982405,
            44.773471699999995
          ],
          [
            25.023659533333333,
            44.77162256666667
          ],
          [
            25.02830285,
            44.769299512500005
          ],
          [
            25.033704460000003,
            44.766903320000004
          ],
          [
            25.037773115384617,
            44.765322476923075
          ],
          [
            25.042694044,
            44.76365600800002
          ],
          [
            25.04708845454546,
            44.76235568181818
          ],
          [
            25.052286058333333,
            44.76106295
          ],
          [
            25.05704771,
            44.760083990000005
          ],
          [
            25.06148479,
            44.75933898
          ],
          [
            25.06754435,
            44.7585594
          ],
          [
            25.07217826666667,
            44.757946016666665
          ],
          [
            25.0773525875,
            44.75692191875
          ],
          [
            25.08233236333333,
            44.75556836
          ],
          [
            25.08682885333333,
            44.754007826666665
          ],
          [
            25.09126148333333,
            44.752096849999994
          ],
          [
            25.0962813,
            44.749375175
          ],
          [
            25.100049925,
            44.746864925
          ],
          [
            25.103230566666667,
            44.74433341666667
          ],
          [
            25.10709095,
            44.740619825
          ],
          [
            25.11108166428571,
            44.73659594285715
          ],
          [
            25.11529598333333,
            44.733069916666665
          ],
          [
            25.11879005,
            44.730544916666666
          ],
          [
            25.123606766666665,
            44.727545383333336
          ],
          [
            25.12772082,
            44.72536858000001
          ],
          [
            25.132148349999998,
            44.723048299999995
          ],
          [
            25.135995400000002,
            44.72070558750001
          ],
          [
            25.14051289285714,
            44.717418371428565
          ],
          [
            25.144465233333335,
            44.714414733333335
          ],
          [
            25.148460100000005,
            44.71189776666666
          ],
          [
            25.15284871111111,
            44.709628433333336
          ],
          [
            25.15807369166667,
            44.707439291666674
          ],
          [
            25.16291407894737,
            44.705850147368416
          ],
          [
            25.1663705,
            44.70495208333333
          ],
          [
            25.172566333333336,
            44.70374173333334
          ],
          [
            25.177771175000004,
            44.70312935
          ],
          [
            25.190127750000002,
            44.7023811
          ],
          [
            25.20059805,
            44.70176255
          ],
          [
            25.2086774,
            44.701291850000004
          ],
          [
            25.217950199999997,
            44.700752925
          ],
          [
            25.223779027272727,
            44.70042333636364
          ],
          [
            25.228325585714288,
            44.70015578571429
          ],
          [
            25.2329532375,
            44.6996896
          ],
          [
            25.2380809,
            44.6989101
          ],
          [
            25.243809075,
            44.69755334999999
          ],
          [
            25.248970425000003,
            44.69596075
          ],
          [
            25.253502275,
            44.694191925000005
          ],
          [
            25.256820333333334,
            44.69260576666667
          ],
          [
            25.261993366666662,
            44.68971368333333
          ],
          [
            25.265193566666667,
            44.68754546666667
          ],
          [
            25.270174475,
            44.684051425
          ],
          [
            25.274029024999997,
            44.68166514999999
          ],
          [
            25.279266099999997,
            44.678826675
          ],
          [
            25.284359625,
            44.676454575
          ],
          [
            25.2900547,
            44.6741667
          ],
          [
            25.292629869999995,
            44.67325184
          ],
          [
            25.303754950000002,
            44.669280449999995
          ],
          [
            25.307939723076927,
            44.6677462923077
          ],
          [
            25.3104447,
            44.6667896
          ],
          [
            25.317237300000002,
            44.664427599999996
          ],
          [
            25.32683745,
            44.660984549999995
          ],
          [
            25.3333623,
            44.6585483
          ],
          [
            25.337044900000006,
            44.657279
          ],
          [
            25.3383945,
            44.65680645714286
          ],
          [
            25.345526433333337,
            44.654334999999996
          ],
          [
            25.350032350000003,
            44.652931566666666
          ],
          [
            25.35475815,
            44.65169736666666
          ],
          [
            25.359435,
            44.65066168333333
          ],
          [
            25.3649922,
            44.64969315
          ],
          [
            25.3694102,
            44.6491007
          ],
          [
            25.375579424999998,
            44.648362025000004
          ],
          [
            25.379227685714287,
            44.64772725714287
          ],
          [
            25.385295366666668,
            44.64626475
          ],
          [
            25.389880316666666,
            44.644806916666674
          ],
          [
            25.394369974999996,
            44.6429966125
          ],
          [
            25.398536999999997,
            44.6409291375
          ],
          [
            25.40286585,
            44.6383127
          ],
          [
            25.407698175,
            44.635092112500004
          ],
          [
            25.4118649875,
            44.63254310000001
          ],
          [
            25.415192181250003,
            44.630725331250005
          ],
          [
            25.420454450000005,
            44.628090316666665
          ],
          [
            25.425291450000003,
            44.625980925
          ],
          [
            25.430716,
            44.6238115
          ],
          [
            25.434945543749997,
            44.62189991875
          ],
          [
            25.440245359999995,
            44.61898495999999
          ],
          [
            25.44420667,
            44.61633672000001
          ],
          [
            25.447853925,
            44.613427775000005
          ],
          [
            25.451559824999997,
            44.609857455000004
          ],
          [
            25.454813154545455,
            44.60603123181818
          ],
          [
            25.45736441666667,
            44.60226691666666
          ],
          [
            25.460323133333333,
            44.59606551666666
          ],
          [
            25.462232175,
            44.591295450000004
          ],
          [
            25.4649084875,
            44.58655185
          ],
          [
            25.467807099999998,
            44.58269441666667
          ],
          [
            25.4719847,
            44.57847916000001
          ],
          [
            25.475273337499996,
            44.575737675
          ],
          [
            25.478607266666668,
            44.5734014
          ],
          [
            25.484173100000003,
            44.569976450000006
          ],
          [
            25.487796766666666,
            44.56744926666667
          ],
          [
            25.492036942857148,
            44.56389193571429
          ],
          [
            25.495152500000003,
            44.560749799999996
          ],
          [
            25.498491299999998,
            44.556903000000005
          ],
          [
            25.501455,
            44.553779975000005
          ],
          [
            25.505095525,
            44.550451800000005
          ],
          [
            25.510395550000002,
            44.54626746999999
          ],
          [
            25.5138121,
            44.543905300000006
          ],
          [
            25.5178594,
            44.54137955
          ],
          [
            25.5228543,
            44.5381923
          ],
          [
            25.527099025,
            44.53566465
          ],
          [
            25.530251327272723,
            44.533717881818184
          ],
          [
            25.5343782,
            44.531137400000006
          ],
          [
            25.5432138,
            44.52560335
          ],
          [
            25.547471,
            44.52297815
          ],
          [
            25.55306715,
            44.5195083
          ],
          [
            25.55883137777778,
            44.51598837777778
          ],
          [
            25.564624749999997,
            44.5124055
          ],
          [
            25.5699086,
            44.509130775
          ],
          [
            25.5740437,
            44.506622
          ],
          [
            25.578016618750002,
            44.504056506249995
          ],
          [
            25.582305950000002,
            44.501458774999996
          ],
          [
            25.58643534285714,
            44.49915042857143
          ],
          [
            25.5905246,
            44.49714286666667
          ],
          [
            25.596925039999995,
            44.494585810000004
          ],
          [
            25.599315733333338,
            44.493802966666664
          ],
          [
            25.605230775000003,
            44.492120224999994
          ],
          [
            25.610783683333334,
            44.49094504999999
          ],
          [
            25.61618885,
            44.4901143
          ],
          [
            25.620720119999998,
            44.489681579999996
          ],
          [
            25.6243757,
            44.4894621
          ],
          [
            25.631040737499998,
            44.489247237499995
          ],
          [
            25.63537742142857,
            44.488866092857144
          ],
          [
            25.640715450000002,
            44.48805265
          ],
          [
            25.645580974999998,
            44.4869478375
          ],
          [
            25.6507219,
            44.485457275
          ],
          [
            25.65438785,
            44.484366800000004
          ],
          [
            25.659594675,
            44.4830094
          ],
          [
            25.6644742,
            44.481885500000004
          ],
          [
            25.669605049999998,
            44.480860650000004
          ],
          [
            25.67527755,
            44.479807066666666
          ],
          [
            25.67938473333333,
            44.478910444444445
          ],
          [
            25.684653083333334,
            44.47737485
          ],
          [
            25.689146275000002,
            44.475752150000005
          ],
          [
            25.693580616666665,
            44.473786716666666
          ],
          [
            25.699320574999998,
            44.470769100000005
          ],
          [
            25.702674375,
            44.469089325
          ],
          [
            25.70793365,
            44.466989874999996
          ],
          [
            25.712224575,
            44.465565
          ],
          [
            25.717623975000002,
            44.46416565
          ],
          [
            25.721528316666667,
            44.46340546666667
          ],
          [
            25.726801800000004,
            44.462683274999996
          ],
          [
            25.73253196363636,
            44.46229585454546
          ],
          [
            25.736523947058824,
            44.46222158823531
          ],
          [
            25.7427184875,
            44.4624921875
          ],
          [
            25.747325449999998,
            44.4629946125
          ],
          [
            25.752024549999998,
            44.46380064
          ],
          [
            25.75738056,
            44.46504517999999
          ],
          [
            25.761767759999998,
            44.46631424
          ],
          [
            25.76745194999999,
            44.46795833
          ],
          [
            25.7716486875,
            44.4689189375
          ],
          [
            25.776317183333333,
            44.46973608333334
          ],
          [
            25.781413524999998,
            44.470373824999996
          ],
          [
            25.78678798333333,
            44.47071805000001
          ],
          [
            25.791391716666666,
            44.47079605
          ],
          [
            25.796402175,
            44.4706039625
          ],
          [
            25.801868133333333,
            44.47009853333333
          ],
          [
            25.8070520125,
            44.46931527499999
          ],
          [
            25.811886983333334,
            44.46846476666666
          ],
          [
            25.8175171,
            44.46770006666667
          ],
          [
            25.82264155,
            44.46723219999999
          ],
          [
            25.826379225,
            44.467040441666676
          ],
          [
            25.831623175,
            44.4669933
          ],
          [
            25.837842071428575,
            44.46720908571428
          ],
          [
            25.842070333333336,
            44.46727736666667
          ],
          [
            25.846939900000002,
            44.467209887500005
          ],
          [
            25.8525783,
            44.46689715
          ],
          [
            25.8568315,
            44.46650125
          ],
          [
            25.862016683333334,
            44.465800316666666
          ],
          [
            25.86691595,
            44.464976205555566
          ],
          [
            25.87298695,
            44.463585425000005
          ],
          [
            25.877052740909093,
            44.46246500909092
          ],
          [
            25.881218914285714,
            44.461178028571425
          ],
          [
            25.886130519047615,
            44.45943271904761
          ],
          [
            25.891397569230772,
            44.45713382307693
          ],
          [
            25.89487324545454,
            44.455465200000006
          ],
          [
            25.898851439999998,
            44.45333830999999
          ],
          [
            25.903980899999997,
            44.45017818333333
          ],
          [
            25.90796855,
            44.44780015
          ],
          [
            25.9128361,
            44.445346275
          ],
          [
            25.917542175,
            44.443401987499996
          ],
          [
            25.921566875000003,
            44.442075375
          ],
          [
            25.92766546666666,
            44.44045567777778
          ],
          [
            25.932878277777778,
            44.43943363333334
          ],
          [
            25.936519785714285,
            44.43894283571428
          ],
          [
            25.944149100000004,
            44.43827518571429
          ],
          [
            25.946381514285715,
            44.43805625714286
          ],
          [
            25.95713235,
            44.43715145
          ],
          [
            25.967568303846157,
            44.43626275769232
          ]
        ]
      }
    }
  ]
}