{
  "type": "FeatureCollection",
  "features": [
    {
      "type": "Feature",
      "properties": {
        "geometryRef": "bratislava-viedenska-pristavny-most",
        "_source": "OSM"
      },
      "geometry": {
        "type": "LineString",
        "coordinates": [
          [
            17.089023,
            48.130456
          ],
          [
            17.090234,
            48.130959
          ],
          [
            17.092242,
            48.131523
          ],
          [
            17.096007,
            48.131955
          ],
          [
            17.108131,
            48.131536
          ],
          [
            17.11658,
            48.131238
          ],
          [
            17.126708,
            48.130848
          ],
          [
            17.127792,
            48.130824
          ],
          [
            17.13202,
            48.131013
          ],
          [
            17.134863,
            48.131559
          ]
        ]
      }
    },
    {
      "type": "Feature",
      "properties": {
        "geometryRef": "pristavny-most-mierova",
        "_source": "OSM"
      },
      "geometry": {
        "type": "LineString",
        "coordinates": [
          [
            17.134863,
            48.131559
          ],
          [
            17.136477,
            48.132224
          ],
          [
            17.137699,
            48.132981
          ],
          [
            17.143435,
            48.137265
          ],
          [
            17.146609,
            48.139646
          ],
          [
            17.147332,
            48.140162
          ],
          [
            17.148593,
            48.140861
          ],
          [
            17.150034,
            48.141388
          ],
          [
            17.152842,
            48.141843
          ],
          [
            17.157567,
            48.141932
          ],
          [
            17.163169,
            48.14203
          ],
          [
            17.167942,
            48.142107
          ],
          [
            17.171465,
            48.142226
          ],
          [
            17.173346,
            48.142507
          ],
          [
            17.174826,
            48.142914
          ],
          [
            17.177399,
            48.144102
          ],
          [
            17.17859,
            48.144979
          ],
          [
            17.17953,
            48.145936
          ],
          [
            17.180643,
            48.147987
          ],
          [
            17.181123,
            48.150756
          ],
          [
            17.181685,
            48.154781
          ],
          [
            17.182287,
            48.158987
          ],
          [
            17.182693,
            48.161167
          ]
        ]
      }
    },
    {
      "type": "Feature",
      "properties": {
        "geometryRef": "mierova-senecka-cesta",
        "_source": "OSM"
      },
      "geometry": {
        "type": "LineString",
        "coordinates": [
          [
            17.182693,
            48.161167
          ],
          [
            17.184216,
            48.166363
          ],
          [
            17.185529,
            48.169516
          ],
          [
            17.186606,
            48.171653
          ],
          [
            17.188195,
            48.174144
          ],
          [
            17.189645,
            48.176046
          ],
          [
            17.192142,
            48.178746
          ],
          [
            17.193537,
            48.180057
          ],
          [
            17.19649,
            48.182434
          ],
          [
            17.200107,
            48.184833
          ],
          [
            17.201178,
            48.185462
          ],
          [
            17.205531,
            48.187718
          ],
          [
            17.208943,
            48.189372
          ],
          [
            17.214509,
            48.192067
          ],
          [
            17.217984,
            48.193764
          ],
          [
            17.218566,
            48.194052
          ],
          [
            17.222459,
            48.196112
          ],
          [
            17.22629,
            48.198298
          ],
          [
            17.226312,
            48.198311
          ]
        ]
      }
    },
    {
      "type": "Feature",
      "properties": {
        "geometryRef": "vajnory-horna-streda",
        "_source": "OSM"
      },
      "geometry": {
        "type": "LineString",
        "coordinates": [
          [
            17.226312,
            48.198311
          ],
          [
            17.234955,
            48.20334
          ],
          [
            17.238418,
            48.205032
          ],
          [
            17.239046,
            48.205319
          ],
          [
            17.242545,
            48.206837
          ],
          [
            17.243876,
            48.207367
          ],
          [
            17.24846,
            48.20904
          ],
          [
            17.253594,
            48.210603
          ],
          [
            17.258147,
            48.211763
          ],
          [
            17.262976,
            48.212769
          ],
          [
            17.267914,
            48.213577
          ],
          [
            17.270104,
            48.213889
          ],
          [
            17.274845,
            48.214375
          ],
          [
            17.275772,
            48.214453
          ],
          [
            17.280535,
            48.214707
          ],
          [
            17.284679,
            48.214797
          ],
          [
            17.289199,
            48.214795
          ],
          [
            17.293308,
            48.21473
          ],
          [
            17.297622,
            48.214624
          ],
          [
            17.302654,
            48.2145
          ],
          [
            17.307743,
            48.214436
          ],
          [
            17.312971,
            48.214565
          ],
          [
            17.315083,
            48.214684
          ],
          [
            17.319221,
            48.215086
          ],
          [
            17.321913,
            48.215469
          ],
          [
            17.326808,
            48.216419
          ],
          [
            17.329081,
            48.216972
          ],
          [
            17.333957,
            48.218445
          ],
          [
            17.335132,
            48.218852
          ],
          [
            17.339055,
            48.220432
          ],
          [
            17.341751,
            48.221699
          ],
          [
            17.345123,
            48.223503
          ],
          [
            17.346405,
            48.224225
          ],
          [
            17.350263,
            48.226619
          ],
          [
            17.354042,
            48.229046
          ],
          [
            17.35762,
            48.231327
          ],
          [
            17.358681,
            48.231988
          ],
          [
            17.362399,
            48.234202
          ],
          [
            17.36368,
            48.234932
          ],
          [
            17.367733,
            48.237037
          ],
          [
            17.369513,
            48.237882
          ],
          [
            17.373946,
            48.239732
          ],
          [
            17.376573,
            48.240685
          ],
          [
            17.382216,
            48.242399
          ],
          [
            17.38447,
            48.242987
          ],
          [
            17.390096,
            48.244164
          ],
          [
            17.390668,
            48.244265
          ],
          [
            17.395067,
            48.244921
          ],
          [
            17.397836,
            48.245253
          ],
          [
            17.404246,
            48.245889
          ],
          [
            17.409495,
            48.246393
          ],
          [
            17.412507,
            48.24675
          ],
          [
            17.417094,
            48.247459
          ],
          [
            17.418244,
            48.247669
          ],
          [
            17.423705,
            48.248898
          ],
          [
            17.426709,
            48.249714
          ],
          [
            17.43241,
            48.25159
          ],
          [
            17.437887,
            48.253857
          ],
          [
            17.440727,
            48.25522
          ],
          [
            17.443485,
            48.256693
          ],
          [
            17.448409,
            48.259814
          ],
          [
            17.452759,
            48.263146
          ],
          [
            17.45602,
            48.266116
          ],
          [
            17.462072,
            48.271901
          ],
          [
            17.464984,
            48.274441
          ],
          [
            17.468142,
            48.276961
          ],
          [
            17.46949,
            48.278
          ],
          [
            17.473319,
            48.280744
          ],
          [
            17.477273,
            48.283288
          ],
          [
            17.481767,
            48.285932
          ],
          [
            17.487052,
            48.288711
          ],
          [
            17.490786,
            48.290492
          ],
          [
            17.493998,
            48.291924
          ],
          [
            17.499672,
            48.29422
          ],
          [
            17.503273,
            48.295527
          ],
          [
            17.509881,
            48.297686
          ],
          [
            17.515476,
            48.299231
          ],
          [
            17.519309,
            48.300174
          ],
          [
            17.523173,
            48.301041
          ],
          [
            17.526393,
            48.30168
          ],
          [
            17.534315,
            48.303024
          ],
          [
            17.539046,
            48.30381
          ],
          [
            17.541108,
            48.304188
          ],
          [
            17.547694,
            48.305471
          ],
          [
            17.552963,
            48.306593
          ],
          [
            17.555134,
            48.30709
          ],
          [
            17.560101,
            48.308305
          ],
          [
            17.562364,
            48.308878
          ],
          [
            17.56669,
            48.310048
          ],
          [
            17.570637,
            48.311171
          ],
          [
            17.574587,
            48.312349
          ],
          [
            17.579058,
            48.313792
          ],
          [
            17.58353,
            48.3153
          ],
          [
            17.590989,
            48.318034
          ],
          [
            17.594676,
            48.319471
          ],
          [
            17.598221,
            48.320934
          ],
          [
            17.60343,
            48.323198
          ],
          [
            17.60583,
            48.324285
          ],
          [
            17.609205,
            48.32586
          ],
          [
            17.613897,
            48.328166
          ],
          [
            17.62118,
            48.332052
          ],
          [
            17.623662,
            48.333441
          ],
          [
            17.629141,
            48.336667
          ],
          [
            17.632673,
            48.338824
          ],
          [
            17.636105,
            48.340889
          ],
          [
            17.641369,
            48.34396
          ],
          [
            17.645133,
            48.346062
          ],
          [
            17.648778,
            48.348005
          ],
          [
            17.654463,
            48.350759
          ],
          [
            17.657826,
            48.352222
          ],
          [
            17.661782,
            48.353812
          ],
          [
            17.665731,
            48.355246
          ],
          [
            17.669398,
            48.356452
          ],
          [
            17.673174,
            48.357582
          ],
          [
            17.677909,
            48.358858
          ],
          [
            17.681704,
            48.359812
          ],
          [
            17.692038,
            48.362237
          ],
          [
            17.697264,
            48.363497
          ],
          [
            17.701331,
            48.364529
          ],
          [
            17.706005,
            48.365855
          ],
          [
            17.709729,
            48.367047
          ],
          [
            17.710608,
            48.36735
          ],
          [
            17.714194,
            48.36869
          ],
          [
            17.716046,
            48.369456
          ],
          [
            17.71982,
            48.371205
          ],
          [
            17.721555,
            48.372086
          ],
          [
            17.72528,
            48.37421
          ],
          [
            17.726124,
            48.374731
          ],
          [
            17.729708,
            48.377153
          ],
          [
            17.730541,
            48.377761
          ],
          [
            17.733704,
            48.380291
          ],
          [
            17.736245,
            48.382667
          ],
          [
            17.737527,
            48.383949
          ],
          [
            17.739873,
            48.386636
          ],
          [
            17.741855,
            48.38929
          ],
          [
            17.742333,
            48.390001
          ],
          [
            17.744176,
            48.393086
          ],
          [
            17.745565,
            48.39597
          ],
          [
            17.746179,
            48.397501
          ],
          [
            17.747139,
            48.400491
          ],
          [
            17.747353,
            48.401313
          ],
          [
            17.747957,
            48.404443
          ],
          [
            17.74804,
            48.405097
          ],
          [
            17.748259,
            48.407861
          ],
          [
            17.748192,
            48.410971
          ],
          [
            17.747848,
            48.413914
          ],
          [
            17.747389,
            48.416186
          ],
          [
            17.74642,
            48.41955
          ],
          [
            17.745864,
            48.421116
          ],
          [
            17.743621,
            48.426782
          ],
          [
            17.742406,
            48.429908
          ],
          [
            17.741543,
            48.432496
          ],
          [
            17.740637,
            48.435704
          ],
          [
            17.740016,
            48.4385
          ],
          [
            17.739442,
            48.441888
          ],
          [
            17.739256,
            48.443273
          ],
          [
            17.738973,
            48.446931
          ],
          [
            17.73892,
            48.448529
          ],
          [
            17.738972,
            48.452514
          ],
          [
            17.739081,
            48.454246
          ],
          [
            17.739468,
            48.457778
          ],
          [
            17.739729,
            48.459402
          ],
          [
            17.74035,
            48.462532
          ],
          [
            17.74093,
            48.464838
          ],
          [
            17.741839,
            48.467826
          ],
          [
            17.742536,
            48.469961
          ],
          [
            17.743653,
            48.472754
          ],
          [
            17.744698,
            48.475094
          ],
          [
            17.746695,
            48.479049
          ],
          [
            17.749136,
            48.483155
          ],
          [
            17.751105,
            48.48606
          ],
          [
            17.754151,
            48.490102
          ],
          [
            17.758195,
            48.4948
          ],
          [
            17.762285,
            48.499506
          ],
          [
            17.765708,
            48.503689
          ],
          [
            17.767716,
            48.506307
          ],
          [
            17.769993,
            48.509441
          ],
          [
            17.771937,
            48.512325
          ],
          [
            17.7726,
            48.513308
          ],
          [
            17.774304,
            48.516063
          ],
          [
            17.775608,
            48.518258
          ],
          [
            17.777666,
            48.521953
          ],
          [
            17.779093,
            48.524722
          ],
          [
            17.78048,
            48.527604
          ],
          [
            17.781864,
            48.530668
          ],
          [
            17.782985,
            48.533419
          ],
          [
            17.783616,
            48.535034
          ],
          [
            17.784853,
            48.538506
          ],
          [
            17.785859,
            48.541649
          ],
          [
            17.786729,
            48.544646
          ],
          [
            17.786926,
            48.545351
          ],
          [
            17.787598,
            48.54829
          ],
          [
            17.78831,
            48.551722
          ],
          [
            17.788868,
            48.55463
          ],
          [
            17.789165,
            48.556534
          ],
          [
            17.789527,
            48.559456
          ],
          [
            17.78976,
            48.561627
          ],
          [
            17.789956,
            48.564415
          ],
          [
            17.79009,
            48.567423
          ],
          [
            17.790128,
            48.570172
          ],
          [
            17.790075,
            48.572977
          ],
          [
            17.789918,
            48.576913
          ],
          [
            17.789736,
            48.581152
          ],
          [
            17.789697,
            48.583074
          ],
          [
            17.789796,
            48.586621
          ],
          [
            17.790004,
            48.588953
          ],
          [
            17.790443,
            48.591902
          ],
          [
            17.791029,
            48.594786
          ],
          [
            17.791388,
            48.596296
          ],
          [
            17.792344,
            48.599486
          ],
          [
            17.793625,
            48.602986
          ],
          [
            17.795175,
            48.606472
          ],
          [
            17.795968,
            48.608115
          ],
          [
            17.797305,
            48.610537
          ],
          [
            17.799297,
            48.613748
          ],
          [
            17.801037,
            48.616366
          ],
          [
            17.802795,
            48.619034
          ],
          [
            17.80439,
            48.621641
          ],
          [
            17.805894,
            48.624754
          ],
          [
            17.807013,
            48.627533
          ],
          [
            17.808156,
            48.630304
          ],
          [
            17.809394,
            48.632708
          ],
          [
            17.811174,
            48.635388
          ],
          [
            17.813805,
            48.638455
          ],
          [
            17.816738,
            48.641128
          ],
          [
            17.819695,
            48.643333
          ],
          [
            17.822988,
            48.645359
          ],
          [
            17.826467,
            48.646999
          ],
          [
            17.830118,
            48.648157
          ],
          [
            17.832615,
            48.648666
          ],
          [
            17.836339,
            48.649072
          ],
          [
            17.840824,
            48.649165
          ],
          [
            17.84091,
            48.649166
          ]
        ]
      }
    },
    {
      "type": "Feature",
      "properties": {
        "geometryRef": "horna-streda-chocholna",
        "_source": "OSM"
      },
      "geometry": {
        "type": "LineString",
        "coordinates": [
          [
            17.84091,
            48.649166
          ],
          [
            17.846336,
            48.649447
          ],
          [
            17.84923,
            48.649887
          ],
          [
            17.851859,
            48.650474
          ],
          [
            17.855632,
            48.651696
          ],
          [
            17.856781,
            48.65217
          ],
          [
            17.858855,
            48.653144
          ],
          [
            17.861134,
            48.6545
          ],
          [
            17.864365,
            48.656842
          ],
          [
            17.865262,
            48.657599
          ],
          [
            17.86711,
            48.659418
          ],
          [
            17.868853,
            48.661489
          ],
          [
            17.870106,
            48.663316
          ],
          [
            17.871282,
            48.665512
          ],
          [
            17.872326,
            48.668232
          ],
          [
            17.872685,
            48.669686
          ],
          [
            17.872923,
            48.671094
          ],
          [
            17.873011,
            48.673935
          ],
          [
            17.873004,
            48.674512
          ],
          [
            17.872899,
            48.677872
          ],
          [
            17.872797,
            48.681399
          ],
          [
            17.872594,
            48.685667
          ],
          [
            17.87249,
            48.68848
          ],
          [
            17.872401,
            48.691301
          ],
          [
            17.872288,
            48.694122
          ],
          [
            17.872177,
            48.697592
          ],
          [
            17.872055,
            48.701122
          ],
          [
            17.871961,
            48.704124
          ],
          [
            17.871936,
            48.705103
          ],
          [
            17.87222,
            48.707965
          ],
          [
            17.873134,
            48.711708
          ],
          [
            17.873988,
            48.715095
          ],
          [
            17.874477,
            48.717924
          ],
          [
            17.874646,
            48.719636
          ],
          [
            17.874501,
            48.722311
          ],
          [
            17.873699,
            48.7255
          ],
          [
            17.872123,
            48.728405
          ],
          [
            17.871721,
            48.728981
          ],
          [
            17.870047,
            48.730903
          ],
          [
            17.867538,
            48.733042
          ],
          [
            17.865945,
            48.734306
          ],
          [
            17.863826,
            48.736353
          ],
          [
            17.862206,
            48.738437
          ],
          [
            17.860879,
            48.741059
          ],
          [
            17.860613,
            48.741823
          ],
          [
            17.860057,
            48.744868
          ],
          [
            17.86004,
            48.745154
          ],
          [
            17.860315,
            48.748222
          ],
          [
            17.860974,
            48.750894
          ],
          [
            17.861204,
            48.751603
          ],
          [
            17.862455,
            48.754627
          ],
          [
            17.863526,
            48.756684
          ],
          [
            17.865336,
            48.759433
          ],
          [
            17.866657,
            48.761091
          ],
          [
            17.868851,
            48.763468
          ],
          [
            17.869946,
            48.764558
          ],
          [
            17.872441,
            48.766829
          ],
          [
            17.873479,
            48.767828
          ],
          [
            17.874809,
            48.769372
          ],
          [
            17.876175,
            48.771792
          ],
          [
            17.877547,
            48.776267
          ],
          [
            17.87789,
            48.777258
          ],
          [
            17.879255,
            48.780027
          ],
          [
            17.88132,
            48.783028
          ],
          [
            17.88353,
            48.785479
          ],
          [
            17.885931,
            48.78795
          ],
          [
            17.887276,
            48.789647
          ],
          [
            17.888346,
            48.791411
          ],
          [
            17.889615,
            48.794371
          ],
          [
            17.890097,
            48.795389
          ],
          [
            17.891161,
            48.796955
          ],
          [
            17.892877,
            48.798595
          ],
          [
            17.894985,
            48.800037
          ],
          [
            17.898356,
            48.801588
          ],
          [
            17.900224,
            48.802391
          ],
          [
            17.902426,
            48.803676
          ],
          [
            17.903762,
            48.804781
          ],
          [
            17.905052,
            48.806295
          ],
          [
            17.905862,
            48.8078
          ],
          [
            17.906269,
            48.809156
          ],
          [
            17.906501,
            48.812095
          ],
          [
            17.906715,
            48.815158
          ],
          [
            17.906925,
            48.816132
          ],
          [
            17.907782,
            48.818146
          ],
          [
            17.909017,
            48.819813
          ],
          [
            17.910382,
            48.821114
          ],
          [
            17.911747,
            48.822116
          ],
          [
            17.916219,
            48.824909
          ],
          [
            17.919819,
            48.827135
          ],
          [
            17.923468,
            48.829413
          ],
          [
            17.926647,
            48.831384
          ],
          [
            17.929879,
            48.833387
          ],
          [
            17.931716,
            48.834565
          ],
          [
            17.9347,
            48.836582
          ],
          [
            17.935463,
            48.837139
          ],
          [
            17.93817,
            48.839243
          ],
          [
            17.938616,
            48.839611
          ],
          [
            17.941149,
            48.841872
          ],
          [
            17.941638,
            48.842342
          ],
          [
            17.944326,
            48.845148
          ],
          [
            17.946666,
            48.847988
          ],
          [
            17.948737,
            48.850747
          ],
          [
            17.950683,
            48.853373
          ],
          [
            17.952611,
            48.855648
          ],
          [
            17.955058,
            48.85802
          ],
          [
            17.957797,
            48.860281
          ],
          [
            17.957915,
            48.860372
          ]
        ]
      }
    },
    {
      "type": "Feature",
      "properties": {
        "geometryRef": "chocholna-ladce",
        "_source": "OSM"
      },
      "geometry": {
        "type": "LineString",
        "coordinates": [
          [
            17.957915,
            48.860372
          ],
          [
            17.968583,
            48.868734
          ],
          [
            17.971229,
            48.871364
          ],
          [
            17.973368,
            48.873753
          ],
          [
            17.976243,
            48.876487
          ],
          [
            17.978814,
            48.879047
          ],
          [
            17.979281,
            48.879625
          ],
          [
            17.980642,
            48.881778
          ],
          [
            17.98127,
            48.883448
          ],
          [
            17.981612,
            48.885355
          ],
          [
            17.981586,
            48.888625
          ],
          [
            17.981583,
            48.8899
          ],
          [
            17.981789,
            48.891853
          ],
          [
            17.982465,
            48.894404
          ],
          [
            17.983298,
            48.896295
          ],
          [
            17.984778,
            48.898691
          ],
          [
            17.987245,
            48.901514
          ],
          [
            17.99012,
            48.903914
          ],
          [
            17.993538,
            48.906041
          ],
          [
            17.996538,
            48.907482
          ],
          [
            17.998821,
            48.908368
          ],
          [
            18.00341,
            48.909699
          ],
          [
            18.004108,
            48.909855
          ],
          [
            18.008146,
            48.910535
          ],
          [
            18.013134,
            48.910972
          ],
          [
            18.01705,
            48.911411
          ],
          [
            18.024895,
            48.912929
          ],
          [
            18.029119,
            48.913669
          ],
          [
            18.032775,
            48.913875
          ],
          [
            18.036922,
            48.913609
          ],
          [
            18.040865,
            48.913288
          ],
          [
            18.045641,
            48.913443
          ],
          [
            18.048981,
            48.913564
          ],
          [
            18.053478,
            48.913312
          ],
          [
            18.055258,
            48.913279
          ],
          [
            18.058817,
            48.913688
          ],
          [
            18.062094,
            48.91478
          ],
          [
            18.064128,
            48.915978
          ],
          [
            18.066991,
            48.918529
          ],
          [
            18.067582,
            48.919024
          ],
          [
            18.06894,
            48.919939
          ],
          [
            18.070646,
            48.920799
          ],
          [
            18.074717,
            48.922358
          ],
          [
            18.077088,
            48.923376
          ],
          [
            18.079437,
            48.924686
          ],
          [
            18.081447,
            48.926074
          ],
          [
            18.084171,
            48.928566
          ],
          [
            18.084679,
            48.929122
          ],
          [
            18.088433,
            48.933816
          ],
          [
            18.089453,
            48.935069
          ],
          [
            18.091961,
            48.937746
          ],
          [
            18.092503,
            48.938253
          ],
          [
            18.0954,
            48.940645
          ],
          [
            18.096668,
            48.941559
          ],
          [
            18.10016,
            48.94375
          ],
          [
            18.102395,
            48.944981
          ],
          [
            18.122144,
            48.955487
          ],
          [
            18.123705,
            48.956277
          ],
          [
            18.133203,
            48.960676
          ],
          [
            18.137555,
            48.96266
          ],
          [
            18.141403,
            48.964431
          ],
          [
            18.145366,
            48.96613
          ],
          [
            18.14816,
            48.967212
          ],
          [
            18.151945,
            48.968528
          ],
          [
            18.155997,
            48.969847
          ],
          [
            18.160146,
            48.971365
          ],
          [
            18.182735,
            48.98072
          ],
          [
            18.18541,
            48.981833
          ],
          [
            18.190814,
            48.984121
          ],
          [
            18.196653,
            48.986598
          ],
          [
            18.199861,
            48.988038
          ],
          [
            18.203796,
            48.990113
          ],
          [
            18.208818,
            48.992868
          ],
          [
            18.211046,
            48.994136
          ],
          [
            18.214599,
            48.996381
          ],
          [
            18.217521,
            48.998289
          ],
          [
            18.222321,
            49.001276
          ],
          [
            18.225417,
            49.003192
          ],
          [
            18.228896,
            49.00533
          ],
          [
            18.230411,
            49.006174
          ],
          [
            18.233455,
            49.007625
          ],
          [
            18.237615,
            49.009245
          ],
          [
            18.241395,
            49.010814
          ],
          [
            18.242168,
            49.011178
          ],
          [
            18.248349,
            49.014436
          ],
          [
            18.252282,
            49.016396
          ],
          [
            18.254569,
            49.017618
          ],
          [
            18.257873,
            49.020046
          ],
          [
            18.260468,
            49.022804
          ],
          [
            18.263108,
            49.025537
          ],
          [
            18.267098,
            49.028984
          ],
          [
            18.267724,
            49.029522
          ],
          [
            18.270617,
            49.032384
          ],
          [
            18.272248,
            49.034404
          ],
          [
            18.273406,
            49.03716
          ],
          [
            18.273872,
            49.038357
          ],
          [
            18.274846,
            49.039933
          ],
          [
            18.276443,
            49.041571
          ],
          [
            18.279063,
            49.043294
          ],
          [
            18.282782,
            49.044966
          ],
          [
            18.28474,
            49.045503
          ],
          [
            18.286831,
            49.045856
          ],
          [
            18.289927,
            49.046017
          ],
          [
            18.294364,
            49.04572
          ],
          [
            18.29794,
            49.045579
          ]
        ]
      }
    },
    {
      "type": "Feature",
      "properties": {
        "geometryRef": "ladce-sverepec",
        "_source": "OSM"
      },
      "geometry": {
        "type": "LineString",
        "coordinates": [
          [
            18.29794,
            49.045579
          ],
          [
            18.303134,
            49.045864
          ],
          [
            18.307538,
            49.046466
          ],
          [
            18.308293,
            49.046601
          ],
          [
            18.31264,
            49.04756
          ],
          [
            18.313329,
            49.047743
          ],
          [
            18.317344,
            49.049038
          ],
          [
            18.317838,
            49.049235
          ],
          [
            18.321043,
            49.050723
          ],
          [
            18.32328,
            49.052044
          ],
          [
            18.328067,
            49.055518
          ],
          [
            18.332217,
            49.058607
          ],
          [
            18.335184,
            49.060794
          ],
          [
            18.335928,
            49.061279
          ],
          [
            18.33828,
            49.062421
          ],
          [
            18.340531,
            49.063116
          ],
          [
            18.343084,
            49.063543
          ],
          [
            18.34596,
            49.063627
          ],
          [
            18.350275,
            49.063168
          ],
          [
            18.35316,
            49.062783
          ],
          [
            18.356028,
            49.062609
          ],
          [
            18.360834,
            49.063052
          ],
          [
            18.365142,
            49.063396
          ],
          [
            18.369332,
            49.063271
          ],
          [
            18.373492,
            49.062985
          ],
          [
            18.374886,
            49.062927
          ],
          [
            18.379108,
            49.06315
          ],
          [
            18.381951,
            49.063718
          ],
          [
            18.384982,
            49.064775
          ],
          [
            18.386895,
            49.065769
          ],
          [
            18.390246,
            49.06793
          ],
          [
            18.392873,
            49.069091
          ],
          [
            18.397019,
            49.070236
          ],
          [
            18.403227,
            49.071895
          ],
          [
            18.404073,
            49.072112
          ],
          [
            18.408223,
            49.072853
          ],
          [
            18.409562,
            49.073096
          ],
          [
            18.411838,
            49.073787
          ],
          [
            18.413802,
            49.074794
          ],
          [
            18.41511,
            49.075777
          ],
          [
            18.416036,
            49.076807
          ],
          [
            18.416848,
            49.078277
          ],
          [
            18.417273,
            49.081493
          ],
          [
            18.417454,
            49.082969
          ],
          [
            18.418582,
            49.085755
          ],
          [
            18.419298,
            49.087969
          ],
          [
            18.419387,
            49.089414
          ],
          [
            18.419075,
            49.092063
          ]
        ]
      }
    },
    {
      "type": "Feature",
      "properties": {
        "geometryRef": "sverepec-vrtizer",
        "_source": "OSM"
      },
      "geometry": {
        "type": "LineString",
        "coordinates": [
          [
            18.419075,
            49.092063
          ],
          [
            18.418627,
            49.094199
          ],
          [
            18.418034,
            49.09581
          ],
          [
            18.416386,
            49.09844
          ],
          [
            18.415401,
            49.099857
          ],
          [
            18.414658,
            49.10166
          ],
          [
            18.41462,
            49.104127
          ],
          [
            18.415128,
            49.105568
          ],
          [
            18.415861,
            49.106744
          ],
          [
            18.417402,
            49.10831
          ],
          [
            18.419849,
            49.109821
          ],
          [
            18.422386,
            49.110756
          ],
          [
            18.426934,
            49.111915
          ],
          [
            18.429828,
            49.112844
          ],
          [
            18.43315,
            49.114199
          ],
          [
            18.435611,
            49.115526
          ],
          [
            18.439236,
            49.118325
          ],
          [
            18.442383,
            49.120875
          ],
          [
            18.445073,
            49.123056
          ],
          [
            18.447917,
            49.12536
          ],
          [
            18.452053,
            49.128707
          ],
          [
            18.458702,
            49.134093
          ],
          [
            18.461145,
            49.136131
          ],
          [
            18.462742,
            49.138207
          ],
          [
            18.463507,
            49.140576
          ],
          [
            18.463435,
            49.142374
          ],
          [
            18.46275,
            49.145212
          ],
          [
            18.462651,
            49.145684
          ],
          [
            18.462433,
            49.14766
          ],
          [
            18.462629,
            49.150146
          ],
          [
            18.463284,
            49.152126
          ],
          [
            18.464005,
            49.153287
          ],
          [
            18.465343,
            49.154595
          ],
          [
            18.468249,
            49.156619
          ],
          [
            18.471118,
            49.158623
          ],
          [
            18.47304,
            49.160155
          ]
        ]
      }
    },
    {
      "type": "Feature",
      "properties": {
        "geometryRef": "vrtizer-hricovske-podhradie",
        "_source": "OSM"
      },
      "geometry": {
        "type": "LineString",
        "coordinates": [
          [
            18.47304,
            49.160155
          ],
          [
            18.475976,
            49.163033
          ],
          [
            18.477966,
            49.165611
          ],
          [
            18.478255,
            49.16604
          ],
          [
            18.479669,
            49.168577
          ],
          [
            18.4823,
            49.174394
          ],
          [
            18.483172,
            49.176252
          ],
          [
            18.484036,
            49.177562
          ],
          [
            18.485444,
            49.179007
          ],
          [
            18.487854,
            49.180633
          ],
          [
            18.490033,
            49.181604
          ],
          [
            18.494332,
            49.182874
          ],
          [
            18.495196,
            49.183092
          ],
          [
            18.501795,
            49.184503
          ],
          [
            18.50369,
            49.184946
          ],
          [
            18.505949,
            49.18573
          ],
          [
            18.508167,
            49.186868
          ],
          [
            18.510696,
            49.188903
          ],
          [
            18.512684,
            49.191332
          ],
          [
            18.51464,
            49.193753
          ],
          [
            18.517504,
            49.197316
          ],
          [
            18.518548,
            49.198599
          ],
          [
            18.520662,
            49.200981
          ],
          [
            18.521192,
            49.201508
          ],
          [
            18.523883,
            49.203802
          ],
          [
            18.524915,
            49.204536
          ],
          [
            18.528279,
            49.206548
          ],
          [
            18.52947,
            49.207144
          ],
          [
            18.532035,
            49.208254
          ],
          [
            18.534961,
            49.209279
          ],
          [
            18.539321,
            49.210394
          ],
          [
            18.540651,
            49.210651
          ],
          [
            18.545149,
            49.211239
          ],
          [
            18.545711,
            49.211285
          ],
          [
            18.550655,
            49.211489
          ],
          [
            18.555152,
            49.211642
          ],
          [
            18.556271,
            49.211731
          ],
          [
            18.560829,
            49.212451
          ],
          [
            18.565172,
            49.213781
          ],
          [
            18.569239,
            49.215326
          ],
          [
            18.573363,
            49.21691
          ],
          [
            18.577988,
            49.218911
          ],
          [
            18.579784,
            49.219657
          ],
          [
            18.583825,
            49.221143
          ],
          [
            18.585095,
            49.221514
          ],
          [
            18.588533,
            49.222157
          ],
          [
            18.59798,
            49.223209
          ],
          [
            18.602485,
            49.223773
          ],
          [
            18.604534,
            49.224237
          ],
          [
            18.608758,
            49.225612
          ],
          [
            18.610138,
            49.226024
          ],
          [
            18.612987,
            49.226653
          ]
        ]
      }
    },
    {
      "type": "Feature",
      "properties": {
        "geometryRef": "hricovske-podhradie-lietavska-lucka",
        "_source": "OSM"
      },
      "geometry": {
        "type": "LineString",
        "coordinates": [
          [
            18.612987,
            49.226653
          ],
          [
            18.615686,
            49.227016
          ],
          [
            18.618584,
            49.227191
          ],
          [
            18.621633,
            49.227128
          ],
          [
            18.624214,
            49.22685
          ],
          [
            18.62681,
            49.226397
          ],
          [
            18.630141,
            49.225491
          ],
          [
            18.632606,
            49.224535
          ],
          [
            18.636832,
            49.222517
          ],
          [
            18.638136,
            49.221936
          ],
          [
            18.640677,
            49.22119
          ],
          [
            18.643396,
            49.220999
          ],
          [
            18.647768,
            49.221439
          ],
          [
            18.649587,
            49.221578
          ],
          [
            18.651249,
            49.221578
          ],
          [
            18.654533,
            49.221249
          ],
          [
            18.656133,
            49.22094
          ],
          [
            18.657643,
            49.220529
          ],
          [
            18.658922,
            49.219986
          ],
          [
            18.661162,
            49.218855
          ],
          [
            18.662536,
            49.217863
          ],
          [
            18.663432,
            49.21705
          ],
          [
            18.665069,
            49.215037
          ],
          [
            18.665656,
            49.21372
          ],
          [
            18.665941,
            49.212368
          ],
          [
            18.665708,
            49.2092
          ],
          [
            18.665632,
            49.208286
          ],
          [
            18.665932,
            49.206448
          ],
          [
            18.66718,
            49.204301
          ],
          [
            18.668047,
            49.203408
          ],
          [
            18.669502,
            49.202322
          ],
          [
            18.670887,
            49.201574
          ],
          [
            18.673101,
            49.200748
          ],
          [
            18.677567,
            49.199867
          ],
          [
            18.679059,
            49.19954
          ],
          [
            18.681242,
            49.198868
          ],
          [
            18.68326,
            49.198035
          ],
          [
            18.685918,
            49.196481
          ],
          [
            18.688564,
            49.194238
          ],
          [
            18.689635,
            49.193336
          ],
          [
            18.69132,
            49.192171
          ],
          [
            18.693994,
            49.190784
          ],
          [
            18.696579,
            49.189833
          ],
          [
            18.699731,
            49.189053
          ],
          [
            18.70339,
            49.188595
          ],
          [
            18.706137,
            49.188538
          ],
          [
            18.710307,
            49.188781
          ],
          [
            18.710868,
            49.188795
          ],
          [
            18.71295,
            49.188701
          ],
          [
            18.715207,
            49.188324
          ],
          [
            18.717288,
            49.187639
          ],
          [
            18.7191,
            49.186679
          ],
          [
            18.720638,
            49.18545
          ],
          [
            18.722649,
            49.182583
          ],
          [
            18.72397,
            49.180589
          ],
          [
            18.725297,
            49.179233
          ],
          [
            18.727037,
            49.178045
          ],
          [
            18.730928,
            49.17606
          ],
          [
            18.730934,
            49.176057
          ]
        ]
      }
    },
    {
      "type": "Feature",
      "properties": {
        "geometryRef": "lietavska-lucka-dubna-skala",
        "_source": "OSM"
      },
      "geometry": {
        "type": "LineString",
        "coordinates": [
          [
            18.730934,
            49.176057
          ],
          [
            18.737829,
            49.172628
          ],
          [
            18.739514,
            49.171558
          ],
          [
            18.741392,
            49.169725
          ],
          [
            18.74348,
            49.166223
          ],
          [
            18.745696,
            49.163719
          ],
          [
            18.74803,
            49.162
          ],
          [
            18.750798,
            49.160527
          ],
          [
            18.755021,
            49.15908
          ],
          [
            18.758168,
            49.158471
          ],
          [
            18.761355,
            49.158197
          ],
          [
            18.76589,
            49.158105
          ],
          [
            18.76895,
            49.158058
          ],
          [
            18.772526,
            49.157801
          ],
          [
            18.776185,
            49.157211
          ],
          [
            18.780069,
            49.156173
          ],
          [
            18.783889,
            49.154651
          ],
          [
            18.784489,
            49.154361
          ],
          [
            18.787643,
            49.152594
          ],
          [
            18.79119,
            49.150589
          ],
          [
            18.794894,
            49.14845
          ],
          [
            18.799641,
            49.146148
          ],
          [
            18.803009,
            49.144726
          ],
          [
            18.807081,
            49.143252
          ],
          [
            18.811424,
            49.141968
          ],
          [
            18.813211,
            49.1415
          ],
          [
            18.817975,
            49.140488
          ],
          [
            18.823909,
            49.139618
          ],
          [
            18.831875,
            49.138706
          ],
          [
            18.850819,
            49.136625
          ],
          [
            18.858747,
            49.13573
          ],
          [
            18.866766,
            49.13487
          ],
          [
            18.87077,
            49.134521
          ],
          [
            18.87545,
            49.134338
          ],
          [
            18.880358,
            49.134398
          ],
          [
            18.885497,
            49.134557
          ],
          [
            18.888744,
            49.134466
          ],
          [
            18.89274,
            49.134122
          ],
          [
            18.895534,
            49.13371
          ]
        ]
      }
    },
    {
      "type": "Feature",
      "properties": {
        "geometryRef": "dubna-skala-turany",
        "_source": "OSM"
      },
      "geometry": {
        "type": "LineString",
        "coordinates": [
          [
            18.895534,
            49.13371
          ],
          [
            18.898182,
            49.133106
          ],
          [
            18.902249,
            49.131839
          ],
          [
            18.906359,
            49.130778
          ],
          [
            18.907903,
            49.130254
          ],
          [
            18.910358,
            49.129112
          ],
          [
            18.914286,
            49.126631
          ],
          [
            18.915811,
            49.125781
          ],
          [
            18.919504,
            49.124166
          ],
          [
            18.920073,
            49.123967
          ],
          [
            18.924139,
            49.122824
          ],
          [
            18.929379,
            49.121792
          ],
          [
            18.932567,
            49.121125
          ],
          [
            18.93534,
            49.120196
          ],
          [
            18.938,
            49.118704
          ],
          [
            18.941086,
            49.116413
          ],
          [
            18.945003,
            49.1135
          ],
          [
            18.946456,
            49.112512
          ],
          [
            18.949403,
            49.110846
          ],
          [
            18.952265,
            49.109659
          ],
          [
            18.955237,
            49.108917
          ],
          [
            18.9585,
            49.108554
          ],
          [
            18.961117,
            49.108585
          ],
          [
            18.965929,
            49.109014
          ],
          [
            18.968155,
            49.109107
          ],
          [
            18.971545,
            49.109014
          ],
          [
            18.974406,
            49.108691
          ],
          [
            18.977056,
            49.108146
          ],
          [
            18.979229,
            49.107497
          ],
          [
            18.983884,
            49.105438
          ],
          [
            18.986392,
            49.104467
          ],
          [
            18.988534,
            49.103919
          ],
          [
            18.991058,
            49.103499
          ],
          [
            18.993988,
            49.103215
          ],
          [
            18.997486,
            49.103158
          ],
          [
            19.00194,
            49.103507
          ],
          [
            19.005551,
            49.103871
          ],
          [
            19.008911,
            49.103801
          ],
          [
            19.012593,
            49.10309
          ],
          [
            19.016454,
            49.101563
          ],
          [
            19.017924,
            49.100967
          ],
          [
            19.021151,
            49.100039
          ],
          [
            19.025443,
            49.099498
          ],
          [
            19.029696,
            49.099635
          ],
          [
            19.033586,
            49.100384
          ],
          [
            19.037984,
            49.101629
          ],
          [
            19.041304,
            49.10253
          ],
          [
            19.045276,
            49.10392
          ],
          [
            19.049179,
            49.105718
          ],
          [
            19.050085,
            49.106206
          ],
          [
            19.055541,
            49.109624
          ],
          [
            19.057732,
            49.111041
          ]
        ]
      }
    },
    {
      "type": "Feature",
      "properties": {
        "geometryRef": "turany-hubova",
        "_source": "OSM"
      },
      "geometry": {
        "type": "LineString",
        "coordinates": [
          [
            19.057732,
            49.111041
          ],
          [
            19.060579,
            49.112881
          ],
          [
            19.065555,
            49.114368
          ],
          [
            19.069316,
            49.115378
          ],
          [
            19.073409,
            49.116088
          ],
          [
            19.077807,
            49.116745
          ],
          [
            19.082061,
            49.117401
          ],
          [
            19.087694,
            49.118381
          ],
          [
            19.092162,
            49.119143
          ],
          [
            19.095301,
            49.119327
          ],
          [
            19.098685,
            49.119157
          ],
          [
            19.101054,
            49.118813
          ],
          [
            19.105922,
            49.11771
          ],
          [
            19.107207,
            49.117471
          ],
          [
            19.111136,
            49.117068
          ],
          [
            19.11513,
            49.117171
          ],
          [
            19.119239,
            49.117828
          ],
          [
            19.121943,
            49.118599
          ],
          [
            19.124499,
            49.119638
          ],
          [
            19.129751,
            49.122445
          ],
          [
            19.137811,
            49.126832
          ],
          [
            19.143489,
            49.129913
          ],
          [
            19.144948,
            49.130706
          ],
          [
            19.149055,
            49.132658
          ],
          [
            19.152201,
            49.133802
          ],
          [
            19.156238,
            49.13488
          ],
          [
            19.161025,
            49.13568
          ],
          [
            19.165574,
            49.13602
          ],
          [
            19.16912,
            49.136003
          ],
          [
            19.174058,
            49.135573
          ],
          [
            19.178529,
            49.134745
          ],
          [
            19.18153,
            49.133939
          ],
          [
            19.185315,
            49.132609
          ],
          [
            19.193453,
            49.129534
          ],
          [
            19.200073,
            49.12701
          ],
          [
            19.202342,
            49.125968
          ],
          [
            19.205523,
            49.124191
          ],
          [
            19.206285,
            49.123823
          ],
          [
            19.212191,
            49.121836
          ],
          [
            19.213725,
            49.121256
          ],
          [
            19.217065,
            49.119727
          ],
          [
            19.220021,
            49.118787
          ],
          [
            19.22396,
            49.11794
          ],
          [
            19.224371,
            49.117819
          ]
        ]
      }
    },
    {
      "type": "Feature",
      "properties": {
        "geometryRef": "hubova-ivachnova",
        "_source": "OSM"
      },
      "geometry": {
        "type": "LineString",
        "coordinates": [
          [
            19.224371,
            49.117819
          ],
          [
            19.227281,
            49.116515
          ],
          [
            19.230438,
            49.113782
          ],
          [
            19.230991,
            49.113328
          ],
          [
            19.2329,
            49.112071
          ],
          [
            19.236068,
            49.110789
          ],
          [
            19.238405,
            49.110314
          ],
          [
            19.243799,
            49.109937
          ],
          [
            19.248196,
            49.109555
          ],
          [
            19.255553,
            49.108465
          ],
          [
            19.278733,
            49.10519
          ],
          [
            19.28003,
            49.105104
          ],
          [
            19.284461,
            49.105282
          ],
          [
            19.286424,
            49.105532
          ],
          [
            19.288344,
            49.10588
          ],
          [
            19.291654,
            49.106825
          ],
          [
            19.293816,
            49.107216
          ],
          [
            19.296454,
            49.107321
          ],
          [
            19.299331,
            49.107084
          ],
          [
            19.301986,
            49.106526
          ],
          [
            19.303948,
            49.105865
          ],
          [
            19.308104,
            49.1038
          ],
          [
            19.311711,
            49.101905
          ],
          [
            19.313434,
            49.101107
          ],
          [
            19.315942,
            49.100298
          ],
          [
            19.318047,
            49.099843
          ],
          [
            19.328978,
            49.098194
          ],
          [
            19.340274,
            49.096492
          ],
          [
            19.344795,
            49.095821
          ],
          [
            19.345907,
            49.095692
          ],
          [
            19.350493,
            49.095644
          ],
          [
            19.354857,
            49.096223
          ],
          [
            19.356468,
            49.096349
          ],
          [
            19.360389,
            49.096238
          ],
          [
            19.362893,
            49.095784
          ],
          [
            19.370226,
            49.094088
          ],
          [
            19.381071,
            49.091506
          ],
          [
            19.387424,
            49.090015
          ],
          [
            19.391247,
            49.089242
          ],
          [
            19.395378,
            49.088939
          ],
          [
            19.396298,
            49.088931
          ],
          [
            19.40023,
            49.089284
          ],
          [
            19.406858,
            49.090352
          ],
          [
            19.412592,
            49.091267
          ],
          [
            19.418535,
            49.092268
          ],
          [
            19.420942,
            49.092707
          ],
          [
            19.423853,
            49.093342
          ],
          [
            19.426809,
            49.094385
          ]
        ]
      }
    },
    {
      "type": "Feature",
      "properties": {
        "geometryRef": "ivachnova-liptovsky-hradok",
        "_source": "OSM"
      },
      "geometry": {
        "type": "LineString",
        "coordinates": [
          [
            19.426809,
            49.094385
          ],
          [
            19.430711,
            49.096389
          ],
          [
            19.432618,
            49.097129
          ],
          [
            19.435284,
            49.097571
          ],
          [
            19.438087,
            49.097441
          ],
          [
            19.44008,
            49.096969
          ],
          [
            19.442184,
            49.096048
          ],
          [
            19.445107,
            49.09381
          ],
          [
            19.446831,
            49.092526
          ],
          [
            19.448129,
            49.091813
          ],
          [
            19.450625,
            49.090871
          ],
          [
            19.454455,
            49.089759
          ],
          [
            19.456335,
            49.089262
          ],
          [
            19.45906,
            49.088764
          ],
          [
            19.462123,
            49.088427
          ],
          [
            19.468963,
            49.087956
          ],
          [
            19.469808,
            49.087916
          ],
          [
            19.473042,
            49.087949
          ],
          [
            19.475836,
            49.088254
          ],
          [
            19.47908,
            49.088914
          ],
          [
            19.482902,
            49.090048
          ],
          [
            19.483138,
            49.090103
          ],
          [
            19.486252,
            49.090416
          ],
          [
            19.488033,
            49.090294
          ],
          [
            19.489887,
            49.089924
          ],
          [
            19.493631,
            49.088363
          ],
          [
            19.494044,
            49.088192
          ],
          [
            19.495833,
            49.087667
          ],
          [
            19.49788,
            49.087388
          ],
          [
            19.499816,
            49.087379
          ],
          [
            19.503134,
            49.088024
          ],
          [
            19.506817,
            49.089687
          ],
          [
            19.509531,
            49.090948
          ],
          [
            19.512712,
            49.091758
          ],
          [
            19.515464,
            49.091911
          ],
          [
            19.521907,
            49.091528
          ],
          [
            19.526814,
            49.091152
          ],
          [
            19.527081,
            49.091113
          ],
          [
            19.529934,
            49.090348
          ],
          [
            19.534274,
            49.088268
          ],
          [
            19.535206,
            49.087855
          ],
          [
            19.537832,
            49.0871
          ],
          [
            19.539559,
            49.086867
          ],
          [
            19.541377,
            49.086857
          ],
          [
            19.545496,
            49.087376
          ],
          [
            19.547022,
            49.087492
          ],
          [
            19.548334,
            49.087431
          ],
          [
            19.549679,
            49.087181
          ],
          [
            19.551812,
            49.086284
          ],
          [
            19.554755,
            49.084025
          ],
          [
            19.556356,
            49.083342
          ],
          [
            19.557788,
            49.083002
          ],
          [
            19.562154,
            49.082405
          ],
          [
            19.566439,
            49.081824
          ],
          [
            19.570257,
            49.08139
          ],
          [
            19.573186,
            49.081458
          ],
          [
            19.577273,
            49.082046
          ],
          [
            19.578598,
            49.082151
          ],
          [
            19.580645,
            49.082122
          ],
          [
            19.582753,
            49.081821
          ],
          [
            19.584049,
            49.081476
          ],
          [
            19.585954,
            49.080705
          ],
          [
            19.590033,
            49.078504
          ],
          [
            19.593306,
            49.076715
          ],
          [
            19.595201,
            49.075817
          ],
          [
            19.597227,
            49.075007
          ],
          [
            19.600136,
            49.074129
          ],
          [
            19.602987,
            49.073533
          ],
          [
            19.605125,
            49.073274
          ],
          [
            19.609817,
            49.073026
          ],
          [
            19.613834,
            49.072811
          ],
          [
            19.618186,
            49.07213
          ],
          [
            19.620653,
            49.071488
          ],
          [
            19.625216,
            49.06992
          ],
          [
            19.628687,
            49.068851
          ],
          [
            19.632929,
            49.067992
          ],
          [
            19.636967,
            49.06732
          ],
          [
            19.639283,
            49.066865
          ],
          [
            19.643833,
            49.065673
          ],
          [
            19.647624,
            49.06434
          ],
          [
            19.648356,
            49.064049
          ],
          [
            19.654511,
            49.061398
          ],
          [
            19.656746,
            49.060495
          ],
          [
            19.660708,
            49.059244
          ],
          [
            19.664685,
            49.058431
          ],
          [
            19.665622,
            49.058283
          ],
          [
            19.676191,
            49.056926
          ],
          [
            19.678977,
            49.056582
          ],
          [
            19.681619,
            49.056344
          ],
          [
            19.683627,
            49.056338
          ],
          [
            19.687714,
            49.056762
          ],
          [
            19.691822,
            49.05725
          ],
          [
            19.692305,
            49.05729
          ],
          [
            19.696151,
            49.057285
          ],
          [
            19.700089,
            49.056641
          ],
          [
            19.704832,
            49.055132
          ],
          [
            19.706581,
            49.054587
          ],
          [
            19.709366,
            49.053911
          ],
          [
            19.713459,
            49.053368
          ],
          [
            19.71751,
            49.053307
          ],
          [
            19.720809,
            49.053597
          ],
          [
            19.723619,
            49.054103
          ],
          [
            19.726873,
            49.054944
          ],
          [
            19.731338,
            49.056361
          ],
          [
            19.735622,
            49.057691
          ],
          [
            19.737189,
            49.058099
          ],
          [
            19.741222,
            49.058907
          ],
          [
            19.745262,
            49.05937
          ]
        ]
      }
    },
    {
      "type": "Feature",
      "properties": {
        "geometryRef": "liptovsky-hradok-hybe",
        "_source": "OSM"
      },
      "geometry": {
        "type": "LineString",
        "coordinates": [
          [
            19.745262,
            49.05937
          ],
          [
            19.747531,
            49.059454
          ],
          [
            19.749789,
            49.059351
          ],
          [
            19.753129,
            49.058845
          ],
          [
            19.759313,
            49.057203
          ],
          [
            19.763171,
            49.056153
          ],
          [
            19.770146,
            49.054259
          ],
          [
            19.776844,
            49.052435
          ],
          [
            19.779092,
            49.051824
          ],
          [
            19.781964,
            49.051233
          ],
          [
            19.785585,
            49.050952
          ],
          [
            19.789255,
            49.051163
          ],
          [
            19.791959,
            49.051663
          ],
          [
            19.79472,
            49.052485
          ],
          [
            19.798777,
            49.054021
          ],
          [
            19.800646,
            49.054668
          ],
          [
            19.803919,
            49.055451
          ],
          [
            19.807656,
            49.055808
          ],
          [
            19.813364,
            49.05561
          ],
          [
            19.814153,
            49.055579
          ],
          [
            19.817072,
            49.055645
          ],
          [
            19.819568,
            49.05598
          ],
          [
            19.823549,
            49.056847
          ],
          [
            19.826161,
            49.057362
          ],
          [
            19.82826,
            49.057608
          ],
          [
            19.831016,
            49.057679
          ],
          [
            19.833498,
            49.057505
          ],
          [
            19.840198,
            49.056391
          ],
          [
            19.842392,
            49.056055
          ],
          [
            19.847133,
            49.055667
          ],
          [
            19.847834,
            49.055648
          ],
          [
            19.850763,
            49.055686
          ],
          [
            19.854036,
            49.055937
          ],
          [
            19.857077,
            49.056391
          ],
          [
            19.861103,
            49.057315
          ]
        ]
      }
    },
    {
      "type": "Feature",
      "properties": {
        "geometryRef": "hybe-vazec",
        "_source": "OSM"
      },
      "geometry": {
        "type": "LineString",
        "coordinates": [
          [
            19.861103,
            49.057315
          ],
          [
            19.865726,
            49.058896
          ],
          [
            19.885509,
            49.066867
          ],
          [
            19.889561,
            49.068395
          ],
          [
            19.893464,
            49.06957
          ],
          [
            19.895063,
            49.06996
          ],
          [
            19.89952,
            49.070712
          ],
          [
            19.902688,
            49.071006
          ],
          [
            19.905991,
            49.071103
          ],
          [
            19.910705,
            49.070876
          ],
          [
            19.911745,
            49.070763
          ],
          [
            19.916993,
            49.069914
          ],
          [
            19.921686,
            49.06886
          ],
          [
            19.926551,
            49.067757
          ],
          [
            19.929293,
            49.067239
          ],
          [
            19.932382,
            49.066805
          ],
          [
            19.939042,
            49.066282
          ],
          [
            19.942046,
            49.065981
          ],
          [
            19.944328,
            49.065577
          ],
          [
            19.948711,
            49.064442
          ],
          [
            19.95023,
            49.064129
          ],
          [
            19.952903,
            49.06378
          ],
          [
            19.955209,
            49.063684
          ],
          [
            19.959068,
            49.063927
          ],
          [
            19.963078,
            49.064761
          ],
          [
            19.966436,
            49.065937
          ],
          [
            19.971308,
            49.068084
          ],
          [
            19.974359,
            49.06937
          ],
          [
            19.978112,
            49.070578
          ],
          [
            19.981864,
            49.07122
          ],
          [
            19.986014,
            49.071225
          ]
        ]
      }
    },
    {
      "type": "Feature",
      "properties": {
        "geometryRef": "vazec-mengusovce",
        "_source": "OSM"
      },
      "geometry": {
        "type": "LineString",
        "coordinates": [
          [
            19.986014,
            49.071225
          ],
          [
            19.988727,
            49.070865
          ],
          [
            19.992863,
            49.069988
          ],
          [
            19.994924,
            49.069622
          ],
          [
            19.998376,
            49.069343
          ],
          [
            20.002107,
            49.06947
          ],
          [
            20.007048,
            49.070053
          ],
          [
            20.008515,
            49.070217
          ],
          [
            20.011219,
            49.070361
          ],
          [
            20.014709,
            49.070265
          ],
          [
            20.019866,
            49.069737
          ],
          [
            20.022027,
            49.069521
          ],
          [
            20.025478,
            49.069339
          ],
          [
            20.029208,
            49.069408
          ],
          [
            20.033535,
            49.069714
          ],
          [
            20.035723,
            49.069825
          ],
          [
            20.039265,
            49.069723
          ],
          [
            20.042854,
            49.069219
          ],
          [
            20.047521,
            49.068069
          ],
          [
            20.048177,
            49.067916
          ],
          [
            20.050497,
            49.067489
          ],
          [
            20.052822,
            49.067245
          ],
          [
            20.057578,
            49.067025
          ],
          [
            20.058247,
            49.066981
          ],
          [
            20.061411,
            49.066602
          ],
          [
            20.064132,
            49.066036
          ],
          [
            20.06832,
            49.064792
          ],
          [
            20.071505,
            49.063936
          ],
          [
            20.074352,
            49.063502
          ],
          [
            20.077705,
            49.06337
          ],
          [
            20.081023,
            49.06363
          ],
          [
            20.082979,
            49.063977
          ],
          [
            20.085408,
            49.064656
          ],
          [
            20.088407,
            49.065884
          ],
          [
            20.092143,
            49.067935
          ],
          [
            20.094779,
            49.069164
          ],
          [
            20.097009,
            49.069964
          ],
          [
            20.099802,
            49.070715
          ],
          [
            20.10431,
            49.071569
          ],
          [
            20.108554,
            49.072072
          ],
          [
            20.113271,
            49.072262
          ],
          [
            20.116557,
            49.07219
          ],
          [
            20.120853,
            49.071737
          ],
          [
            20.121557,
            49.07162
          ],
          [
            20.125647,
            49.070657
          ],
          [
            20.129542,
            49.069266
          ],
          [
            20.13702,
            49.066094
          ],
          [
            20.138897,
            49.065322
          ],
          [
            20.141198,
            49.064642
          ],
          [
            20.143026,
            49.064324
          ]
        ]
      }
    },
    {
      "type": "Feature",
      "properties": {
        "geometryRef": "mengusovce-janovce",
        "_source": "OSM"
      },
      "geometry": {
        "type": "LineString",
        "coordinates": [
          [
            20.143026,
            49.064324
          ],
          [
            20.146022,
            49.064147
          ],
          [
            20.149323,
            49.064433
          ],
          [
            20.15205,
            49.064949
          ],
          [
            20.156807,
            49.066414
          ],
          [
            20.158418,
            49.066828
          ],
          [
            20.160046,
            49.067081
          ],
          [
            20.16391,
            49.067255
          ],
          [
            20.167563,
            49.067123
          ],
          [
            20.171047,
            49.066718
          ],
          [
            20.175489,
            49.065792
          ],
          [
            20.179554,
            49.064806
          ],
          [
            20.182417,
            49.064343
          ],
          [
            20.185853,
            49.064242
          ],
          [
            20.190116,
            49.064684
          ],
          [
            20.19157,
            49.06482
          ],
          [
            20.195049,
            49.064826
          ],
          [
            20.197858,
            49.064477
          ],
          [
            20.202125,
            49.063635
          ],
          [
            20.204985,
            49.063123
          ],
          [
            20.209113,
            49.062727
          ],
          [
            20.210065,
            49.062694
          ],
          [
            20.214356,
            49.062814
          ],
          [
            20.219205,
            49.063269
          ],
          [
            20.231907,
            49.064513
          ],
          [
            20.236326,
            49.064871
          ],
          [
            20.237639,
            49.064938
          ],
          [
            20.241865,
            49.064998
          ],
          [
            20.242849,
            49.064977
          ],
          [
            20.247556,
            49.064785
          ],
          [
            20.251727,
            49.064619
          ],
          [
            20.252517,
            49.064609
          ],
          [
            20.25622,
            49.064721
          ],
          [
            20.260589,
            49.06528
          ],
          [
            20.261181,
            49.065396
          ],
          [
            20.264742,
            49.066435
          ],
          [
            20.267884,
            49.068018
          ],
          [
            20.271305,
            49.070236
          ],
          [
            20.274732,
            49.07248
          ],
          [
            20.276955,
            49.073769
          ],
          [
            20.279415,
            49.074781
          ],
          [
            20.282283,
            49.075532
          ],
          [
            20.286508,
            49.075958
          ],
          [
            20.29094,
            49.075679
          ],
          [
            20.294608,
            49.075416
          ],
          [
            20.299119,
            49.075595
          ],
          [
            20.30355,
            49.075906
          ],
          [
            20.305053,
            49.075927
          ],
          [
            20.309463,
            49.075626
          ],
          [
            20.310203,
            49.075523
          ],
          [
            20.31305,
            49.074962
          ],
          [
            20.317567,
            49.073682
          ],
          [
            20.320099,
            49.072944
          ],
          [
            20.324565,
            49.071931
          ],
          [
            20.330516,
            49.071096
          ],
          [
            20.334723,
            49.070702
          ],
          [
            20.339624,
            49.070204
          ],
          [
            20.340476,
            49.070074
          ],
          [
            20.343576,
            49.069447
          ],
          [
            20.346825,
            49.068398
          ],
          [
            20.350183,
            49.066754
          ],
          [
            20.352779,
            49.064924
          ],
          [
            20.354912,
            49.062738
          ],
          [
            20.357122,
            49.059474
          ],
          [
            20.358065,
            49.058185
          ],
          [
            20.360135,
            49.055837
          ],
          [
            20.362496,
            49.053776
          ],
          [
            20.365844,
            49.051577
          ],
          [
            20.366557,
            49.051186
          ],
          [
            20.370617,
            49.049329
          ],
          [
            20.373598,
            49.048323
          ],
          [
            20.378253,
            49.04715
          ],
          [
            20.382516,
            49.046227
          ],
          [
            20.384821,
            49.045652
          ],
          [
            20.388924,
            49.044334
          ],
          [
            20.392333,
            49.042849
          ],
          [
            20.395852,
            49.041018
          ],
          [
            20.398887,
            49.039468
          ],
          [
            20.402008,
            49.038228
          ],
          [
            20.405289,
            49.037459
          ],
          [
            20.408733,
            49.037154
          ],
          [
            20.414819,
            49.03725
          ],
          [
            20.418621,
            49.037389
          ],
          [
            20.423119,
            49.037286
          ],
          [
            20.426526,
            49.036803
          ],
          [
            20.429683,
            49.035756
          ],
          [
            20.431259,
            49.034999
          ],
          [
            20.432435,
            49.034206
          ],
          [
            20.433695,
            49.033099
          ],
          [
            20.434701,
            49.031861
          ],
          [
            20.435619,
            49.029858
          ],
          [
            20.436002,
            49.026649
          ],
          [
            20.436102,
            49.026
          ],
          [
            20.436475,
            49.024686
          ],
          [
            20.437686,
            49.022618
          ],
          [
            20.439122,
            49.021114
          ],
          [
            20.440554,
            49.02004
          ],
          [
            20.442506,
            49.018979
          ],
          [
            20.448653,
            49.016511
          ],
          [
            20.449927,
            49.015969
          ],
          [
            20.452826,
            49.014392
          ]
        ]
      }
    },
    {
      "type": "Feature",
      "properties": {
        "geometryRef": "janovce-jablonov",
        "_source": "OSM"
      },
      "geometry": {
        "type": "LineString",
        "coordinates": [
          [
            20.452826,
            49.014392
          ],
          [
            20.458708,
            49.010479
          ],
          [
            20.46118,
            49.009152
          ],
          [
            20.462909,
            49.008418
          ],
          [
            20.465918,
            49.007375
          ],
          [
            20.47764,
            49.003965
          ],
          [
            20.480587,
            49.003228
          ],
          [
            20.48377,
            49.0027
          ],
          [
            20.486881,
            49.002437
          ],
          [
            20.496739,
            49.002212
          ],
          [
            20.501395,
            49.002095
          ],
          [
            20.504077,
            49.00198
          ],
          [
            20.509439,
            49.001475
          ],
          [
            20.51483,
            49.00087
          ],
          [
            20.51926,
            49.000532
          ],
          [
            20.523116,
            49.000513
          ],
          [
            20.52627,
            49.000687
          ],
          [
            20.529733,
            49.001081
          ],
          [
            20.534257,
            49.001816
          ],
          [
            20.537233,
            49.002264
          ],
          [
            20.540681,
            49.002475
          ],
          [
            20.544595,
            49.00216
          ],
          [
            20.548808,
            49.001316
          ],
          [
            20.553164,
            49.000548
          ],
          [
            20.555866,
            49.00037
          ],
          [
            20.55908,
            49.000493
          ],
          [
            20.562708,
            49.001086
          ],
          [
            20.567308,
            49.002426
          ],
          [
            20.570248,
            49.003287
          ],
          [
            20.574603,
            49.004299
          ],
          [
            20.579348,
            49.004995
          ],
          [
            20.583562,
            49.005417
          ],
          [
            20.587293,
            49.005958
          ],
          [
            20.589898,
            49.006555
          ],
          [
            20.593939,
            49.007719
          ],
          [
            20.596358,
            49.008393
          ],
          [
            20.601197,
            49.009412
          ],
          [
            20.60523,
            49.00991
          ],
          [
            20.608344,
            49.010093
          ],
          [
            20.613506,
            49.010125
          ],
          [
            20.616167,
            49.009895
          ],
          [
            20.620987,
            49.009007
          ],
          [
            20.626392,
            49.00779
          ],
          [
            20.630756,
            49.006924
          ],
          [
            20.634325,
            49.006458
          ],
          [
            20.63857,
            49.006162
          ],
          [
            20.643151,
            49.006162
          ],
          [
            20.644025,
            49.006197
          ],
          [
            20.64841,
            49.006561
          ],
          [
            20.652239,
            49.007138
          ],
          [
            20.657656,
            49.00825
          ],
          [
            20.661654,
            49.009091
          ],
          [
            20.662596,
            49.009272
          ],
          [
            20.665999,
            49.009551
          ],
          [
            20.669132,
            49.009266
          ],
          [
            20.673413,
            49.008554
          ],
          [
            20.680263,
            49.00741
          ],
          [
            20.682285,
            49.007103
          ],
          [
            20.686597,
            49.006607
          ],
          [
            20.68819,
            49.006482
          ],
          [
            20.693381,
            49.006323
          ],
          [
            20.694585,
            49.006332
          ],
          [
            20.698733,
            49.006514
          ],
          [
            20.702383,
            49.006819
          ]
        ]
      }
    },
    {
      "type": "Feature",
      "properties": {
        "geometryRef": "jablonov-studenec",
        "_source": "OSM"
      },
      "geometry": {
        "type": "LineString",
        "coordinates": [
          [
            20.702383,
            49.006819
          ],
          [
            20.723573,
            49.008815
          ],
          [
            20.727909,
            49.009033
          ],
          [
            20.731598,
            49.008917
          ],
          [
            20.735945,
            49.008518
          ],
          [
            20.738682,
            49.008305
          ],
          [
            20.747869,
            49.007896
          ],
          [
            20.751371,
            49.007789
          ],
          [
            20.75567,
            49.00793
          ],
          [
            20.760617,
            49.008005
          ],
          [
            20.764862,
            49.007695
          ],
          [
            20.766426,
            49.007502
          ]
        ]
      }
    },
    {
      "type": "Feature",
      "properties": {
        "geometryRef": "studenec-beharovce",
        "_source": "OSM"
      },
      "geometry": {
        "type": "LineString",
        "coordinates": [
          [
            20.766426,
            49.007502
          ],
          [
            20.775145,
            49.006558
          ],
          [
            20.780239,
            49.006339
          ],
          [
            20.78436,
            49.006365
          ],
          [
            20.788657,
            49.006575
          ],
          [
            20.792891,
            49.006983
          ],
          [
            20.797234,
            49.007608
          ],
          [
            20.801626,
            49.008431
          ],
          [
            20.805399,
            49.008986
          ],
          [
            20.807627,
            49.009051
          ],
          [
            20.811863,
            49.008795
          ],
          [
            20.812307,
            49.00878
          ]
        ]
      }
    },
    {
      "type": "Feature",
      "properties": {
        "geometryRef": "beharovce-fricovce",
        "_source": "OSM"
      },
      "geometry": {
        "type": "LineString",
        "coordinates": [
          [
            20.812307,
            49.00878
          ],
          [
            20.816468,
            49.008817
          ],
          [
            20.820769,
            49.009174
          ],
          [
            20.82489,
            49.009527
          ],
          [
            20.825853,
            49.009563
          ],
          [
            20.830963,
            49.009357
          ],
          [
            20.834113,
            49.009176
          ],
          [
            20.836673,
            49.009203
          ],
          [
            20.838871,
            49.009474
          ],
          [
            20.842977,
            49.010271
          ],
          [
            20.844863,
            49.010606
          ],
          [
            20.848821,
            49.010994
          ],
          [
            20.85355,
            49.011018
          ],
          [
            20.85741,
            49.010694
          ],
          [
            20.861084,
            49.010078
          ],
          [
            20.865046,
            49.008996
          ],
          [
            20.871142,
            49.00674
          ],
          [
            20.879415,
            49.003611
          ],
          [
            20.885232,
            49.001442
          ],
          [
            20.890452,
            48.999496
          ],
          [
            20.894257,
            48.998315
          ],
          [
            20.898954,
            48.997292
          ],
          [
            20.900213,
            48.997068
          ],
          [
            20.905805,
            48.996332
          ],
          [
            20.906247,
            48.996286
          ],
          [
            20.911086,
            48.995965
          ],
          [
            20.912084,
            48.995933
          ],
          [
            20.916578,
            48.995972
          ],
          [
            20.917557,
            48.996027
          ],
          [
            20.920437,
            48.996382
          ],
          [
            20.9234,
            48.9971
          ],
          [
            20.925541,
            48.99789
          ],
          [
            20.928046,
            48.999192
          ],
          [
            20.930441,
            49.001027
          ],
          [
            20.937986,
            49.00804
          ],
          [
            20.940731,
            49.010604
          ],
          [
            20.942911,
            49.012601
          ],
          [
            20.944158,
            49.013462
          ],
          [
            20.945751,
            49.014205
          ],
          [
            20.94701,
            49.014615
          ],
          [
            20.949088,
            49.014966
          ],
          [
            20.953383,
            49.014991
          ],
          [
            20.95371,
            49.015
          ],
          [
            20.955547,
            49.015197
          ],
          [
            20.957851,
            49.015809
          ],
          [
            20.96144,
            49.017172
          ],
          [
            20.962039,
            49.017368
          ],
          [
            20.964803,
            49.017993
          ],
          [
            20.967081,
            49.018166
          ],
          [
            20.9712,
            49.018096
          ],
          [
            20.972207,
            49.018092
          ],
          [
            20.974202,
            49.018254
          ],
          [
            20.976653,
            49.01889
          ],
          [
            20.979997,
            49.020376
          ]
        ]
      }
    },
    {
      "type": "Feature",
      "properties": {
        "geometryRef": "fricovce-svinia",
        "_source": "OSM"
      },
      "geometry": {
        "type": "LineString",
        "coordinates": [
          [
            20.979997,
            49.020376
          ],
          [
            20.982179,
            49.021167
          ],
          [
            20.986076,
            49.022098
          ],
          [
            20.987306,
            49.022485
          ],
          [
            20.988715,
            49.02311
          ],
          [
            20.992065,
            49.025083
          ],
          [
            20.992518,
            49.025306
          ],
          [
            20.994164,
            49.025927
          ],
          [
            20.997021,
            49.02664
          ],
          [
            21.000778,
            49.026947
          ],
          [
            21.00532,
            49.026588
          ],
          [
            21.009279,
            49.02633
          ],
          [
            21.012361,
            49.026349
          ],
          [
            21.016856,
            49.026617
          ],
          [
            21.020228,
            49.026405
          ],
          [
            21.023132,
            49.02577
          ],
          [
            21.025341,
            49.024982
          ],
          [
            21.028675,
            49.023233
          ],
          [
            21.029739,
            49.022684
          ],
          [
            21.034054,
            49.020796
          ],
          [
            21.036186,
            49.01957
          ],
          [
            21.038416,
            49.017595
          ],
          [
            21.040523,
            49.014499
          ],
          [
            21.041281,
            49.013466
          ],
          [
            21.043281,
            49.011604
          ],
          [
            21.045614,
            49.010186
          ],
          [
            21.049793,
            49.008464
          ],
          [
            21.051385,
            49.00776
          ],
          [
            21.053266,
            49.006631
          ],
          [
            21.055683,
            49.004382
          ],
          [
            21.057517,
            49.001555
          ],
          [
            21.057764,
            49.001193
          ],
          [
            21.058919,
            48.999966
          ],
          [
            21.060804,
            48.998738
          ],
          [
            21.063133,
            48.997817
          ],
          [
            21.065642,
            48.997314
          ],
          [
            21.066949,
            48.997178
          ],
          [
            21.06878,
            48.997211
          ],
          [
            21.071291,
            48.997583
          ],
          [
            21.07543,
            48.998927
          ],
          [
            21.076302,
            48.999171
          ],
          [
            21.079967,
            48.999811
          ],
          [
            21.08423,
            49.000188
          ],
          [
            21.089341,
            49.000794
          ],
          [
            21.091587,
            49.000982
          ],
          [
            21.095433,
            49.001034
          ],
          [
            21.09978,
            49.000846
          ],
          [
            21.103103,
            49.000818
          ],
          [
            21.105555,
            49.001006
          ],
          [
            21.108667,
            49.001502
          ]
        ]
      }
    },
    {
      "type": "Feature",
      "properties": {
        "geometryRef": "svinia-presov-zapad",
        "_source": "OSM"
      },
      "geometry": {
        "type": "LineString",
        "coordinates": [
          [
            21.108667,
            49.001502
          ],
          [
            21.112222,
            49.002413
          ],
          [
            21.115927,
            49.003686
          ],
          [
            21.120041,
            49.005153
          ],
          [
            21.121017,
            49.005472
          ],
          [
            21.125082,
            49.006644
          ],
          [
            21.125949,
            49.006848
          ],
          [
            21.129148,
            49.00743
          ],
          [
            21.131436,
            49.007683
          ],
          [
            21.134277,
            49.007824
          ],
          [
            21.137132,
            49.007781
          ],
          [
            21.140629,
            49.007454
          ],
          [
            21.142927,
            49.007061
          ],
          [
            21.147162,
            49.006135
          ],
          [
            21.151946,
            49.005053
          ],
          [
            21.157545,
            49.003806
          ],
          [
            21.158469,
            49.003607
          ],
          [
            21.161744,
            49.003046
          ],
          [
            21.165931,
            49.002726
          ],
          [
            21.170971,
            49.002786
          ],
          [
            21.175213,
            49.002768
          ],
          [
            21.177691,
            49.002588
          ],
          [
            21.180513,
            49.00218
          ],
          [
            21.184385,
            49.001224
          ],
          [
            21.185254,
            49.000943
          ],
          [
            21.1896,
            48.999149
          ],
          [
            21.191798,
            48.998179
          ],
          [
            21.193735,
            48.997525
          ],
          [
            21.195714,
            48.997074
          ]
        ]
      }
    },
    {
      "type": "Feature",
      "properties": {
        "geometryRef": "presov-zapad-presov-juh",
        "_source": "OSM"
      },
      "geometry": {
        "type": "LineString",
        "coordinates": [
          [
            21.195714,
            48.997074
          ],
          [
            21.201081,
            48.996523
          ],
          [
            21.203582,
            48.996041
          ],
          [
            21.206195,
            48.99507
          ],
          [
            21.208117,
            48.993791
          ],
          [
            21.209202,
            48.992566
          ],
          [
            21.209811,
            48.991354
          ],
          [
            21.210061,
            48.988482
          ],
          [
            21.210155,
            48.987674
          ],
          [
            21.210863,
            48.985981
          ],
          [
            21.213008,
            48.983313
          ],
          [
            21.214571,
            48.980322
          ],
          [
            21.215658,
            48.978788
          ],
          [
            21.217601,
            48.976775
          ],
          [
            21.219594,
            48.975288
          ],
          [
            21.223548,
            48.973228
          ],
          [
            21.227767,
            48.971698
          ],
          [
            21.236151,
            48.968803
          ],
          [
            21.240158,
            48.967306
          ],
          [
            21.242777,
            48.965988
          ],
          [
            21.24474,
            48.9646
          ],
          [
            21.246218,
            48.963206
          ],
          [
            21.247667,
            48.961288
          ],
          [
            21.249977,
            48.957425
          ],
          [
            21.252135,
            48.953795
          ],
          [
            21.253637,
            48.951275
          ],
          [
            21.254797,
            48.949341
          ]
        ]
      }
    },
    {
      "type": "Feature",
      "properties": {
        "geometryRef": "presov-juh-budimir",
        "_source": "OSM"
      },
      "geometry": {
        "type": "LineString",
        "coordinates": [
          [
            21.254797,
            48.949341
          ],
          [
            21.257065,
            48.945422
          ],
          [
            21.258396,
            48.942306
          ],
          [
            21.258615,
            48.941631
          ],
          [
            21.259396,
            48.937981
          ],
          [
            21.259545,
            48.935073
          ],
          [
            21.259507,
            48.933936
          ],
          [
            21.259121,
            48.931243
          ],
          [
            21.259048,
            48.930889
          ],
          [
            21.258227,
            48.927985
          ],
          [
            21.253728,
            48.918652
          ],
          [
            21.252384,
            48.91554
          ],
          [
            21.251468,
            48.913115
          ],
          [
            21.250604,
            48.9104
          ],
          [
            21.249976,
            48.908063
          ],
          [
            21.249347,
            48.905102
          ],
          [
            21.24891,
            48.90227
          ],
          [
            21.248595,
            48.898872
          ],
          [
            21.248526,
            48.896893
          ],
          [
            21.248644,
            48.892392
          ],
          [
            21.24878,
            48.890877
          ],
          [
            21.249319,
            48.887005
          ],
          [
            21.249826,
            48.884505
          ],
          [
            21.250883,
            48.880616
          ],
          [
            21.25138,
            48.879094
          ],
          [
            21.252483,
            48.876158
          ],
          [
            21.253911,
            48.872981
          ],
          [
            21.255878,
            48.869593
          ],
          [
            21.258186,
            48.866421
          ],
          [
            21.259109,
            48.865353
          ],
          [
            21.261501,
            48.862875
          ],
          [
            21.263262,
            48.861274
          ],
          [
            21.266116,
            48.859017
          ],
          [
            21.269317,
            48.856868
          ],
          [
            21.271276,
            48.855687
          ],
          [
            21.274328,
            48.854063
          ],
          [
            21.285423,
            48.848814
          ],
          [
            21.289497,
            48.846822
          ],
          [
            21.29414,
            48.844176
          ],
          [
            21.296961,
            48.842184
          ],
          [
            21.298495,
            48.840982
          ],
          [
            21.300779,
            48.838957
          ],
          [
            21.3031,
            48.836537
          ],
          [
            21.30509,
            48.834033
          ],
          [
            21.306722,
            48.831509
          ],
          [
            21.30713,
            48.830797
          ],
          [
            21.308287,
            48.828328
          ],
          [
            21.30919,
            48.825933
          ],
          [
            21.309859,
            48.82325
          ],
          [
            21.310265,
            48.819308
          ],
          [
            21.310226,
            48.817274
          ],
          [
            21.309772,
            48.81382
          ],
          [
            21.30924,
            48.810473
          ],
          [
            21.309141,
            48.807035
          ],
          [
            21.309695,
            48.803834
          ],
          [
            21.311743,
            48.797167
          ],
          [
            21.312582,
            48.794278
          ],
          [
            21.31291,
            48.792094
          ],
          [
            21.312881,
            48.790365
          ]
        ]
      }
    },
    {
      "type": "Feature",
      "properties": {
        "geometryRef": "budimir-bidovce",
        "_source": "OSM"
      },
      "geometry": {
        "type": "LineString",
        "coordinates": [
          [
            21.312881,
            48.790365
          ],
          [
            21.312145,
            48.785537
          ],
          [
            21.312394,
            48.783764
          ],
          [
            21.313096,
            48.782046
          ],
          [
            21.313883,
            48.780863
          ],
          [
            21.315106,
            48.779548
          ],
          [
            21.31816,
            48.777293
          ],
          [
            21.321047,
            48.775018
          ],
          [
            21.322593,
            48.773344
          ],
          [
            21.323648,
            48.771851
          ],
          [
            21.324891,
            48.769182
          ],
          [
            21.325532,
            48.766397
          ],
          [
            21.326315,
            48.763324
          ],
          [
            21.326605,
            48.762486
          ],
          [
            21.327926,
            48.759537
          ],
          [
            21.329493,
            48.756653
          ],
          [
            21.330358,
            48.754628
          ],
          [
            21.331113,
            48.751656
          ],
          [
            21.331474,
            48.750163
          ],
          [
            21.331969,
            48.748904
          ],
          [
            21.332829,
            48.747462
          ],
          [
            21.334203,
            48.745868
          ],
          [
            21.335912,
            48.744455
          ],
          [
            21.337958,
            48.743201
          ],
          [
            21.340419,
            48.74215
          ],
          [
            21.34297,
            48.7414
          ],
          [
            21.345781,
            48.740906
          ],
          [
            21.347985,
            48.740743
          ],
          [
            21.350441,
            48.740772
          ],
          [
            21.35302,
            48.741029
          ],
          [
            21.357523,
            48.742048
          ],
          [
            21.358814,
            48.742311
          ],
          [
            21.361966,
            48.742639
          ],
          [
            21.367232,
            48.742457
          ],
          [
            21.371648,
            48.742397
          ],
          [
            21.372263,
            48.742374
          ],
          [
            21.375551,
            48.741986
          ],
          [
            21.378119,
            48.741336
          ],
          [
            21.380211,
            48.740535
          ],
          [
            21.383734,
            48.738775
          ],
          [
            21.387345,
            48.737181
          ],
          [
            21.390861,
            48.734858
          ],
          [
            21.3923,
            48.734023
          ],
          [
            21.395686,
            48.73273
          ],
          [
            21.397717,
            48.732239
          ],
          [
            21.401782,
            48.731628
          ],
          [
            21.403787,
            48.731201
          ],
          [
            21.408161,
            48.729614
          ],
          [
            21.409795,
            48.729023
          ],
          [
            21.412785,
            48.728308
          ],
          [
            21.415438,
            48.728009
          ],
          [
            21.419719,
            48.727985
          ],
          [
            21.422374,
            48.727878
          ],
          [
            21.425923,
            48.727367
          ],
          [
            21.429218,
            48.726467
          ],
          [
            21.433119,
            48.724914
          ],
          [
            21.434088,
            48.724547
          ]
        ]
      }
    },
    {
      "type": "Feature",
      "properties": {
        "geometryRef": "bidovce-michalovce",
        "_source": "OSM"
      },
      "geometry": {
        "type": "LineString",
        "coordinates": [
          [
            21.434088,
            48.724547
          ],
          [
            21.436086,
            48.724004
          ],
          [
            21.438199,
            48.723653
          ],
          [
            21.440412,
            48.723441
          ],
          [
            21.443369,
            48.72338
          ],
          [
            21.448118,
            48.724103
          ],
          [
            21.451162,
            48.724523
          ],
          [
            21.454423,
            48.724566
          ],
          [
            21.460296,
            48.724298
          ],
          [
            21.463576,
            48.724536
          ],
          [
            21.466699,
            48.725114
          ],
          [
            21.4698,
            48.726079
          ],
          [
            21.472721,
            48.72749
          ],
          [
            21.477162,
            48.730159
          ],
          [
            21.479691,
            48.731078
          ],
          [
            21.481425,
            48.731524
          ],
          [
            21.484716,
            48.732019
          ],
          [
            21.487432,
            48.732068
          ],
          [
            21.492123,
            48.731504
          ],
          [
            21.49427,
            48.731233
          ],
          [
            21.496519,
            48.731096
          ],
          [
            21.501022,
            48.731341
          ],
          [
            21.505169,
            48.732207
          ],
          [
            21.509366,
            48.733957
          ],
          [
            21.513448,
            48.736104
          ],
          [
            21.515032,
            48.736789
          ],
          [
            21.51754,
            48.737566
          ],
          [
            21.522645,
            48.738489
          ],
          [
            21.527529,
            48.73849
          ],
          [
            21.531629,
            48.737879
          ],
          [
            21.534945,
            48.736935
          ],
          [
            21.540931,
            48.734362
          ],
          [
            21.544262,
            48.733447
          ],
          [
            21.547993,
            48.732913
          ],
          [
            21.551835,
            48.732748
          ],
          [
            21.556075,
            48.733297
          ],
          [
            21.558177,
            48.733752
          ],
          [
            21.560116,
            48.734325
          ],
          [
            21.56737,
            48.73733
          ],
          [
            21.571459,
            48.738331
          ],
          [
            21.573504,
            48.738576
          ],
          [
            21.576735,
            48.738711
          ],
          [
            21.579679,
            48.738532
          ],
          [
            21.581954,
            48.738214
          ],
          [
            21.584095,
            48.737716
          ],
          [
            21.586154,
            48.73704
          ],
          [
            21.592063,
            48.734558
          ],
          [
            21.59633,
            48.733107
          ],
          [
            21.600113,
            48.732144
          ],
          [
            21.602818,
            48.731597
          ],
          [
            21.607448,
            48.730987
          ],
          [
            21.612179,
            48.730657
          ],
          [
            21.615426,
            48.730614
          ],
          [
            21.622441,
            48.73113
          ],
          [
            21.626696,
            48.731789
          ],
          [
            21.629031,
            48.732312
          ],
          [
            21.632897,
            48.733368
          ],
          [
            21.636587,
            48.734609
          ],
          [
            21.642841,
            48.736605
          ],
          [
            21.64947,
            48.738304
          ],
          [
            21.651841,
            48.738798
          ],
          [
            21.656604,
            48.739655
          ],
          [
            21.661988,
            48.740365
          ],
          [
            21.66936,
            48.740924
          ],
          [
            21.675947,
            48.741092
          ],
          [
            21.682129,
            48.740941
          ],
          [
            21.688438,
            48.740457
          ],
          [
            21.694609,
            48.739646
          ],
          [
            21.697565,
            48.739153
          ],
          [
            21.706704,
            48.737265
          ],
          [
            21.708769,
            48.736906
          ],
          [
            21.712383,
            48.736362
          ],
          [
            21.716762,
            48.735916
          ],
          [
            21.719473,
            48.735749
          ],
          [
            21.726858,
            48.735586
          ],
          [
            21.731537,
            48.735762
          ],
          [
            21.73634,
            48.736192
          ],
          [
            21.740077,
            48.736676
          ],
          [
            21.743769,
            48.737265
          ],
          [
            21.749709,
            48.73852
          ],
          [
            21.754619,
            48.739935
          ],
          [
            21.757045,
            48.740716
          ],
          [
            21.760794,
            48.742102
          ],
          [
            21.763746,
            48.743347
          ],
          [
            21.768984,
            48.745882
          ],
          [
            21.772468,
            48.747604
          ],
          [
            21.775862,
            48.749023
          ],
          [
            21.78034,
            48.750593
          ],
          [
            21.786928,
            48.752376
          ],
          [
            21.78992,
            48.753198
          ],
          [
            21.793977,
            48.754581
          ],
          [
            21.795624,
            48.755216
          ],
          [
            21.79905,
            48.75674
          ],
          [
            21.800602,
            48.757508
          ],
          [
            21.805174,
            48.760141
          ],
          [
            21.808678,
            48.762564
          ],
          [
            21.812027,
            48.765421
          ],
          [
            21.814346,
            48.76737
          ],
          [
            21.817786,
            48.769682
          ],
          [
            21.821573,
            48.771715
          ],
          [
            21.822996,
            48.772354
          ],
          [
            21.827948,
            48.774178
          ],
          [
            21.833006,
            48.775485
          ],
          [
            21.838655,
            48.776349
          ],
          [
            21.842182,
            48.776624
          ],
          [
            21.850195,
            48.776841
          ],
          [
            21.852596,
            48.777008
          ],
          [
            21.856985,
            48.777597
          ],
          [
            21.859759,
            48.778123
          ],
          [
            21.862458,
            48.778736
          ],
          [
            21.867455,
            48.780347
          ],
          [
            21.8713,
            48.781958
          ],
          [
            21.873282,
            48.782805
          ],
          [
            21.878419,
            48.7846
          ],
          [
            21.882263,
            48.785589
          ],
          [
            21.888692,
            48.786929
          ],
          [
            21.890985,
            48.787371
          ],
          [
            21.895811,
            48.787867
          ],
          [
            21.900238,
            48.788051
          ],
          [
            21.904894,
            48.788022
          ],
          [
            21.909821,
            48.787696
          ],
          [
            21.911684,
            48.787492
          ],
          [
            21.917238,
            48.78662
          ],
          [
            21.919062,
            48.786244
          ],
          [
            21.923787,
            48.785005
          ],
          [
            21.926705,
            48.78412
          ],
          [
            21.929194,
            48.783222
          ],
          [
            21.933977,
            48.781139
          ],
          [
            21.937745,
            48.779065
          ],
          [
            21.939055,
            48.778262
          ],
          [
            21.941875,
            48.776336
          ],
          [
            21.944533,
            48.774165
          ],
          [
            21.945634,
            48.773225
          ],
          [
            21.948683,
            48.769993
          ],
          [
            21.949699,
            48.768692
          ]
        ]
      }
    },
    {
      "type": "Feature",
      "properties": {
        "geometryRef": "michalovce-sobrance",
        "_source": "OSM"
      },
      "geometry": {
        "type": "LineString",
        "coordinates": [
          [
            21.949699,
            48.768692
          ],
          [
            21.953921,
            48.762599
          ],
          [
            21.956545,
            48.7595
          ],
          [
            21.959871,
            48.75628
          ],
          [
            21.961452,
            48.754942
          ],
          [
            21.96427,
            48.752876
          ],
          [
            21.967174,
            48.751007
          ],
          [
            21.970218,
            48.749262
          ],
          [
            21.973552,
            48.747615
          ],
          [
            21.977329,
            48.745988
          ],
          [
            21.979454,
            48.745195
          ],
          [
            21.984608,
            48.743531
          ],
          [
            21.987355,
            48.742815
          ],
          [
            21.993567,
            48.741535
          ],
          [
            21.996769,
            48.741057
          ],
          [
            22.003444,
            48.740425
          ],
          [
            22.006969,
            48.740302
          ],
          [
            22.014821,
            48.740498
          ],
          [
            22.020475,
            48.741036
          ],
          [
            22.022505,
            48.741347
          ],
          [
            22.026513,
            48.74205
          ],
          [
            22.029842,
            48.742782
          ],
          [
            22.035281,
            48.744276
          ],
          [
            22.037094,
            48.744871
          ],
          [
            22.041321,
            48.746519
          ],
          [
            22.043778,
            48.747552
          ],
          [
            22.049625,
            48.750367
          ],
          [
            22.053316,
            48.751885
          ],
          [
            22.055107,
            48.75256
          ],
          [
            22.059099,
            48.753784
          ],
          [
            22.060472,
            48.754159
          ],
          [
            22.064527,
            48.755082
          ],
          [
            22.068824,
            48.755814
          ],
          [
            22.070906,
            48.756083
          ],
          [
            22.077337,
            48.756561
          ],
          [
            22.081093,
            48.756592
          ],
          [
            22.086865,
            48.756323
          ],
          [
            22.092652,
            48.755615
          ],
          [
            22.098382,
            48.754516
          ],
          [
            22.10396,
            48.752968
          ],
          [
            22.107679,
            48.751619
          ],
          [
            22.111402,
            48.750049
          ],
          [
            22.114695,
            48.748379
          ],
          [
            22.115672,
            48.747842
          ],
          [
            22.119834,
            48.745168
          ],
          [
            22.122753,
            48.74289
          ],
          [
            22.126088,
            48.74038
          ]
        ]
      }
    },
    {
      "type": "Feature",
      "properties": {
        "geometryRef": "sobrance-statna-hranica",
        "_source": "OSM"
      },
      "geometry": {
        "type": "LineString",
        "coordinates": [
          [
            22.126088,
            48.74038
          ],
          [
            22.129587,
            48.738022
          ],
          [
            22.134399,
            48.735326
          ],
          [
            22.13696,
            48.734044
          ],
          [
            22.141733,
            48.732047
          ],
          [
            22.146732,
            48.730323
          ],
          [
            22.152766,
            48.728611
          ],
          [
            22.15892,
            48.727379
          ],
          [
            22.163533,
            48.726508
          ],
          [
            22.166918,
            48.725723
          ],
          [
            22.172331,
            48.72413
          ],
          [
            22.173682,
            48.723691
          ],
          [
            22.177829,
            48.722187
          ],
          [
            22.180002,
            48.721278
          ],
          [
            22.185299,
            48.71872
          ],
          [
            22.18969,
            48.716146
          ],
          [
            22.193306,
            48.713619
          ],
          [
            22.196181,
            48.711382
          ],
          [
            22.19793,
            48.709817
          ],
          [
            22.201234,
            48.706324
          ],
          [
            22.204147,
            48.702741
          ],
          [
            22.205912,
            48.700011
          ],
          [
            22.208003,
            48.695866
          ],
          [
            22.209109,
            48.692788
          ],
          [
            22.209678,
            48.690599
          ],
          [
            22.210202,
            48.687639
          ],
          [
            22.210547,
            48.686038
          ],
          [
            22.21125,
            48.683633
          ],
          [
            22.212206,
            48.681314
          ],
          [
            22.213669,
            48.678664
          ],
          [
            22.216356,
            48.675016
          ],
          [
            22.218132,
            48.673089
          ],
          [
            22.22107,
            48.670436
          ],
          [
            22.224145,
            48.668217
          ],
          [
            22.225981,
            48.667018
          ],
          [
            22.229649,
            48.665034
          ],
          [
            22.237711,
            48.661682
          ],
          [
            22.240319,
            48.660469
          ],
          [
            22.243889,
            48.658407
          ],
          [
            22.247222,
            48.656396
          ],
          [
            22.249685,
            48.655392
          ],
          [
            22.254407,
            48.654126
          ],
          [
            22.257829,
            48.653736
          ],
          [
            22.2613,
            48.653757
          ],
          [
            22.264976,
            48.654072
          ]
        ]
      }
    },
    {
      "type": "Feature",
      "properties": {
        "geometryRef": "privadzac-lietavska-lucka-zilina-i-etapa",
        "_source": "OSM"
      },
      "geometry": {
        "type": "LineString",
        "coordinates": [
          [
            18.730066,
            49.171599
          ],
          [
            18.729641,
            49.171251
          ],
          [
            18.727217,
            49.170318
          ],
          [
            18.725968,
            49.169592
          ],
          [
            18.725305,
            49.168665
          ],
          [
            18.725141,
            49.167673
          ],
          [
            18.726987,
            49.161242
          ],
          [
            18.728815,
            49.158273
          ],
          [
            18.729274,
            49.15701
          ],
          [
            18.730247,
            49.14864
          ],
          [
            18.730106,
            49.147391
          ],
          [
            18.729338,
            49.146457
          ],
          [
            18.726886,
            49.144772
          ],
          [
            18.723087,
            49.143527
          ],
          [
            18.721011,
            49.142771
          ]
        ]
      }
    }
  ]
}
